STATE CD,STATE,Month,No. of Tax Payers eligible to File,No. Tax Payers filed by Due Date,No. of Tax Payers filed after due date,Total Returns Filed,Filing %age as on 30th Apr 2025
1,Jammu and Kashmir,2017-07-01T00:00:00Z,52455,38766,7339,46105,0.878943857
2,Himachal Pradesh,2017-07-01T00:00:00Z,53013,41795,6889,48684,0.918340784
3,Punjab,2017-07-01T00:00:00Z,220786,184145,22946,207091,0.937971611
4,Chandigarh,2017-07-01T00:00:00Z,20632,16980,3065,20045,0.97154905
5,Uttarakhand,2017-07-01T00:00:00Z,85370,59399,16154,75553,0.885006443
6,Haryana,2017-07-01T00:00:00Z,260418,210196,39492,249688,0.958797011
7,Delhi,2017-07-01T00:00:00Z,442968,372983,60293,433276,0.978120316
8,Rajasthan,2017-07-01T00:00:00Z,399525,308273,69251,377524,0.944932107
9,Uttar Pradesh,2017-07-01T00:00:00Z,738006,554678,125609,680287,0.921790609
10,Bihar,2017-07-01T00:00:00Z,187455,128425,34988,163413,0.871745219
11,Sikkim,2017-07-01T00:00:00Z,3154,2521,364,2885,0.914711477
12,Arunachal Pradesh,2017-07-01T00:00:00Z,4103,2743,694,3437,0.837679747
13,Nagaland,2017-07-01T00:00:00Z,3917,2301,831,3132,0.799591524
14,Manipur,2017-07-01T00:00:00Z,4283,2860,617,3477,0.811814149
15,Mizoram,2017-07-01T00:00:00Z,2451,1720,332,2052,0.837209302
16,Tripura,2017-07-01T00:00:00Z,13528,10411,1755,12166,0.899319929
17,Meghalaya,2017-07-01T00:00:00Z,11989,7830,2065,9895,0.825339895
18,Assam,2017-07-01T00:00:00Z,97283,58279,19604,77883,0.800581808
19,West Bengal,2017-07-01T00:00:00Z,347020,283210,27852,311062,0.896380612
20,Jharkhand,2017-07-01T00:00:00Z,82880,64366,11652,76018,0.917205598
21,Odisha,2017-07-01T00:00:00Z,139875,96806,25915,122721,0.87736193
22,Chhattisgarh,2017-07-01T00:00:00Z,83399,56262,16316,72578,0.870250243
23,Madhya Pradesh,2017-07-01T00:00:00Z,257308,197192,43591,240783,0.935777356
24,Gujarat,2017-07-01T00:00:00Z,564539,471922,68506,540428,0.957290816
25,Daman and Diu,2017-07-01T00:00:00Z,4349,3701,498,4199,0.965509312
26,Dadra and Nagar Haveli,2017-07-01T00:00:00Z,5291,4544,517,5061,0.956529957
27,Maharashtra,2017-07-01T00:00:00Z,914892,719136,144958,864094,0.944476507
29,Karnataka,2017-07-01T00:00:00Z,503407,384319,76230,460549,0.914864116
30,Goa,2017-07-01T00:00:00Z,22196,18039,2465,20504,0.923770049
31,Lakshadweep,2017-07-01T00:00:00Z,90,44,21,65,0.722222222
32,Kerala,2017-07-01T00:00:00Z,215930,179651,27735,207386,0.960431621
33,Tamil Nadu,2017-07-01T00:00:00Z,624866,493847,75077,568924,0.910473606
34,Puducherry,2017-07-01T00:00:00Z,14080,10983,2026,13009,0.923934659
35,Andaman and Nicobar Islands,2017-07-01T00:00:00Z,2489,1384,522,1906,0.765769385
36,Telangana,2017-07-01T00:00:00Z,201614,154366,24850,179216,0.888906524
37,Andhra Pradesh,2017-07-01T00:00:00Z,198028,149926,26659,176585,0.891717333
38,Ladakh,2017-07-01T00:00:00Z,,,,0,
97,Other Territory,2017-07-01T00:00:00Z,,,,0,
1,Jammu and Kashmir,2017-08-01T00:00:00Z,23864,17338,2287,19625,0.822368421
2,Himachal Pradesh,2017-08-01T00:00:00Z,22018,15849,1615,17464,0.793169225
3,Punjab,2017-08-01T00:00:00Z,86189,70068,2392,72460,0.840710532
4,Chandigarh,2017-08-01T00:00:00Z,9277,7966,358,8324,0.897272825
5,Uttarakhand,2017-08-01T00:00:00Z,34516,23113,2889,26002,0.753331788
6,Haryana,2017-08-01T00:00:00Z,106224,90425,3509,93934,0.8843011
7,Delhi,2017-08-01T00:00:00Z,156654,131398,7977,139375,0.889699593
8,Rajasthan,2017-08-01T00:00:00Z,126607,96765,5686,102451,0.809204862
9,Uttar Pradesh,2017-08-01T00:00:00Z,278909,200539,20002,220541,0.790727442
10,Bihar,2017-08-01T00:00:00Z,84976,49200,10610,59810,0.703845792
11,Sikkim,2017-08-01T00:00:00Z,1843,1343,220,1563,0.848073793
12,Arunachal Pradesh,2017-08-01T00:00:00Z,2893,1654,431,2085,0.72070515
13,Nagaland,2017-08-01T00:00:00Z,3140,1564,669,2233,0.711146497
14,Manipur,2017-08-01T00:00:00Z,3367,1942,445,2387,0.708939709
15,Mizoram,2017-08-01T00:00:00Z,1965,1232,297,1529,0.778117048
16,Tripura,2017-08-01T00:00:00Z,6493,4496,718,5214,0.803018635
17,Meghalaya,2017-08-01T00:00:00Z,7595,4171,1312,5483,0.721922317
18,Assam,2017-08-01T00:00:00Z,56748,29892,7035,36927,0.650718968
19,West Bengal,2017-08-01T00:00:00Z,162480,117667,11978,129645,0.797913589
20,Jharkhand,2017-08-01T00:00:00Z,43355,32023,3839,35862,0.82717103
21,Odisha,2017-08-01T00:00:00Z,57678,36623,6640,43263,0.750078019
22,Chhattisgarh,2017-08-01T00:00:00Z,37862,25395,3831,29226,0.77190851
23,Madhya Pradesh,2017-08-01T00:00:00Z,94897,73169,7070,80239,0.845537794
24,Gujarat,2017-08-01T00:00:00Z,224696,196120,8406,204526,0.910234272
25,Daman and Diu,2017-08-01T00:00:00Z,2512,2230,110,2340,0.931528662
26,Dadra and Nagar Haveli,2017-08-01T00:00:00Z,3208,2837,100,2937,0.915523691
27,Maharashtra,2017-08-01T00:00:00Z,336894,274069,22921,296990,0.881553248
29,Karnataka,2017-08-01T00:00:00Z,312358,244243,32366,276609,0.885551194
30,Goa,2017-08-01T00:00:00Z,10774,8605,971,9576,0.888806386
31,Lakshadweep,2017-08-01T00:00:00Z,152,51,18,69,0.453947368
32,Kerala,2017-08-01T00:00:00Z,127093,107843,11696,119539,0.94056321
33,Tamil Nadu,2017-08-01T00:00:00Z,436886,345177,35417,380594,0.871151742
34,Puducherry,2017-08-01T00:00:00Z,9277,7407,1015,8422,0.907836585
35,Andaman and Nicobar Islands,2017-08-01T00:00:00Z,2208,1088,395,1483,0.671648551
36,Telangana,2017-08-01T00:00:00Z,142285,105888,13753,119641,0.840854623
37,Andhra Pradesh,2017-08-01T00:00:00Z,129603,100118,10363,110481,0.852457119
38,Ladakh,2017-08-01T00:00:00Z,,,,0,
97,Other Territory,2017-08-01T00:00:00Z,20,18,1,19,0.95
1,Jammu and Kashmir,2017-09-01T00:00:00Z,62528,44930,10914,55844,0.893103889
2,Himachal Pradesh,2017-09-01T00:00:00Z,61691,46919,9532,56451,0.915060544
3,Punjab,2017-09-01T00:00:00Z,247374,208887,26167,235054,0.950196868
4,Chandigarh,2017-09-01T00:00:00Z,23418,18942,3416,22358,0.954735673
5,Uttarakhand,2017-09-01T00:00:00Z,100078,66450,21037,87487,0.874188133
6,Haryana,2017-09-01T00:00:00Z,302837,237446,49153,286599,0.946380396
7,Delhi,2017-09-01T00:00:00Z,521051,425161,73159,498320,0.956374712
8,Rajasthan,2017-09-01T00:00:00Z,435929,333154,77923,411077,0.942990716
9,Uttar Pradesh,2017-09-01T00:00:00Z,887856,632208,168490,800698,0.90183318
10,Bihar,2017-09-01T00:00:00Z,222312,140800,49100,189900,0.854204901
11,Sikkim,2017-09-01T00:00:00Z,3804,2770,651,3421,0.899316509
12,Arunachal Pradesh,2017-09-01T00:00:00Z,6068,3443,1311,4754,0.783454186
13,Nagaland,2017-09-01T00:00:00Z,4915,2592,1212,3804,0.773957274
14,Manipur,2017-09-01T00:00:00Z,6564,3787,1155,4942,0.752894576
15,Mizoram,2017-09-01T00:00:00Z,3300,2101,550,2651,0.803333333
16,Tripura,2017-09-01T00:00:00Z,16398,11658,2823,14481,0.883095499
17,Meghalaya,2017-09-01T00:00:00Z,14696,8521,3208,11729,0.798108329
18,Assam,2017-09-01T00:00:00Z,114311,64329,26299,90628,0.792819589
19,West Bengal,2017-09-01T00:00:00Z,416031,334128,50570,384698,0.924685901
20,Jharkhand,2017-09-01T00:00:00Z,100685,73455,17289,90744,0.901266326
21,Odisha,2017-09-01T00:00:00Z,162133,104518,34737,139255,0.858893624
22,Chhattisgarh,2017-09-01T00:00:00Z,93983,60376,20812,81188,0.863858357
23,Madhya Pradesh,2017-09-01T00:00:00Z,290350,212157,53488,265645,0.914913036
24,Gujarat,2017-09-01T00:00:00Z,682019,561269,94706,655975,0.961813381
25,Daman and Diu,2017-09-01T00:00:00Z,5056,4154,661,4815,0.952333861
26,Dadra and Nagar Haveli,2017-09-01T00:00:00Z,6403,5319,739,6058,0.946119007
27,Maharashtra,2017-09-01T00:00:00Z,1060520,813583,190345,1003928,0.946637499
29,Karnataka,2017-09-01T00:00:00Z,553919,400740,93892,494632,0.892968105
30,Goa,2017-09-01T00:00:00Z,25339,20038,3463,23501,0.927463594
31,Lakshadweep,2017-09-01T00:00:00Z,258,96,61,157,0.608527132
32,Kerala,2017-09-01T00:00:00Z,233233,187432,34991,222423,0.953651499
33,Tamil Nadu,2017-09-01T00:00:00Z,700632,523129,101264,624393,0.891185387
34,Puducherry,2017-09-01T00:00:00Z,15568,11649,2593,14242,0.914825283
35,Andaman and Nicobar Islands,2017-09-01T00:00:00Z,3908,1809,1031,2840,0.726714432
36,Telangana,2017-09-01T00:00:00Z,234895,168714,34952,203666,0.867051236
37,Andhra Pradesh,2017-09-01T00:00:00Z,216950,158358,33664,192022,0.885097949
38,Ladakh,2017-09-01T00:00:00Z,,,,0,
97,Other Territory,2017-09-01T00:00:00Z,25,22,1,23,0.92
1,Jammu and Kashmir,2017-10-01T00:00:00Z,25413,18405,2800,21205,0.834415457
2,Himachal Pradesh,2017-10-01T00:00:00Z,21474,16263,1736,17999,0.838176399
3,Punjab,2017-10-01T00:00:00Z,84164,72581,2721,75302,0.894705575
4,Chandigarh,2017-10-01T00:00:00Z,9465,8211,406,8617,0.910406762
5,Uttarakhand,2017-10-01T00:00:00Z,34094,23403,3411,26814,0.786472693
6,Haryana,2017-10-01T00:00:00Z,109560,93762,4336,98098,0.895381526
7,Delhi,2017-10-01T00:00:00Z,164695,136316,9273,145589,0.883991621
8,Rajasthan,2017-10-01T00:00:00Z,119115,98715,6356,105071,0.882097133
9,Uttar Pradesh,2017-10-01T00:00:00Z,272330,205339,22959,228298,0.83831381
10,Bihar,2017-10-01T00:00:00Z,80757,49283,11732,61015,0.75553822
11,Sikkim,2017-10-01T00:00:00Z,1925,1407,280,1687,0.876363636
12,Arunachal Pradesh,2017-10-01T00:00:00Z,3316,1828,576,2404,0.724969843
13,Nagaland,2017-10-01T00:00:00Z,3199,1597,776,2373,0.741794311
14,Manipur,2017-10-01T00:00:00Z,4160,2153,605,2758,0.662980769
15,Mizoram,2017-10-01T00:00:00Z,2275,1364,359,1723,0.757362637
16,Tripura,2017-10-01T00:00:00Z,6743,4621,837,5458,0.809432004
17,Meghalaya,2017-10-01T00:00:00Z,8161,4409,1593,6002,0.735449087
18,Assam,2017-10-01T00:00:00Z,54732,30510,7798,38308,0.699919608
19,West Bengal,2017-10-01T00:00:00Z,158774,121883,14597,136480,0.859586582
20,Jharkhand,2017-10-01T00:00:00Z,44777,33711,4514,38225,0.853674878
21,Odisha,2017-10-01T00:00:00Z,59901,37458,7637,45095,0.752825495
22,Chhattisgarh,2017-10-01T00:00:00Z,36736,25596,4407,30003,0.816719294
23,Madhya Pradesh,2017-10-01T00:00:00Z,95518,73937,8288,82225,0.860832513
24,Gujarat,2017-10-01T00:00:00Z,225967,202803,9769,212572,0.940721433
25,Daman and Diu,2017-10-01T00:00:00Z,2614,2318,119,2437,0.932287682
26,Dadra and Nagar Haveli,2017-10-01T00:00:00Z,3324,2943,113,3056,0.919374248
27,Maharashtra,2017-10-01T00:00:00Z,338572,281860,26553,308413,0.910922935
29,Karnataka,2017-10-01T00:00:00Z,318679,248455,35517,283972,0.891091035
30,Goa,2017-10-01T00:00:00Z,11292,8877,1125,10002,0.88575983
31,Lakshadweep,2017-10-01T00:00:00Z,176,64,23,87,0.494318182
32,Kerala,2017-10-01T00:00:00Z,127401,108168,13226,121394,0.952849664
33,Tamil Nadu,2017-10-01T00:00:00Z,444591,351203,39418,390621,0.878607529
34,Puducherry,2017-10-01T00:00:00Z,9544,7581,1104,8685,0.909995809
35,Andaman and Nicobar Islands,2017-10-01T00:00:00Z,2368,1130,480,1610,0.679898649
36,Telangana,2017-10-01T00:00:00Z,144948,108893,15644,124537,0.859183983
37,Andhra Pradesh,2017-10-01T00:00:00Z,129192,102060,11713,113773,0.880650505
38,Ladakh,2017-10-01T00:00:00Z,,,,0,
97,Other Territory,2017-10-01T00:00:00Z,29,26,1,27,0.931034483
1,Jammu and Kashmir,2017-11-01T00:00:00Z,26079,18699,3094,21793,0.835653208
2,Himachal Pradesh,2017-11-01T00:00:00Z,21456,16321,1973,18294,0.852628635
3,Punjab,2017-11-01T00:00:00Z,84375,73023,3194,76217,0.903312593
4,Chandigarh,2017-11-01T00:00:00Z,9528,8279,447,8726,0.915827036
5,Uttarakhand,2017-11-01T00:00:00Z,34556,23613,3908,27521,0.796417409
6,Haryana,2017-11-01T00:00:00Z,111025,94759,4929,99688,0.897887863
7,Delhi,2017-11-01T00:00:00Z,167887,137732,10207,147939,0.881181986
8,Rajasthan,2017-11-01T00:00:00Z,119566,99286,7864,107150,0.896157771
9,Uttar Pradesh,2017-11-01T00:00:00Z,275780,207820,28117,235937,0.855526144
10,Bihar,2017-11-01T00:00:00Z,83269,49940,13385,63325,0.760487096
11,Sikkim,2017-11-01T00:00:00Z,1983,1445,307,1752,0.883509834
12,Arunachal Pradesh,2017-11-01T00:00:00Z,3452,1898,663,2561,0.74188876
13,Nagaland,2017-11-01T00:00:00Z,3272,1576,846,2422,0.740220049
14,Manipur,2017-11-01T00:00:00Z,4393,2234,681,2915,0.663555657
15,Mizoram,2017-11-01T00:00:00Z,2370,1399,373,1772,0.747679325
16,Tripura,2017-11-01T00:00:00Z,6966,4679,1011,5690,0.816824577
17,Meghalaya,2017-11-01T00:00:00Z,8403,4517,1717,6234,0.741877901
18,Assam,2017-11-01T00:00:00Z,55786,30609,8858,39467,0.707471409
19,West Bengal,2017-11-01T00:00:00Z,161708,123286,16763,140049,0.866061048
20,Jharkhand,2017-11-01T00:00:00Z,45978,34322,5107,39429,0.857562312
21,Odisha,2017-11-01T00:00:00Z,61437,37903,8512,46415,0.755489363
22,Chhattisgarh,2017-11-01T00:00:00Z,37342,25655,5019,30674,0.82143431
23,Madhya Pradesh,2017-11-01T00:00:00Z,97097,74302,9325,83627,0.861272748
24,Gujarat,2017-11-01T00:00:00Z,228262,204605,11670,216275,0.947485784
25,Daman and Diu,2017-11-01T00:00:00Z,2634,2329,143,2472,0.938496583
26,Dadra and Nagar Haveli,2017-11-01T00:00:00Z,3388,2978,136,3114,0.919126328
27,Maharashtra,2017-11-01T00:00:00Z,341709,283207,30114,313321,0.916923464
29,Karnataka,2017-11-01T00:00:00Z,324721,250616,38871,289487,0.891494545
30,Goa,2017-11-01T00:00:00Z,11570,8962,1308,10270,0.887640449
31,Lakshadweep,2017-11-01T00:00:00Z,179,64,24,88,0.491620112
32,Kerala,2017-11-01T00:00:00Z,129531,108962,14708,123670,0.954752144
33,Tamil Nadu,2017-11-01T00:00:00Z,452148,354149,43151,397300,0.878694587
34,Puducherry,2017-11-01T00:00:00Z,9607,7627,1178,8805,0.916519205
35,Andaman and Nicobar Islands,2017-11-01T00:00:00Z,2430,1130,533,1663,0.68436214
36,Telangana,2017-11-01T00:00:00Z,148881,110096,17538,127634,0.857288707
37,Andhra Pradesh,2017-11-01T00:00:00Z,132744,103504,13140,116644,0.878713916
38,Ladakh,2017-11-01T00:00:00Z,,,,0,
97,Other Territory,2017-11-01T00:00:00Z,32,28,2,30,0.9375
1,Jammu and Kashmir,2017-12-01T00:00:00Z,66074,45665,13278,58943,0.892075552
2,Himachal Pradesh,2017-12-01T00:00:00Z,60956,46128,9977,56105,0.920418006
3,Punjab,2017-12-01T00:00:00Z,254559,215323,28235,243558,0.956784085
4,Chandigarh,2017-12-01T00:00:00Z,24261,19525,3625,23150,0.954206339
5,Uttarakhand,2017-12-01T00:00:00Z,99756,65197,22112,87309,0.87522555
6,Haryana,2017-12-01T00:00:00Z,321480,247493,55478,302971,0.942425656
7,Delhi,2017-12-01T00:00:00Z,558644,442617,84166,526783,0.942967256
8,Rajasthan,2017-12-01T00:00:00Z,433360,333036,79095,412131,0.951013015
9,Uttar Pradesh,2017-12-01T00:00:00Z,847512,599829,169981,769810,0.908317522
10,Bihar,2017-12-01T00:00:00Z,219776,133902,53705,187607,0.85362824
11,Sikkim,2017-12-01T00:00:00Z,4003,2811,812,3623,0.905071197
12,Arunachal Pradesh,2017-12-01T00:00:00Z,6705,3660,1731,5391,0.804026846
13,Nagaland,2017-12-01T00:00:00Z,4778,2406,1357,3763,0.78756802
14,Manipur,2017-12-01T00:00:00Z,7712,4026,1559,5585,0.724196058
15,Mizoram,2017-12-01T00:00:00Z,3748,2284,686,2970,0.792422625
16,Tripura,2017-12-01T00:00:00Z,16864,11299,3429,14728,0.873339658
17,Meghalaya,2017-12-01T00:00:00Z,15398,8677,3669,12346,0.801792441
18,Assam,2017-12-01T00:00:00Z,114563,62828,28720,91548,0.799106169
19,West Bengal,2017-12-01T00:00:00Z,443892,344268,64067,408335,0.919897182
20,Jharkhand,2017-12-01T00:00:00Z,108087,76636,20849,97485,0.901912348
21,Odisha,2017-12-01T00:00:00Z,168723,104201,39061,143262,0.849095855
22,Chhattisgarh,2017-12-01T00:00:00Z,90937,57652,21906,79558,0.874869415
23,Madhya Pradesh,2017-12-01T00:00:00Z,286853,205783,56089,261872,0.912913583
24,Gujarat,2017-12-01T00:00:00Z,698869,577834,100290,678124,0.970316325
25,Daman and Diu,2017-12-01T00:00:00Z,5254,4240,755,4995,0.950704225
26,Dadra and Nagar Haveli,2017-12-01T00:00:00Z,6809,5529,859,6388,0.938170069
27,Maharashtra,2017-12-01T00:00:00Z,1094504,831309,211005,1042314,0.9523163
29,Karnataka,2017-12-01T00:00:00Z,556414,397527,102060,499587,0.897869212
30,Goa,2017-12-01T00:00:00Z,26231,19986,4246,24232,0.923792459
31,Lakshadweep,2017-12-01T00:00:00Z,253,98,62,160,0.632411067
32,Kerala,2017-12-01T00:00:00Z,234754,184822,39477,224299,0.955464018
33,Tamil Nadu,2017-12-01T00:00:00Z,712131,523313,111684,634997,0.891685659
34,Puducherry,2017-12-01T00:00:00Z,15975,11786,2914,14700,0.920187793
35,Andaman and Nicobar Islands,2017-12-01T00:00:00Z,4016,1767,1179,2946,0.733565737
36,Telangana,2017-12-01T00:00:00Z,241225,168267,40991,209258,0.867480568
37,Andhra Pradesh,2017-12-01T00:00:00Z,215764,157114,36083,193197,0.895408873
38,Ladakh,2017-12-01T00:00:00Z,,,,0,
97,Other Territory,2017-12-01T00:00:00Z,36,32,1,33,0.916666667
1,Jammu and Kashmir,2018-01-01T00:00:00Z,27196,18497,3806,22303,0.820083836
2,Himachal Pradesh,2018-01-01T00:00:00Z,22180,16298,2250,18548,0.836248873
3,Punjab,2018-01-01T00:00:00Z,85473,73073,3605,76678,0.897102009
4,Chandigarh,2018-01-01T00:00:00Z,9745,8292,513,8805,0.903540277
5,Uttarakhand,2018-01-01T00:00:00Z,35615,23140,4625,27765,0.779587253
6,Haryana,2018-01-01T00:00:00Z,113833,95230,6024,101254,0.889496016
7,Delhi,2018-01-01T00:00:00Z,173388,137768,12360,150128,0.865850001
8,Rajasthan,2018-01-01T00:00:00Z,121543,98827,8625,107452,0.884065722
9,Uttar Pradesh,2018-01-01T00:00:00Z,284469,204934,31504,236438,0.831155592
10,Bihar,2018-01-01T00:00:00Z,86656,48109,16149,64258,0.741529727
11,Sikkim,2018-01-01T00:00:00Z,2072,1424,376,1800,0.868725869
12,Arunachal Pradesh,2018-01-01T00:00:00Z,3592,1885,761,2646,0.736636971
13,Nagaland,2018-01-01T00:00:00Z,3224,1513,910,2423,0.751550868
14,Manipur,2018-01-01T00:00:00Z,4792,2255,822,3077,0.642111853
15,Mizoram,2018-01-01T00:00:00Z,2479,1419,409,1828,0.737394111
16,Tripura,2018-01-01T00:00:00Z,7129,4581,1138,5719,0.8022163
17,Meghalaya,2018-01-01T00:00:00Z,8752,4358,1953,6311,0.721092322
18,Assam,2018-01-01T00:00:00Z,56208,29477,10018,39495,0.702657985
19,West Bengal,2018-01-01T00:00:00Z,164959,121834,19944,141778,0.859474172
20,Jharkhand,2018-01-01T00:00:00Z,47997,33695,6812,40507,0.84394858
21,Odisha,2018-01-01T00:00:00Z,64080,37265,9920,47185,0.736345194
22,Chhattisgarh,2018-01-01T00:00:00Z,37890,24703,5921,30624,0.808234363
23,Madhya Pradesh,2018-01-01T00:00:00Z,99962,72633,11496,84129,0.841609812
24,Gujarat,2018-01-01T00:00:00Z,232401,204839,13711,218550,0.940400429
25,Daman and Diu,2018-01-01T00:00:00Z,2675,2350,138,2488,0.930093458
26,Dadra and Nagar Haveli,2018-01-01T00:00:00Z,3462,2985,186,3171,0.915944541
27,Maharashtra,2018-01-01T00:00:00Z,348478,280404,36000,316404,0.907959756
29,Karnataka,2018-01-01T00:00:00Z,333690,246359,47323,293682,0.880104288
30,Goa,2018-01-01T00:00:00Z,11769,8863,1485,10348,0.87925907
31,Lakshadweep,2018-01-01T00:00:00Z,185,58,30,88,0.475675676
32,Kerala,2018-01-01T00:00:00Z,132146,107858,17545,125403,0.948973106
33,Tamil Nadu,2018-01-01T00:00:00Z,463481,350079,52430,402509,0.868447682
34,Puducherry,2018-01-01T00:00:00Z,9858,7544,1453,8997,0.912659769
35,Andaman and Nicobar Islands,2018-01-01T00:00:00Z,2484,1091,585,1676,0.674718196
36,Telangana,2018-01-01T00:00:00Z,154073,108737,21315,130052,0.844093384
37,Andhra Pradesh,2018-01-01T00:00:00Z,134716,102518,15767,118285,0.878032305
38,Ladakh,2018-01-01T00:00:00Z,,,,0,
97,Other Territory,2018-01-01T00:00:00Z,40,36,1,37,0.925
1,Jammu and Kashmir,2018-02-01T00:00:00Z,27817,18381,4209,22590,0.812093324
2,Himachal Pradesh,2018-02-01T00:00:00Z,22607,16260,2512,18772,0.830362277
3,Punjab,2018-02-01T00:00:00Z,86098,72955,4028,76983,0.894132268
4,Chandigarh,2018-02-01T00:00:00Z,9830,8293,562,8855,0.900813835
5,Uttarakhand,2018-02-01T00:00:00Z,36218,22807,5083,27890,0.770059087
6,Haryana,2018-02-01T00:00:00Z,115406,95413,6692,102105,0.884746027
7,Delhi,2018-02-01T00:00:00Z,176069,137512,13754,151266,0.859129091
8,Rajasthan,2018-02-01T00:00:00Z,122081,98438,9214,107652,0.88180798
9,Uttar Pradesh,2018-02-01T00:00:00Z,289980,203422,34774,238196,0.821422167
10,Bihar,2018-02-01T00:00:00Z,88999,47436,17483,64919,0.729435162
11,Sikkim,2018-02-01T00:00:00Z,2145,1423,405,1828,0.852214452
12,Arunachal Pradesh,2018-02-01T00:00:00Z,3771,1849,861,2710,0.71864227
13,Nagaland,2018-02-01T00:00:00Z,3218,1474,934,2408,0.748290864
14,Manipur,2018-02-01T00:00:00Z,4940,2236,872,3108,0.629149798
15,Mizoram,2018-02-01T00:00:00Z,2578,1461,426,1887,0.731962762
16,Tripura,2018-02-01T00:00:00Z,7224,4554,1226,5780,0.800110742
17,Meghalaya,2018-02-01T00:00:00Z,8845,4270,2098,6368,0.719954777
18,Assam,2018-02-01T00:00:00Z,57763,29012,10811,39823,0.689420563
19,West Bengal,2018-02-01T00:00:00Z,167478,121103,22134,143237,0.855258601
20,Jharkhand,2018-02-01T00:00:00Z,48997,33138,7935,41073,0.838275813
21,Odisha,2018-02-01T00:00:00Z,65194,36922,10784,47706,0.731754456
22,Chhattisgarh,2018-02-01T00:00:00Z,37957,24210,6505,30715,0.809205153
23,Madhya Pradesh,2018-02-01T00:00:00Z,100963,71679,12788,84467,0.836613413
24,Gujarat,2018-02-01T00:00:00Z,234200,204768,14800,219568,0.937523484
25,Daman and Diu,2018-02-01T00:00:00Z,2694,2353,144,2497,0.926874536
26,Dadra and Nagar Haveli,2018-02-01T00:00:00Z,3496,2990,201,3191,0.912757437
27,Maharashtra,2018-02-01T00:00:00Z,352081,279040,39091,318131,0.903573325
29,Karnataka,2018-02-01T00:00:00Z,339216,244436,52229,296665,0.874560752
30,Goa,2018-02-01T00:00:00Z,11924,8797,1652,10449,0.876299899
31,Lakshadweep,2018-02-01T00:00:00Z,187,52,32,84,0.449197861
32,Kerala,2018-02-01T00:00:00Z,133611,107297,19221,126518,0.946913054
33,Tamil Nadu,2018-02-01T00:00:00Z,472374,350056,57634,407690,0.86306613
34,Puducherry,2018-02-01T00:00:00Z,10005,7548,1588,9136,0.913143428
35,Andaman and Nicobar Islands,2018-02-01T00:00:00Z,2518,1074,606,1680,0.667196187
36,Telangana,2018-02-01T00:00:00Z,157538,108308,23659,131967,0.837683606
37,Andhra Pradesh,2018-02-01T00:00:00Z,136843,102169,17387,119556,0.873672749
38,Ladakh,2018-02-01T00:00:00Z,,,,0,
97,Other Territory,2018-02-01T00:00:00Z,45,39,1,40,0.888888889
1,Jammu and Kashmir,2018-03-01T00:00:00Z,71741,44615,17913,62528,0.87157971
2,Himachal Pradesh,2018-03-01T00:00:00Z,67470,48805,12767,61572,0.91258337
3,Punjab,2018-03-01T00:00:00Z,264808,218293,33164,251457,0.949582339
4,Chandigarh,2018-03-01T00:00:00Z,25208,19798,4100,23898,0.948032371
5,Uttarakhand,2018-03-01T00:00:00Z,107596,64849,28003,92852,0.862968884
6,Haryana,2018-03-01T00:00:00Z,343982,255642,65580,321222,0.933833747
7,Delhi,2018-03-01T00:00:00Z,592372,449150,100156,549306,0.927299062
8,Rajasthan,2018-03-01T00:00:00Z,455889,335895,94166,430061,0.943345858
9,Uttar Pradesh,2018-03-01T00:00:00Z,913159,604953,211127,816080,0.893688832
10,Bihar,2018-03-01T00:00:00Z,238741,130725,69272,199997,0.837715348
11,Sikkim,2018-03-01T00:00:00Z,4449,2805,1159,3964,0.890986739
12,Arunachal Pradesh,2018-03-01T00:00:00Z,8072,3574,2591,6165,0.763751239
13,Nagaland,2018-03-01T00:00:00Z,4904,2230,1586,3816,0.778140294
14,Manipur,2018-03-01T00:00:00Z,8603,3901,2111,6012,0.698825991
15,Mizoram,2018-03-01T00:00:00Z,4048,2309,803,3112,0.768774704
16,Tripura,2018-03-01T00:00:00Z,17562,10884,4321,15205,0.865789773
17,Meghalaya,2018-03-01T00:00:00Z,16327,8402,4522,12924,0.791572242
18,Assam,2018-03-01T00:00:00Z,122022,59686,35867,95553,0.7830801
19,West Bengal,2018-03-01T00:00:00Z,472982,343521,86994,430515,0.910214342
20,Jharkhand,2018-03-01T00:00:00Z,117217,73740,29709,103449,0.882542635
21,Odisha,2018-03-01T00:00:00Z,183516,102084,49997,152081,0.828707034
22,Chhattisgarh,2018-03-01T00:00:00Z,94349,54166,27468,81634,0.865234396
23,Madhya Pradesh,2018-03-01T00:00:00Z,304929,201758,72064,273822,0.897986089
24,Gujarat,2018-03-01T00:00:00Z,733311,589784,118345,708129,0.965659863
25,Daman and Diu,2018-03-01T00:00:00Z,5460,4285,868,5153,0.943772894
26,Dadra and Nagar Haveli,2018-03-01T00:00:00Z,7150,5654,1008,6662,0.931748252
27,Maharashtra,2018-03-01T00:00:00Z,1148243,833059,253844,1086903,0.946579252
29,Karnataka,2018-03-01T00:00:00Z,590015,389982,131016,520998,0.883025008
30,Goa,2018-03-01T00:00:00Z,27578,19628,5557,25185,0.913227935
31,Lakshadweep,2018-03-01T00:00:00Z,265,82,79,161,0.60754717
32,Kerala,2018-03-01T00:00:00Z,245761,182504,50793,233297,0.949284061
33,Tamil Nadu,2018-03-01T00:00:00Z,750910,520158,138332,658490,0.876922667
34,Puducherry,2018-03-01T00:00:00Z,16887,11754,3620,15374,0.910404453
35,Andaman and Nicobar Islands,2018-03-01T00:00:00Z,4246,1646,1420,3066,0.72209138
36,Telangana,2018-03-01T00:00:00Z,259182,165472,55099,220571,0.851027463
37,Andhra Pradesh,2018-03-01T00:00:00Z,226630,155869,45516,201385,0.888606981
38,Ladakh,2018-03-01T00:00:00Z,,,,0,
97,Other Territory,2018-03-01T00:00:00Z,49,41,1,42,0.857142857
1,Jammu and Kashmir,2018-04-01T00:00:00Z,37744,18332,5939,24271,0.643042603
2,Himachal Pradesh,2018-04-01T00:00:00Z,27825,15122,2737,17859,0.641832884
3,Punjab,2018-04-01T00:00:00Z,99334,70237,4894,75131,0.756347273
4,Chandigarh,2018-04-01T00:00:00Z,11692,7816,677,8493,0.726394116
5,Uttarakhand,2018-04-01T00:00:00Z,52360,22341,5946,28287,0.540240642
6,Haryana,2018-04-01T00:00:00Z,155733,97411,10219,107630,0.691118774
7,Delhi,2018-04-01T00:00:00Z,255883,132080,20413,152493,0.595948148
8,Rajasthan,2018-04-01T00:00:00Z,181698,98521,14013,112534,0.619346388
9,Uttar Pradesh,2018-04-01T00:00:00Z,383357,213362,44511,257873,0.672670644
10,Bihar,2018-04-01T00:00:00Z,118734,45439,21811,67250,0.566392103
11,Sikkim,2018-04-01T00:00:00Z,2909,1520,564,2084,0.716397387
12,Arunachal Pradesh,2018-04-01T00:00:00Z,6115,1680,1132,2812,0.459852821
13,Nagaland,2018-04-01T00:00:00Z,4189,1429,1082,2511,0.599427071
14,Manipur,2018-04-01T00:00:00Z,6901,2210,1169,3379,0.489639183
15,Mizoram,2018-04-01T00:00:00Z,3433,1566,529,2095,0.610253423
16,Tripura,2018-04-01T00:00:00Z,10147,4532,1404,5936,0.585000493
17,Meghalaya,2018-04-01T00:00:00Z,11348,3870,2252,6122,0.539478322
18,Assam,2018-04-01T00:00:00Z,82961,27172,14821,41993,0.506177602
19,West Bengal,2018-04-01T00:00:00Z,219583,119835,29582,149417,0.680457959
20,Jharkhand,2018-04-01T00:00:00Z,63614,32938,10526,43464,0.683245826
21,Odisha,2018-04-01T00:00:00Z,94847,38787,14557,53344,0.562421584
22,Chhattisgarh,2018-04-01T00:00:00Z,50487,23163,9364,32527,0.64426486
23,Madhya Pradesh,2018-04-01T00:00:00Z,136612,73253,18467,91720,0.671390507
24,Gujarat,2018-04-01T00:00:00Z,313968,205173,22061,227234,0.723748917
25,Daman and Diu,2018-04-01T00:00:00Z,3464,2391,221,2612,0.75404157
26,Dadra and Nagar Haveli,2018-04-01T00:00:00Z,4230,2848,260,3108,0.734751773
27,Maharashtra,2018-04-01T00:00:00Z,555732,266147,56920,323067,0.581335968
29,Karnataka,2018-04-01T00:00:00Z,424107,251824,66046,317870,0.749504252
30,Goa,2018-04-01T00:00:00Z,16168,8365,2118,10483,0.648379515
31,Lakshadweep,2018-04-01T00:00:00Z,230,43,38,81,0.352173913
32,Kerala,2018-04-01T00:00:00Z,164412,108519,26471,134990,0.821047126
33,Tamil Nadu,2018-04-01T00:00:00Z,613309,374752,76859,451611,0.736351497
34,Puducherry,2018-04-01T00:00:00Z,13982,8169,2182,10351,0.740308969
35,Andaman and Nicobar Islands,2018-04-01T00:00:00Z,3696,950,854,1804,0.488095238
36,Telangana,2018-04-01T00:00:00Z,193853,112512,32776,145288,0.749475118
37,Andhra Pradesh,2018-04-01T00:00:00Z,171611,110358,22264,132622,0.772805939
38,Ladakh,2018-04-01T00:00:00Z,,,,,
97,Other Territory,2018-04-01T00:00:00Z,48,36,2,38,0.791666667
1,Jammu and Kashmir,2018-05-01T00:00:00Z,39310,18212,6431,24643,0.626888832
2,Himachal Pradesh,2018-05-01T00:00:00Z,30075,15257,2940,18197,0.605054032
3,Punjab,2018-05-01T00:00:00Z,103832,70414,5335,75749,0.729534248
4,Chandigarh,2018-05-01T00:00:00Z,12089,7824,733,8557,0.707833568
5,Uttarakhand,2018-05-01T00:00:00Z,53901,22049,6559,28608,0.530750821
6,Haryana,2018-05-01T00:00:00Z,161212,97518,11237,108755,0.67460859
7,Delhi,2018-05-01T00:00:00Z,262865,131689,22444,154133,0.586358016
8,Rajasthan,2018-05-01T00:00:00Z,194250,98361,14892,113253,0.583027027
9,Uttar Pradesh,2018-05-01T00:00:00Z,402114,213473,48145,261618,0.650606544
10,Bihar,2018-05-01T00:00:00Z,126369,45270,23310,68580,0.542696389
11,Sikkim,2018-05-01T00:00:00Z,3013,1534,596,2130,0.706936608
12,Arunachal Pradesh,2018-05-01T00:00:00Z,6221,1660,1222,2882,0.463269571
13,Nagaland,2018-05-01T00:00:00Z,4295,1448,1159,2607,0.606984866
14,Manipur,2018-05-01T00:00:00Z,7002,2218,1243,3461,0.494287346
15,Mizoram,2018-05-01T00:00:00Z,3586,1562,587,2149,0.599274958
16,Tripura,2018-05-01T00:00:00Z,10648,4584,1507,6091,0.572032307
17,Meghalaya,2018-05-01T00:00:00Z,12288,4033,2538,6571,0.534749349
18,Assam,2018-05-01T00:00:00Z,85929,26951,15846,42797,0.498050716
19,West Bengal,2018-05-01T00:00:00Z,233184,119084,32163,151247,0.648616543
20,Jharkhand,2018-05-01T00:00:00Z,66074,32737,11461,44198,0.668916669
21,Odisha,2018-05-01T00:00:00Z,100711,38554,15727,54281,0.538977867
22,Chhattisgarh,2018-05-01T00:00:00Z,53177,22959,9893,32852,0.617785885
23,Madhya Pradesh,2018-05-01T00:00:00Z,144590,72854,19664,92518,0.639864444
24,Gujarat,2018-05-01T00:00:00Z,329706,205298,23654,228952,0.694412598
25,Daman and Diu,2018-05-01T00:00:00Z,3499,2388,245,2633,0.752500714
26,Dadra and Nagar Haveli,2018-05-01T00:00:00Z,4313,2847,290,3137,0.727335961
27,Maharashtra,2018-05-01T00:00:00Z,576385,264439,61223,325662,0.565007764
29,Karnataka,2018-05-01T00:00:00Z,438161,250719,71120,321839,0.734522242
30,Goa,2018-05-01T00:00:00Z,16758,8307,2256,10563,0.630325815
31,Lakshadweep,2018-05-01T00:00:00Z,232,43,36,79,0.340517241
32,Kerala,2018-05-01T00:00:00Z,169073,107917,28993,136910,0.809768562
33,Tamil Nadu,2018-05-01T00:00:00Z,630477,376069,82035,458104,0.726599067
34,Puducherry,2018-05-01T00:00:00Z,14404,8154,2342,10496,0.728686476
35,Andaman and Nicobar Islands,2018-05-01T00:00:00Z,3764,930,903,1833,0.486981934
36,Telangana,2018-05-01T00:00:00Z,201424,112168,35557,147725,0.733403169
37,Andhra Pradesh,2018-05-01T00:00:00Z,177364,110756,23818,134574,0.758744728
38,Ladakh,2018-05-01T00:00:00Z,,,,,
97,Other Territory,2018-05-01T00:00:00Z,50,37,2,39,0.78
1,Jammu and Kashmir,2018-06-01T00:00:00Z,77492,43970,22461,66431,0.857262685
2,Himachal Pradesh,2018-06-01T00:00:00Z,75206,51695,15476,67171,0.89316012
3,Punjab,2018-06-01T00:00:00Z,284602,220639,40005,260644,0.915819284
4,Chandigarh,2018-06-01T00:00:00Z,27243,19834,4731,24565,0.901699519
5,Uttarakhand,2018-06-01T00:00:00Z,118806,63036,35279,98315,0.827525546
6,Haryana,2018-06-01T00:00:00Z,381930,263247,75260,338507,0.886306391
7,Delhi,2018-06-01T00:00:00Z,653936,443138,125804,568942,0.870027036
8,Rajasthan,2018-06-01T00:00:00Z,500417,337189,111555,448744,0.896740119
9,Uttar Pradesh,2018-06-01T00:00:00Z,1006440,614622,254249,868871,0.863311275
10,Bihar,2018-06-01T00:00:00Z,260084,131434,84398,215832,0.82985497
11,Sikkim,2018-06-01T00:00:00Z,5002,2775,1595,4370,0.87365054
12,Arunachal Pradesh,2018-06-01T00:00:00Z,9000,3350,3347,6697,0.744111111
13,Nagaland,2018-06-01T00:00:00Z,5450,2196,1984,4180,0.766972477
14,Manipur,2018-06-01T00:00:00Z,9439,3462,2811,6273,0.664583113
15,Mizoram,2018-06-01T00:00:00Z,4577,2295,984,3279,0.716408128
16,Tripura,2018-06-01T00:00:00Z,19474,11238,5319,16557,0.850210537
17,Meghalaya,2018-06-01T00:00:00Z,20216,9204,5981,15185,0.751137713
18,Assam,2018-06-01T00:00:00Z,136177,55065,47486,102551,0.75307137
19,West Bengal,2018-06-01T00:00:00Z,511502,329629,123023,452652,0.884946686
20,Jharkhand,2018-06-01T00:00:00Z,127212,72615,37076,109691,0.862269283
21,Odisha,2018-06-01T00:00:00Z,200801,99516,62103,161619,0.80487149
22,Chhattisgarh,2018-06-01T00:00:00Z,98284,50398,34831,85229,0.867170648
23,Madhya Pradesh,2018-06-01T00:00:00Z,322204,194831,92515,287346,0.891813882
24,Gujarat,2018-06-01T00:00:00Z,801034,590811,145214,736025,0.918843645
25,Daman and Diu,2018-06-01T00:00:00Z,5679,4130,1111,5241,0.922873745
26,Dadra and Nagar Haveli,2018-06-01T00:00:00Z,7494,5470,1395,6865,0.916066186
27,Maharashtra,2018-06-01T00:00:00Z,1291465,799592,325268,1124860,0.870995342
29,Karnataka,2018-06-01T00:00:00Z,650458,386315,155882,542197,0.83356189
30,Goa,2018-06-01T00:00:00Z,29346,18231,7690,25921,0.883289034
31,Lakshadweep,2018-06-01T00:00:00Z,277,77,87,164,0.592057762
32,Kerala,2018-06-01T00:00:00Z,263762,173277,67875,241152,0.914278782
33,Tamil Nadu,2018-06-01T00:00:00Z,852643,519518,165031,684549,0.802855357
34,Puducherry,2018-06-01T00:00:00Z,19723,11471,4462,15933,0.807838564
35,Andaman and Nicobar Islands,2018-06-01T00:00:00Z,4559,1366,1797,3163,0.693792498
36,Telangana,2018-06-01T00:00:00Z,282140,160831,72406,233237,0.826671156
37,Andhra Pradesh,2018-06-01T00:00:00Z,252576,156139,53592,209731,0.830367889
38,Ladakh,2018-06-01T00:00:00Z,,,,,
97,Other Territory,2018-06-01T00:00:00Z,60,45,3,48,0.8
1,Jammu and Kashmir,2018-07-01T00:00:00Z,40446,17243,7969,25212,0.623349651
2,Himachal Pradesh,2018-07-01T00:00:00Z,31646,14848,3828,18676,0.590153574
3,Punjab,2018-07-01T00:00:00Z,104604,68221,8147,76368,0.730067684
4,Chandigarh,2018-07-01T00:00:00Z,11708,7561,1094,8655,0.739238128
5,Uttarakhand,2018-07-01T00:00:00Z,54910,20710,8462,29172,0.53126935
6,Haryana,2018-07-01T00:00:00Z,166252,93663,16900,110563,0.665032601
7,Delhi,2018-07-01T00:00:00Z,269332,124954,31982,156936,0.582686053
8,Rajasthan,2018-07-01T00:00:00Z,195360,93660,20951,114611,0.586665643
9,Uttar Pradesh,2018-07-01T00:00:00Z,418258,202405,64551,266956,0.63825677
10,Bihar,2018-07-01T00:00:00Z,130716,42723,28003,70726,0.541066128
11,Sikkim,2018-07-01T00:00:00Z,3181,1469,750,2219,0.697579378
12,Arunachal Pradesh,2018-07-01T00:00:00Z,6296,1506,1448,2954,0.469186785
13,Nagaland,2018-07-01T00:00:00Z,4468,1402,1324,2726,0.610116383
14,Manipur,2018-07-01T00:00:00Z,7179,2052,1496,3548,0.494219251
15,Mizoram,2018-07-01T00:00:00Z,3714,1492,740,2232,0.600969305
16,Tripura,2018-07-01T00:00:00Z,11101,4513,1865,6378,0.574542834
17,Meghalaya,2018-07-01T00:00:00Z,13942,4159,3170,7329,0.525677808
18,Assam,2018-07-01T00:00:00Z,89310,25224,19169,44393,0.497066398
19,West Bengal,2018-07-01T00:00:00Z,239310,112841,41930,154771,0.64673854
20,Jharkhand,2018-07-01T00:00:00Z,67228,30793,14445,45238,0.672904147
21,Odisha,2018-07-01T00:00:00Z,104405,36441,19519,55960,0.535989656
22,Chhattisgarh,2018-07-01T00:00:00Z,50949,21181,12229,33410,0.655753793
23,Madhya Pradesh,2018-07-01T00:00:00Z,141043,67073,26749,93822,0.665201392
24,Gujarat,2018-07-01T00:00:00Z,331018,197432,34371,231803,0.700273097
25,Daman and Diu,2018-07-01T00:00:00Z,3478,2324,328,2652,0.762507188
26,Dadra and Nagar Haveli,2018-07-01T00:00:00Z,4311,2770,400,3170,0.73532823
27,Maharashtra,2018-07-01T00:00:00Z,567427,249445,80781,330226,0.581970897
29,Karnataka,2018-07-01T00:00:00Z,451955,240793,89127,329920,0.72998418
30,Goa,2018-07-01T00:00:00Z,16933,7953,2877,10830,0.639579519
31,Lakshadweep,2018-07-01T00:00:00Z,234,40,43,83,0.354700855
32,Kerala,2018-07-01T00:00:00Z,173127,99360,40570,139930,0.808250591
33,Tamil Nadu,2018-07-01T00:00:00Z,651946,364122,104281,468403,0.718469014
34,Puducherry,2018-07-01T00:00:00Z,14633,7776,2926,10702,0.731360623
35,Andaman and Nicobar Islands,2018-07-01T00:00:00Z,3703,815,1038,1853,0.500405077
36,Telangana,2018-07-01T00:00:00Z,209233,105982,46224,152206,0.727447391
37,Andhra Pradesh,2018-07-01T00:00:00Z,182214,105651,32011,137662,0.755496285
38,Ladakh,2018-07-01T00:00:00Z,,,,,
97,Other Territory,2018-07-01T00:00:00Z,56,43,2,45,0.803571429
1,Jammu and Kashmir,2018-08-01T00:00:00Z,39808,15775,9641,25416,0.63846463
2,Himachal Pradesh,2018-08-01T00:00:00Z,30728,13763,5025,18788,0.611429315
3,Punjab,2018-08-01T00:00:00Z,102000,64436,12251,76687,0.751833333
4,Chandigarh,2018-08-01T00:00:00Z,11118,7051,1615,8666,0.779456737
5,Uttarakhand,2018-08-01T00:00:00Z,53463,19128,10183,29311,0.548248321
6,Haryana,2018-08-01T00:00:00Z,165152,87089,24104,111193,0.673276739
7,Delhi,2018-08-01T00:00:00Z,268583,113527,44518,158045,0.588440073
8,Rajasthan,2018-08-01T00:00:00Z,193037,86077,28915,114992,0.59569927
9,Uttar Pradesh,2018-08-01T00:00:00Z,414163,188053,80896,268949,0.649379592
10,Bihar,2018-08-01T00:00:00Z,128175,39292,32133,71425,0.557245953
11,Sikkim,2018-08-01T00:00:00Z,3269,1354,925,2279,0.697155093
12,Arunachal Pradesh,2018-08-01T00:00:00Z,6159,1312,1677,2989,0.485306056
13,Nagaland,2018-08-01T00:00:00Z,4475,1308,1480,2788,0.62301676
14,Manipur,2018-08-01T00:00:00Z,7115,1809,1759,3568,0.501475755
15,Mizoram,2018-08-01T00:00:00Z,3697,1368,863,2231,0.603462267
16,Tripura,2018-08-01T00:00:00Z,10896,4069,2444,6513,0.597742291
17,Meghalaya,2018-08-01T00:00:00Z,13671,3801,3663,7464,0.545973228
18,Assam,2018-08-01T00:00:00Z,88186,22581,22396,44977,0.510024267
19,West Bengal,2018-08-01T00:00:00Z,235824,104078,52162,156240,0.662527987
20,Jharkhand,2018-08-01T00:00:00Z,66395,28032,17574,45606,0.686889073
21,Odisha,2018-08-01T00:00:00Z,103393,33453,23163,56616,0.547580591
22,Chhattisgarh,2018-08-01T00:00:00Z,49380,19103,14438,33541,0.679242608
23,Madhya Pradesh,2018-08-01T00:00:00Z,135990,60514,33842,94356,0.693845136
24,Gujarat,2018-08-01T00:00:00Z,322207,186044,46919,232963,0.723022777
25,Daman and Diu,2018-08-01T00:00:00Z,3417,2208,455,2663,0.779338601
26,Dadra and Nagar Haveli,2018-08-01T00:00:00Z,4259,2616,580,3196,0.750410895
27,Maharashtra,2018-08-01T00:00:00Z,554725,229068,102739,331807,0.59814683
29,Karnataka,2018-08-01T00:00:00Z,454656,223565,109937,333502,0.733526006
30,Goa,2018-08-01T00:00:00Z,16723,7494,3447,10941,0.65424864
31,Lakshadweep,2018-08-01T00:00:00Z,232,35,47,82,0.353448276
32,Kerala,2018-08-01T00:00:00Z,173204,87290,53664,140954,0.813803376
33,Tamil Nadu,2018-08-01T00:00:00Z,654087,343627,128811,472438,0.722286179
34,Puducherry,2018-08-01T00:00:00Z,14669,7222,3523,10745,0.732497103
35,Andaman and Nicobar Islands,2018-08-01T00:00:00Z,3598,720,1132,1852,0.514730406
36,Telangana,2018-08-01T00:00:00Z,210486,97470,56636,154106,0.732143706
37,Andhra Pradesh,2018-08-01T00:00:00Z,179895,95579,43400,138979,0.772556213
38,Ladakh,2018-08-01T00:00:00Z,,,,0,
97,Other Territory,2018-08-01T00:00:00Z,56,42,3,45,0.803571429
1,Jammu and Kashmir,2018-09-01T00:00:00Z,81069,31358,37699,69057,0.851829923
2,Himachal Pradesh,2018-09-01T00:00:00Z,79070,39513,30876,70389,0.890211205
3,Punjab,2018-09-01T00:00:00Z,289976,164286,102867,267153,0.921293486
4,Chandigarh,2018-09-01T00:00:00Z,27051,15260,9753,25013,0.924660826
5,Uttarakhand,2018-09-01T00:00:00Z,122477,47200,55134,102334,0.835536468
6,Haryana,2018-09-01T00:00:00Z,399083,194769,156770,351539,0.880866887
7,Delhi,2018-09-01T00:00:00Z,674957,310702,274597,585299,0.867164871
8,Rajasthan,2018-09-01T00:00:00Z,511436,246708,217716,464424,0.90807843
9,Uttar Pradesh,2018-09-01T00:00:00Z,1050898,468795,436358,905153,0.861313848
10,Bihar,2018-09-01T00:00:00Z,274935,106846,121010,227856,0.828763162
11,Sikkim,2018-09-01T00:00:00Z,5567,2152,2641,4793,0.860966409
12,Arunachal Pradesh,2018-09-01T00:00:00Z,9574,2109,4932,7041,0.735429288
13,Nagaland,2018-09-01T00:00:00Z,5857,1742,2675,4417,0.754140345
14,Manipur,2018-09-01T00:00:00Z,9988,2234,4209,6443,0.645074089
15,Mizoram,2018-09-01T00:00:00Z,4810,1799,1633,3432,0.713513514
16,Tripura,2018-09-01T00:00:00Z,21050,8846,8854,17700,0.840855107
17,Meghalaya,2018-09-01T00:00:00Z,22408,7745,8942,16687,0.744689397
18,Assam,2018-09-01T00:00:00Z,144015,39416,68696,108112,0.75069958
19,West Bengal,2018-09-01T00:00:00Z,536002,255773,216499,472272,0.88110119
20,Jharkhand,2018-09-01T00:00:00Z,133208,53025,61296,114321,0.858214221
21,Odisha,2018-09-01T00:00:00Z,214949,77291,93408,170699,0.794137214
22,Chhattisgarh,2018-09-01T00:00:00Z,101382,35766,52609,88375,0.871703064
23,Madhya Pradesh,2018-09-01T00:00:00Z,328946,133295,164566,297861,0.905501207
24,Gujarat,2018-09-01T00:00:00Z,823883,459825,298742,758567,0.920721753
25,Daman and Diu,2018-09-01T00:00:00Z,5864,3173,2201,5374,0.916439291
26,Dadra and Nagar Haveli,2018-09-01T00:00:00Z,7783,4209,2859,7068,0.908133111
27,Maharashtra,2018-09-01T00:00:00Z,1322160,570816,585190,1156006,0.874331397
29,Karnataka,2018-09-01T00:00:00Z,682420,302906,262969,565875,0.829218077
30,Goa,2018-09-01T00:00:00Z,30576,14192,12640,26832,0.87755102
31,Lakshadweep,2018-09-01T00:00:00Z,281,47,119,166,0.590747331
32,Kerala,2018-09-01T00:00:00Z,273181,103521,145454,248975,0.911392081
33,Tamil Nadu,2018-09-01T00:00:00Z,882248,411848,296215,708063,0.802566852
34,Puducherry,2018-09-01T00:00:00Z,20242,8912,7500,16412,0.810789448
35,Andaman and Nicobar Islands,2018-09-01T00:00:00Z,4663,847,2375,3222,0.690971478
36,Telangana,2018-09-01T00:00:00Z,298180,117145,127224,244369,0.81953518
37,Andhra Pradesh,2018-09-01T00:00:00Z,256988,110066,108264,218330,0.849572743
38,Ladakh,2018-09-01T00:00:00Z,,,,0,
97,Other Territory,2018-09-01T00:00:00Z,62,43,5,48,0.774193548
1,Jammu and Kashmir,2018-10-01T00:00:00Z,39392,6639,19228,25867,0.656656174
2,Himachal Pradesh,2018-10-01T00:00:00Z,30015,6485,12658,19143,0.637781109
3,Punjab,2018-10-01T00:00:00Z,99720,41319,35937,77256,0.774729242
4,Chandigarh,2018-10-01T00:00:00Z,10825,4269,4450,8719,0.805450346
5,Uttarakhand,2018-10-01T00:00:00Z,49944,7005,22746,29751,0.59568717
6,Haryana,2018-10-01T00:00:00Z,161513,42906,69724,112630,0.697343248
7,Delhi,2018-10-01T00:00:00Z,255869,51615,108722,160337,0.626637068
8,Rajasthan,2018-10-01T00:00:00Z,180725,37374,78979,116353,0.643812422
9,Uttar Pradesh,2018-10-01T00:00:00Z,403018,61008,212956,273964,0.679781052
10,Bihar,2018-10-01T00:00:00Z,126876,12496,60633,73129,0.576381664
11,Sikkim,2018-10-01T00:00:00Z,3411,629,1790,2419,0.709176195
12,Arunachal Pradesh,2018-10-01T00:00:00Z,6075,446,2629,3075,0.50617284
13,Nagaland,2018-10-01T00:00:00Z,4519,474,2404,2878,0.636866563
14,Manipur,2018-10-01T00:00:00Z,7098,466,3185,3651,0.514370245
15,Mizoram,2018-10-01T00:00:00Z,3785,401,1894,2295,0.606340819
16,Tripura,2018-10-01T00:00:00Z,10767,1751,4943,6694,0.621714498
17,Meghalaya,2018-10-01T00:00:00Z,13544,1254,6339,7593,0.560617247
18,Assam,2018-10-01T00:00:00Z,86986,8758,37096,45854,0.527142299
19,West Bengal,2018-10-01T00:00:00Z,231591,44868,113987,158855,0.685929073
20,Jharkhand,2018-10-01T00:00:00Z,65284,10409,36090,46499,0.712257215
21,Odisha,2018-10-01T00:00:00Z,102459,13633,44313,57946,0.56555305
22,Chhattisgarh,2018-10-01T00:00:00Z,47462,6045,28027,34072,0.717879567
23,Madhya Pradesh,2018-10-01T00:00:00Z,131546,20376,75292,95668,0.727258906
24,Gujarat,2018-10-01T00:00:00Z,309633,69513,165877,235390,0.760222586
25,Daman and Diu,2018-10-01T00:00:00Z,3349,1094,1595,2689,0.802926247
26,Dadra and Nagar Haveli,2018-10-01T00:00:00Z,4228,1282,1963,3245,0.767502365
27,Maharashtra,2018-10-01T00:00:00Z,528657,97280,239035,336315,0.636168631
29,Karnataka,2018-10-01T00:00:00Z,455096,87752,253129,340881,0.749030974
30,Goa,2018-10-01T00:00:00Z,16399,3936,7173,11109,0.677419355
31,Lakshadweep,2018-10-01T00:00:00Z,230,24,63,87,0.37826087
32,Kerala,2018-10-01T00:00:00Z,172895,31176,112277,143453,0.829711675
33,Tamil Nadu,2018-10-01T00:00:00Z,638043,121527,359408,480935,0.753765812
34,Puducherry,2018-10-01T00:00:00Z,14593,3066,7886,10952,0.750496814
35,Andaman and Nicobar Islands,2018-10-01T00:00:00Z,3564,229,1634,1863,0.522727273
36,Telangana,2018-10-01T00:00:00Z,213000,36273,121569,157842,0.741042254
37,Andhra Pradesh,2018-10-01T00:00:00Z,177277,37530,104814,142344,0.802946801
38,Ladakh,2018-10-01T00:00:00Z,,,,0,
97,Other Territory,2018-10-01T00:00:00Z,56,34,10,44,0.785714286
1,Jammu and Kashmir,2018-11-01T00:00:00Z,39302,7751,18204,25955,0.660398962
2,Himachal Pradesh,2018-11-01T00:00:00Z,29849,8143,11123,19266,0.645448759
3,Punjab,2018-11-01T00:00:00Z,98397,49526,27889,77415,0.786761792
4,Chandigarh,2018-11-01T00:00:00Z,10616,5213,3526,8739,0.823191409
5,Uttarakhand,2018-11-01T00:00:00Z,48590,9796,19968,29764,0.612554023
6,Haryana,2018-11-01T00:00:00Z,160836,57569,55442,113011,0.702647417
7,Delhi,2018-11-01T00:00:00Z,254489,74681,86179,160860,0.632090189
8,Rajasthan,2018-11-01T00:00:00Z,176831,56359,59900,116259,0.657458251
9,Uttar Pradesh,2018-11-01T00:00:00Z,397911,90244,184232,274476,0.689792441
10,Bihar,2018-11-01T00:00:00Z,124574,14773,58719,73492,0.589946538
11,Sikkim,2018-11-01T00:00:00Z,3485,815,1625,2440,0.700143472
12,Arunachal Pradesh,2018-11-01T00:00:00Z,6088,513,2587,3100,0.509198423
13,Nagaland,2018-11-01T00:00:00Z,4509,572,2340,2912,0.645819472
14,Manipur,2018-11-01T00:00:00Z,7150,575,3107,3682,0.514965035
15,Mizoram,2018-11-01T00:00:00Z,3841,513,1831,2344,0.610257745
16,Tripura,2018-11-01T00:00:00Z,10807,2046,4704,6750,0.62459517
17,Meghalaya,2018-11-01T00:00:00Z,13664,1434,6156,7590,0.555474239
18,Assam,2018-11-01T00:00:00Z,86985,10606,35447,46053,0.52943611
19,West Bengal,2018-11-01T00:00:00Z,231682,56001,103608,159609,0.688914115
20,Jharkhand,2018-11-01T00:00:00Z,65226,13652,33090,46742,0.716616073
21,Odisha,2018-11-01T00:00:00Z,101956,15669,42677,58346,0.572266468
22,Chhattisgarh,2018-11-01T00:00:00Z,45806,9865,24253,34118,0.744836921
23,Madhya Pradesh,2018-11-01T00:00:00Z,128868,31991,63790,95781,0.743248906
24,Gujarat,2018-11-01T00:00:00Z,305879,118867,116870,235737,0.770687102
25,Daman and Diu,2018-11-01T00:00:00Z,3316,1437,1249,2686,0.810012063
26,Dadra and Nagar Haveli,2018-11-01T00:00:00Z,4178,1724,1542,3266,0.781713739
27,Maharashtra,2018-11-01T00:00:00Z,520551,148576,188138,336714,0.64684152
29,Karnataka,2018-11-01T00:00:00Z,455153,111740,230641,342381,0.752232766
30,Goa,2018-11-01T00:00:00Z,16366,4535,6675,11210,0.684956617
31,Lakshadweep,2018-11-01T00:00:00Z,228,27,69,96,0.421052632
32,Kerala,2018-11-01T00:00:00Z,173328,36946,107493,144439,0.833327564
33,Tamil Nadu,2018-11-01T00:00:00Z,632207,163105,319438,482543,0.763267411
34,Puducherry,2018-11-01T00:00:00Z,14469,3653,7274,10927,0.755200774
35,Andaman and Nicobar Islands,2018-11-01T00:00:00Z,3500,284,1592,1876,0.536
36,Telangana,2018-11-01T00:00:00Z,211412,43352,115504,158856,0.75140484
37,Andhra Pradesh,2018-11-01T00:00:00Z,180013,45720,98466,144186,0.800975485
38,Ladakh,2018-11-01T00:00:00Z,,,,0,
97,Other Territory,2018-11-01T00:00:00Z,56,37,7,44,0.785714286
1,Jammu and Kashmir,2018-12-01T00:00:00Z,84692,13643,57119,70762,0.835521655
2,Himachal Pradesh,2018-12-01T00:00:00Z,82700,13152,59974,73126,0.884232164
3,Punjab,2018-12-01T00:00:00Z,294776,69002,203679,272681,0.92504478
4,Chandigarh,2018-12-01T00:00:00Z,27347,6791,18710,25501,0.932497166
5,Uttarakhand,2018-12-01T00:00:00Z,123658,17890,87167,105057,0.849577059
6,Haryana,2018-12-01T00:00:00Z,416803,83038,279464,362502,0.869720228
7,Delhi,2018-12-01T00:00:00Z,700345,115231,481489,596720,0.85203721
8,Rajasthan,2018-12-01T00:00:00Z,530594,100526,374606,475132,0.895471867
9,Uttar Pradesh,2018-12-01T00:00:00Z,1080975,149746,781177,930923,0.861188279
10,Bihar,2018-12-01T00:00:00Z,287360,30721,205825,236546,0.823169543
11,Sikkim,2018-12-01T00:00:00Z,6197,1085,4127,5212,0.841052122
12,Arunachal Pradesh,2018-12-01T00:00:00Z,10144,794,6436,7230,0.712736593
13,Nagaland,2018-12-01T00:00:00Z,6085,659,3888,4547,0.747247329
14,Manipur,2018-12-01T00:00:00Z,10385,759,5860,6619,0.637361579
15,Mizoram,2018-12-01T00:00:00Z,5062,480,3149,3629,0.716910312
16,Tripura,2018-12-01T00:00:00Z,22208,2258,16118,18376,0.827449568
17,Meghalaya,2018-12-01T00:00:00Z,23182,2495,14290,16785,0.724053145
18,Assam,2018-12-01T00:00:00Z,150627,16042,94360,110402,0.732949604
19,West Bengal,2018-12-01T00:00:00Z,558638,89410,396218,485628,0.869307136
20,Jharkhand,2018-12-01T00:00:00Z,139370,22352,95957,118309,0.848884265
21,Odisha,2018-12-01T00:00:00Z,223141,26453,149971,176424,0.790639103
22,Chhattisgarh,2018-12-01T00:00:00Z,101564,15012,74960,89972,0.88586507
23,Madhya Pradesh,2018-12-01T00:00:00Z,335747,52220,253741,305961,0.91128439
24,Gujarat,2018-12-01T00:00:00Z,838229,199945,575808,775753,0.925466668
25,Daman and Diu,2018-12-01T00:00:00Z,5942,1951,3491,5442,0.915853248
26,Dadra and Nagar Haveli,2018-12-01T00:00:00Z,7963,2295,4953,7248,0.91020972
27,Maharashtra,2018-12-01T00:00:00Z,1349417,218297,962901,1181198,0.875339498
29,Karnataka,2018-12-01T00:00:00Z,700400,151245,433452,584697,0.834804397
30,Goa,2018-12-01T00:00:00Z,31956,6255,21440,27695,0.866660408
31,Lakshadweep,2018-12-01T00:00:00Z,203,33,117,150,0.738916256
32,Kerala,2018-12-01T00:00:00Z,281909,49387,206258,255645,0.906835184
33,Tamil Nadu,2018-12-01T00:00:00Z,865402,207373,516105,723478,0.836002228
34,Puducherry,2018-12-01T00:00:00Z,20448,4390,12252,16642,0.813869327
35,Andaman and Nicobar Islands,2018-12-01T00:00:00Z,4471,397,2853,3250,0.726906732
36,Telangana,2018-12-01T00:00:00Z,305678,65550,186695,252245,0.825198411
37,Andhra Pradesh,2018-12-01T00:00:00Z,268317,66023,162408,228431,0.851347473
38,Ladakh,2018-12-01T00:00:00Z,,,,0,
97,Other Territory,2018-12-01T00:00:00Z,62,33,14,47,0.758064516
1,Jammu and Kashmir,2019-01-01T00:00:00Z,38866,7859,18518,26377,0.678665157
2,Himachal Pradesh,2019-01-01T00:00:00Z,29226,8682,10814,19496,0.66707726
3,Punjab,2019-01-01T00:00:00Z,96791,51294,26689,77983,0.805684413
4,Chandigarh,2019-01-01T00:00:00Z,10436,5466,3360,8826,0.845726332
5,Uttarakhand,2019-01-01T00:00:00Z,44859,10293,19891,30184,0.672863862
6,Haryana,2019-01-01T00:00:00Z,155966,61372,52803,114175,0.732050575
7,Delhi,2019-01-01T00:00:00Z,252487,79416,83242,162658,0.644223267
8,Rajasthan,2019-01-01T00:00:00Z,171569,62254,54914,117168,0.682920574
9,Uttar Pradesh,2019-01-01T00:00:00Z,383854,94203,183877,278080,0.724442106
10,Bihar,2019-01-01T00:00:00Z,121125,15278,59755,75033,0.619467492
11,Sikkim,2019-01-01T00:00:00Z,3623,765,1792,2557,0.7057687
12,Arunachal Pradesh,2019-01-01T00:00:00Z,6030,535,2643,3178,0.527031509
13,Nagaland,2019-01-01T00:00:00Z,4478,584,2354,2938,0.656096472
14,Manipur,2019-01-01T00:00:00Z,7292,591,3160,3751,0.514399342
15,Mizoram,2019-01-01T00:00:00Z,3750,524,1866,2390,0.637333333
16,Tripura,2019-01-01T00:00:00Z,10537,1994,4904,6898,0.654645535
17,Meghalaya,2019-01-01T00:00:00Z,13582,1295,6361,7656,0.563687233
18,Assam,2019-01-01T00:00:00Z,85745,10697,35960,46657,0.544136684
19,West Bengal,2019-01-01T00:00:00Z,229686,57567,104919,162486,0.707426661
20,Jharkhand,2019-01-01T00:00:00Z,64786,13888,33668,47556,0.734047479
21,Odisha,2019-01-01T00:00:00Z,91341,15847,43993,59840,0.655127489
22,Chhattisgarh,2019-01-01T00:00:00Z,42627,10109,24317,34426,0.8076102
23,Madhya Pradesh,2019-01-01T00:00:00Z,125246,32976,63806,96782,0.772735257
24,Gujarat,2019-01-01T00:00:00Z,298136,129332,108097,237429,0.796378163
25,Daman and Diu,2019-01-01T00:00:00Z,3223,1592,1113,2705,0.839280174
26,Dadra and Nagar Haveli,2019-01-01T00:00:00Z,4015,1842,1442,3284,0.817932752
27,Maharashtra,2019-01-01T00:00:00Z,479560,157879,182644,340523,0.710073818
29,Karnataka,2019-01-01T00:00:00Z,439004,121830,227491,349321,0.795712568
30,Goa,2019-01-01T00:00:00Z,16274,4837,6550,11387,0.699705051
31,Lakshadweep,2019-01-01T00:00:00Z,142,26,50,76,0.535211268
32,Kerala,2019-01-01T00:00:00Z,172382,43209,103133,146342,0.848940145
33,Tamil Nadu,2019-01-01T00:00:00Z,609881,168195,321250,489445,0.802525411
34,Puducherry,2019-01-01T00:00:00Z,14203,3593,7374,10967,0.772160811
35,Andaman and Nicobar Islands,2019-01-01T00:00:00Z,3008,323,1575,1898,0.630984043
36,Telangana,2019-01-01T00:00:00Z,207845,50463,111048,161511,0.777074262
37,Andhra Pradesh,2019-01-01T00:00:00Z,180726,50888,96240,147128,0.814094264
38,Ladakh,2019-01-01T00:00:00Z,,,,0,
97,Other Territory,2019-01-01T00:00:00Z,58,39,6,45,0.775862069
1,Jammu and Kashmir,2019-02-01T00:00:00Z,38756,7700,18714,26414,0.681546083
2,Himachal Pradesh,2019-02-01T00:00:00Z,28879,8580,10968,19548,0.676893244
3,Punjab,2019-02-01T00:00:00Z,95685,50656,27370,78026,0.815446517
4,Chandigarh,2019-02-01T00:00:00Z,10294,5320,3516,8836,0.858364096
5,Uttarakhand,2019-02-01T00:00:00Z,44209,10257,19895,30152,0.68203307
6,Haryana,2019-02-01T00:00:00Z,151260,60664,53610,114274,0.755480629
7,Delhi,2019-02-01T00:00:00Z,250214,78141,85008,163149,0.652037856
8,Rajasthan,2019-02-01T00:00:00Z,168653,60072,57251,117323,0.695647276
9,Uttar Pradesh,2019-02-01T00:00:00Z,375418,90656,187930,278586,0.742068841
10,Bihar,2019-02-01T00:00:00Z,118861,14459,61159,75618,0.636188489
11,Sikkim,2019-02-01T00:00:00Z,3685,822,1787,2609,0.708005427
12,Arunachal Pradesh,2019-02-01T00:00:00Z,6065,560,2623,3183,0.524814509
13,Nagaland,2019-02-01T00:00:00Z,4516,637,2351,2988,0.661647476
14,Manipur,2019-02-01T00:00:00Z,7329,580,3166,3746,0.511120207
15,Mizoram,2019-02-01T00:00:00Z,3712,503,1926,2429,0.654364224
16,Tripura,2019-02-01T00:00:00Z,10484,1847,5068,6915,0.659576498
17,Meghalaya,2019-02-01T00:00:00Z,13478,1509,6119,7628,0.565959341
18,Assam,2019-02-01T00:00:00Z,85438,10403,36425,46828,0.548093354
19,West Bengal,2019-02-01T00:00:00Z,227810,56664,106593,163257,0.716636671
20,Jharkhand,2019-02-01T00:00:00Z,64329,13043,34656,47699,0.741485178
21,Odisha,2019-02-01T00:00:00Z,85107,15277,44729,60006,0.705065388
22,Chhattisgarh,2019-02-01T00:00:00Z,42175,9521,24958,34479,0.817522229
23,Madhya Pradesh,2019-02-01T00:00:00Z,123206,31273,65681,96954,0.786925961
24,Gujarat,2019-02-01T00:00:00Z,294597,125528,112287,237815,0.807255335
25,Daman and Diu,2019-02-01T00:00:00Z,3160,1579,1122,2701,0.854746835
26,Dadra and Nagar Haveli,2019-02-01T00:00:00Z,3897,1843,1441,3284,0.842699512
27,Maharashtra,2019-02-01T00:00:00Z,474262,155444,185998,341442,0.719943829
29,Karnataka,2019-02-01T00:00:00Z,433985,116454,234858,351312,0.809502633
30,Goa,2019-02-01T00:00:00Z,16105,4792,6631,11423,0.709282831
31,Lakshadweep,2019-02-01T00:00:00Z,144,26,52,78,0.541666667
32,Kerala,2019-02-01T00:00:00Z,172548,41236,105568,146804,0.850800937
33,Tamil Nadu,2019-02-01T00:00:00Z,594974,156009,335840,491849,0.826673098
34,Puducherry,2019-02-01T00:00:00Z,14123,3678,7317,10995,0.778517312
35,Andaman and Nicobar Islands,2019-02-01T00:00:00Z,2630,328,1549,1877,0.713688213
36,Telangana,2019-02-01T00:00:00Z,209739,47462,115006,162468,0.774619885
37,Andhra Pradesh,2019-02-01T00:00:00Z,181857,46429,101431,147860,0.813056412
38,Ladakh,2019-02-01T00:00:00Z,,,,0,
97,Other Territory,2019-02-01T00:00:00Z,60,45,2,47,0.783333333
1,Jammu and Kashmir,2019-03-01T00:00:00Z,88878,11122,60917,72039,0.810538041
2,Himachal Pradesh,2019-03-01T00:00:00Z,86666,12158,63158,75316,0.869037454
3,Punjab,2019-03-01T00:00:00Z,302783,57789,218672,276461,0.913066454
4,Chandigarh,2019-03-01T00:00:00Z,27600,6209,19374,25583,0.92692029
5,Uttarakhand,2019-03-01T00:00:00Z,128280,15951,92318,108269,0.844005301
6,Haryana,2019-03-01T00:00:00Z,421476,73250,294409,367659,0.872313014
7,Delhi,2019-03-01T00:00:00Z,730364,104042,501784,605826,0.829485024
8,Rajasthan,2019-03-01T00:00:00Z,551432,79540,406885,486425,0.882112391
9,Uttar Pradesh,2019-03-01T00:00:00Z,1108438,136513,809702,946215,0.853647204
10,Bihar,2019-03-01T00:00:00Z,304255,25481,219746,245227,0.805991685
11,Sikkim,2019-03-01T00:00:00Z,6793,1053,4548,5601,0.824525247
12,Arunachal Pradesh,2019-03-01T00:00:00Z,10737,657,6829,7486,0.697215237
13,Nagaland,2019-03-01T00:00:00Z,6354,705,3982,4687,0.737645578
14,Manipur,2019-03-01T00:00:00Z,10929,787,5920,6707,0.613688352
15,Mizoram,2019-03-01T00:00:00Z,5225,710,3101,3811,0.72937799
16,Tripura,2019-03-01T00:00:00Z,23427,2546,16351,18897,0.806633372
17,Meghalaya,2019-03-01T00:00:00Z,23703,2644,14177,16821,0.709657005
18,Assam,2019-03-01T00:00:00Z,157244,13368,98964,112332,0.714380199
19,West Bengal,2019-03-01T00:00:00Z,582519,80982,415831,496813,0.852870035
20,Jharkhand,2019-03-01T00:00:00Z,146064,16747,104749,121496,0.831799759
21,Odisha,2019-03-01T00:00:00Z,218115,24850,155133,179983,0.825174793
22,Chhattisgarh,2019-03-01T00:00:00Z,102281,11481,79855,91336,0.892990878
23,Madhya Pradesh,2019-03-01T00:00:00Z,346732,38372,274242,312614,0.901601237
24,Gujarat,2019-03-01T00:00:00Z,864165,154965,636469,791434,0.915836675
25,Daman and Diu,2019-03-01T00:00:00Z,6007,1789,3673,5462,0.909272515
26,Dadra and Nagar Haveli,2019-03-01T00:00:00Z,8172,2141,5190,7331,0.897087616
27,Maharashtra,2019-03-01T00:00:00Z,1384075,195579,1004592,1200171,0.867128588
29,Karnataka,2019-03-01T00:00:00Z,706472,138732,460180,598912,0.847750512
30,Goa,2019-03-01T00:00:00Z,33254,6210,22011,28221,0.848649786
31,Lakshadweep,2019-03-01T00:00:00Z,210,37,113,150,0.714285714
32,Kerala,2019-03-01T00:00:00Z,291194,51962,208441,260403,0.894259497
33,Tamil Nadu,2019-03-01T00:00:00Z,867754,181112,555741,736853,0.849149644
34,Puducherry,2019-03-01T00:00:00Z,20839,4212,12521,16733,0.802965593
35,Andaman and Nicobar Islands,2019-03-01T00:00:00Z,3923,435,2756,3191,0.813408106
36,Telangana,2019-03-01T00:00:00Z,319463,50023,207798,257821,0.807044947
37,Andhra Pradesh,2019-03-01T00:00:00Z,279089,43278,189653,232931,0.834611898
38,Ladakh,2019-03-01T00:00:00Z,,,,0,
97,Other Territory,2019-03-01T00:00:00Z,66,38,12,50,0.757575758
1,Jammu and Kashmir,2019-04-01T00:00:00Z,48072,6997,20306,27303,0.567960559
2,Himachal Pradesh,2019-04-01T00:00:00Z,37394,7311,10775,18086,0.48366048
3,Punjab,2019-04-01T00:00:00Z,123462,46610,33668,80278,0.650224361
4,Chandigarh,2019-04-01T00:00:00Z,12580,4954,3831,8785,0.698330684
5,Uttarakhand,2019-04-01T00:00:00Z,63886,9076,21634,30710,0.480699997
6,Haryana,2019-04-01T00:00:00Z,201278,54761,63905,118666,0.589562694
7,Delhi,2019-04-01T00:00:00Z,364482,70987,98636,169623,0.465381006
8,Rajasthan,2019-04-01T00:00:00Z,246498,51178,70931,122109,0.495375216
9,Uttar Pradesh,2019-04-01T00:00:00Z,524456,79858,210724,290582,0.554063639
10,Bihar,2019-04-01T00:00:00Z,171325,11233,67948,79181,0.462168393
11,Sikkim,2019-04-01T00:00:00Z,4600,797,1861,2658,0.577826087
12,Arunachal Pradesh,2019-04-01T00:00:00Z,8440,435,2834,3269,0.387322275
13,Nagaland,2019-04-01T00:00:00Z,5424,564,2628,3192,0.588495575
14,Manipur,2019-04-01T00:00:00Z,9159,576,3576,4152,0.453324599
15,Mizoram,2019-04-01T00:00:00Z,4309,520,2098,2618,0.60756556
16,Tripura,2019-04-01T00:00:00Z,13357,1448,5349,6797,0.508871753
17,Meghalaya,2019-04-01T00:00:00Z,16494,1391,6491,7882,0.477870741
18,Assam,2019-04-01T00:00:00Z,112018,8261,40035,48296,0.431144995
19,West Bengal,2019-04-01T00:00:00Z,305268,48391,125081,173472,0.568261331
20,Jharkhand,2019-04-01T00:00:00Z,88905,11151,39736,50887,0.572375007
21,Odisha,2019-04-01T00:00:00Z,162206,9313,57214,66527,0.410138959
22,Chhattisgarh,2019-04-01T00:00:00Z,63451,7987,29486,37473,0.590581709
23,Madhya Pradesh,2019-04-01T00:00:00Z,177325,25130,77480,102610,0.578655012
24,Gujarat,2019-04-01T00:00:00Z,399204,111838,139076,250914,0.628535786
25,Daman and Diu,2019-04-01T00:00:00Z,3988,1456,1324,2780,0.697091274
26,Dadra and Nagar Haveli,2019-04-01T00:00:00Z,5203,1758,1651,3409,0.655198924
27,Maharashtra,2019-04-01T00:00:00Z,705207,136414,222120,358534,0.508409588
29,Karnataka,2019-04-01T00:00:00Z,497177,108371,256400,364771,0.733684382
30,Goa,2019-04-01T00:00:00Z,21309,4590,7223,11813,0.5543667
31,Lakshadweep,2019-04-01T00:00:00Z,176,32,51,83,0.471590909
32,Kerala,2019-04-01T00:00:00Z,202318,39359,106988,146347,0.723351358
33,Tamil Nadu,2019-04-01T00:00:00Z,681342,145877,374411,520288,0.763622381
34,Puducherry,2019-04-01T00:00:00Z,16423,3505,8012,11517,0.701272605
35,Andaman and Nicobar Islands,2019-04-01T00:00:00Z,3127,335,1575,1910,0.610809082
36,Telangana,2019-04-01T00:00:00Z,247115,43261,128369,171630,0.694534933
37,Andhra Pradesh,2019-04-01T00:00:00Z,211912,39948,115112,155060,0.731718827
38,Ladakh,2019-04-01T00:00:00Z,,,,,
97,Other Territory,2019-04-01T00:00:00Z,65,45,4,49,0.753846154
1,Jammu and Kashmir,2019-05-01T00:00:00Z,46923,6739,20688,27427,0.584510794
2,Himachal Pradesh,2019-05-01T00:00:00Z,35683,7347,10759,18106,0.507412493
3,Punjab,2019-05-01T00:00:00Z,119967,48125,32229,80354,0.669800862
4,Chandigarh,2019-05-01T00:00:00Z,11968,5088,3657,8745,0.730698529
5,Uttarakhand,2019-05-01T00:00:00Z,59731,8983,21923,30906,0.517419765
6,Haryana,2019-05-01T00:00:00Z,192033,57044,61971,119015,0.61976327
7,Delhi,2019-05-01T00:00:00Z,355644,72573,98099,170672,0.479895626
8,Rajasthan,2019-05-01T00:00:00Z,236220,54427,67773,122200,0.517314368
9,Uttar Pradesh,2019-05-01T00:00:00Z,496559,78716,213065,291781,0.587605904
10,Bihar,2019-05-01T00:00:00Z,162671,11394,68292,79686,0.489859901
11,Sikkim,2019-05-01T00:00:00Z,4548,811,1843,2654,0.58355321
12,Arunachal Pradesh,2019-05-01T00:00:00Z,8306,428,2836,3264,0.392968938
13,Nagaland,2019-05-01T00:00:00Z,5324,591,2614,3205,0.601990984
14,Manipur,2019-05-01T00:00:00Z,8938,557,3592,4149,0.464197807
15,Mizoram,2019-05-01T00:00:00Z,4314,585,2036,2621,0.607556792
16,Tripura,2019-05-01T00:00:00Z,13002,1571,5267,6838,0.525919089
17,Meghalaya,2019-05-01T00:00:00Z,16584,1595,6390,7985,0.481488181
18,Assam,2019-05-01T00:00:00Z,109409,8829,39784,48613,0.444323593
19,West Bengal,2019-05-01T00:00:00Z,294634,50100,123749,173849,0.590050707
20,Jharkhand,2019-05-01T00:00:00Z,85852,11517,39625,51142,0.595699576
21,Odisha,2019-05-01T00:00:00Z,149172,12941,53900,66841,0.448080069
22,Chhattisgarh,2019-05-01T00:00:00Z,60187,8525,29133,37658,0.625683287
23,Madhya Pradesh,2019-05-01T00:00:00Z,166338,26553,76058,102611,0.616882492
24,Gujarat,2019-05-01T00:00:00Z,382894,116129,135086,251215,0.656095421
25,Daman and Diu,2019-05-01T00:00:00Z,3817,1452,1312,2764,0.724128897
26,Dadra and Nagar Haveli,2019-05-01T00:00:00Z,5064,1806,1613,3419,0.675157978
27,Maharashtra,2019-05-01T00:00:00Z,678572,140050,218604,358654,0.528542292
29,Karnataka,2019-05-01T00:00:00Z,485610,107614,258900,366514,0.754749696
30,Goa,2019-05-01T00:00:00Z,20779,4600,7241,11841,0.56985418
31,Lakshadweep,2019-05-01T00:00:00Z,175,29,58,87,0.497142857
32,Kerala,2019-05-01T00:00:00Z,195184,37638,109429,147067,0.753478769
33,Tamil Nadu,2019-05-01T00:00:00Z,679109,144294,378972,523266,0.770518429
34,Puducherry,2019-05-01T00:00:00Z,16070,3416,8184,11600,0.721841942
35,Andaman and Nicobar Islands,2019-05-01T00:00:00Z,3085,326,1568,1894,0.613938412
36,Telangana,2019-05-01T00:00:00Z,243625,41822,131201,173023,0.710202155
37,Andhra Pradesh,2019-05-01T00:00:00Z,206448,40973,114605,155578,0.753594125
38,Ladakh,2019-05-01T00:00:00Z,,,,,
97,Other Territory,2019-05-01T00:00:00Z,65,44,5,49,0.753846154
1,Jammu and Kashmir,2019-06-01T00:00:00Z,90874,24941,48809,73750,0.811563263
2,Himachal Pradesh,2019-06-01T00:00:00Z,88064,43206,32927,76133,0.864518986
3,Punjab,2019-06-01T00:00:00Z,308875,180468,98758,279226,0.904009713
4,Chandigarh,2019-06-01T00:00:00Z,27619,16123,9497,25620,0.927622289
5,Uttarakhand,2019-06-01T00:00:00Z,129422,41948,68023,109971,0.849708705
6,Haryana,2019-06-01T00:00:00Z,423764,203791,167127,370918,0.875293796
7,Delhi,2019-06-01T00:00:00Z,759157,337223,279829,617052,0.812812106
8,Rajasthan,2019-06-01T00:00:00Z,560439,263161,226021,489182,0.87285503
9,Uttar Pradesh,2019-06-01T00:00:00Z,1118687,367818,588650,956468,0.854991611
10,Bihar,2019-06-01T00:00:00Z,313451,68554,182184,250738,0.799927261
11,Sikkim,2019-06-01T00:00:00Z,7029,2167,3574,5741,0.816759141
12,Arunachal Pradesh,2019-06-01T00:00:00Z,11143,1390,6264,7654,0.68688863
13,Nagaland,2019-06-01T00:00:00Z,6463,1086,3777,4863,0.752436949
14,Manipur,2019-06-01T00:00:00Z,10941,1235,5549,6784,0.620053012
15,Mizoram,2019-06-01T00:00:00Z,5454,1297,2693,3990,0.731573157
16,Tripura,2019-06-01T00:00:00Z,24026,7001,12342,19343,0.805086157
17,Meghalaya,2019-06-01T00:00:00Z,24878,5739,11535,17274,0.69434842
18,Assam,2019-06-01T00:00:00Z,161175,30568,84698,115266,0.71516054
19,West Bengal,2019-06-01T00:00:00Z,593424,200817,303462,504279,0.849778573
20,Jharkhand,2019-06-01T00:00:00Z,149800,38601,85446,124047,0.828084112
21,Odisha,2019-06-01T00:00:00Z,219769,56216,127691,183907,0.83681957
22,Chhattisgarh,2019-06-01T00:00:00Z,104773,27682,65777,93459,0.892014164
23,Madhya Pradesh,2019-06-01T00:00:00Z,353290,112241,205664,317905,0.89984149
24,Gujarat,2019-06-01T00:00:00Z,877062,468729,334272,803001,0.915557851
25,Daman and Diu,2019-06-01T00:00:00Z,5816,2971,2443,5414,0.93088033
26,Dadra and Nagar Haveli,2019-06-01T00:00:00Z,8364,3920,3506,7426,0.887852702
27,Maharashtra,2019-06-01T00:00:00Z,1405014,569967,635678,1205645,0.85810177
29,Karnataka,2019-06-01T00:00:00Z,710827,238182,373661,611843,0.860748115
30,Goa,2019-06-01T00:00:00Z,33757,13260,15090,28350,0.839825814
31,Lakshadweep,2019-06-01T00:00:00Z,219,58,105,163,0.744292237
32,Kerala,2019-06-01T00:00:00Z,295913,98773,163927,262700,0.88776093
33,Tamil Nadu,2019-06-01T00:00:00Z,894344,273096,478699,751795,0.840610548
34,Puducherry,2019-06-01T00:00:00Z,20879,6052,10843,16895,0.809186264
35,Andaman and Nicobar Islands,2019-06-01T00:00:00Z,3826,643,2563,3206,0.837950863
36,Telangana,2019-06-01T00:00:00Z,327844,88086,177406,265492,0.809811984
37,Andhra Pradesh,2019-06-01T00:00:00Z,281946,81878,154534,236412,0.83850099
38,Ladakh,2019-06-01T00:00:00Z,,,,,
97,Other Territory,2019-06-01T00:00:00Z,71,53,3,56,0.788732394
1,Jammu and Kashmir,2019-07-01T00:00:00Z,43438,3444,23913,27357,0.629794189
2,Himachal Pradesh,2019-07-01T00:00:00Z,32605,7038,11346,18384,0.563839902
3,Punjab,2019-07-01T00:00:00Z,109710,42897,37772,80669,0.735293045
4,Chandigarh,2019-07-01T00:00:00Z,10876,4824,3982,8806,0.809672674
5,Uttarakhand,2019-07-01T00:00:00Z,54062,8722,22591,31313,0.579205357
6,Haryana,2019-07-01T00:00:00Z,173026,53550,66492,120042,0.693780126
7,Delhi,2019-07-01T00:00:00Z,323034,70025,103156,173181,0.536107654
8,Rajasthan,2019-07-01T00:00:00Z,205814,50965,72829,123794,0.601484836
9,Uttar Pradesh,2019-07-01T00:00:00Z,453407,73238,222321,295559,0.651862455
10,Bihar,2019-07-01T00:00:00Z,151876,10786,70323,81109,0.534047512
11,Sikkim,2019-07-01T00:00:00Z,4252,801,1894,2695,0.633819379
12,Arunachal Pradesh,2019-07-01T00:00:00Z,7639,569,2758,3327,0.43552821
13,Nagaland,2019-07-01T00:00:00Z,5094,521,2790,3311,0.649980369
14,Manipur,2019-07-01T00:00:00Z,8347,521,3680,4201,0.503294597
15,Mizoram,2019-07-01T00:00:00Z,4339,525,2179,2704,0.623185066
16,Tripura,2019-07-01T00:00:00Z,12173,1621,5339,6960,0.571757168
17,Meghalaya,2019-07-01T00:00:00Z,16556,1545,6753,8298,0.501208021
18,Assam,2019-07-01T00:00:00Z,103195,8785,40702,49487,0.479548428
19,West Bengal,2019-07-01T00:00:00Z,274036,49340,126713,176053,0.642444788
20,Jharkhand,2019-07-01T00:00:00Z,79004,11061,40778,51839,0.65615665
21,Odisha,2019-07-01T00:00:00Z,104974,13484,54505,67989,0.647674662
22,Chhattisgarh,2019-07-01T00:00:00Z,53849,8081,30024,38105,0.707626883
23,Madhya Pradesh,2019-07-01T00:00:00Z,149791,25018,78491,103509,0.691022825
24,Gujarat,2019-07-01T00:00:00Z,340947,101809,151350,253159,0.742517165
25,Daman and Diu,2019-07-01T00:00:00Z,3338,1463,1291,2754,0.825044937
26,Dadra and Nagar Haveli,2019-07-01T00:00:00Z,4659,1715,1731,3446,0.7396437
27,Maharashtra,2019-07-01T00:00:00Z,600814,131262,231316,362578,0.603477948
29,Karnataka,2019-07-01T00:00:00Z,464623,96586,276070,372656,0.802061026
30,Goa,2019-07-01T00:00:00Z,19308,4383,7588,11971,0.620002072
31,Lakshadweep,2019-07-01T00:00:00Z,179,27,61,88,0.491620112
32,Kerala,2019-07-01T00:00:00Z,189177,30431,118653,149084,0.788066203
33,Tamil Nadu,2019-07-01T00:00:00Z,670695,132477,398032,530509,0.790983979
34,Puducherry,2019-07-01T00:00:00Z,15621,3128,8523,11651,0.745854939
35,Andaman and Nicobar Islands,2019-07-01T00:00:00Z,2934,270,1639,1909,0.65064758
36,Telangana,2019-07-01T00:00:00Z,238294,40853,135109,175962,0.738423964
37,Andhra Pradesh,2019-07-01T00:00:00Z,201438,37758,120011,157769,0.783213694
38,Ladakh,2019-07-01T00:00:00Z,,,,,
97,Other Territory,2019-07-01T00:00:00Z,70,47,6,53,0.757142857
1,Jammu and Kashmir,2019-08-01T00:00:00Z,43229,3119,24240,27359,0.632885332
2,Himachal Pradesh,2019-08-01T00:00:00Z,31156,7697,10793,18490,0.593465143
3,Punjab,2019-08-01T00:00:00Z,106470,45559,35318,80877,0.759622429
4,Chandigarh,2019-08-01T00:00:00Z,10567,5105,3719,8824,0.835052522
5,Uttarakhand,2019-08-01T00:00:00Z,51426,9149,22418,31567,0.613833469
6,Haryana,2019-08-01T00:00:00Z,166832,57350,63289,120639,0.723116668
7,Delhi,2019-08-01T00:00:00Z,309950,74722,99440,174162,0.561903533
8,Rajasthan,2019-08-01T00:00:00Z,193923,54220,69703,123923,0.639031987
9,Uttar Pradesh,2019-08-01T00:00:00Z,432883,76803,221110,297913,0.688206744
10,Bihar,2019-08-01T00:00:00Z,147333,11447,70483,81930,0.556087231
11,Sikkim,2019-08-01T00:00:00Z,4075,815,1925,2740,0.672392638
12,Arunachal Pradesh,2019-08-01T00:00:00Z,7528,602,2775,3377,0.448591923
13,Nagaland,2019-08-01T00:00:00Z,5116,621,2747,3368,0.658326818
14,Manipur,2019-08-01T00:00:00Z,7996,571,3657,4228,0.528764382
15,Mizoram,2019-08-01T00:00:00Z,4331,544,2177,2721,0.628261372
16,Tripura,2019-08-01T00:00:00Z,11708,1630,5401,7031,0.600529552
17,Meghalaya,2019-08-01T00:00:00Z,16201,1829,6506,8335,0.514474415
18,Assam,2019-08-01T00:00:00Z,101010,9112,40819,49931,0.494317394
19,West Bengal,2019-08-01T00:00:00Z,268694,51102,125946,177048,0.658920556
20,Jharkhand,2019-08-01T00:00:00Z,76321,11321,40914,52235,0.684411892
21,Odisha,2019-08-01T00:00:00Z,99843,13611,54948,68559,0.686668069
22,Chhattisgarh,2019-08-01T00:00:00Z,52544,8449,29882,38331,0.729502893
23,Madhya Pradesh,2019-08-01T00:00:00Z,145173,25966,77937,103903,0.715718488
24,Gujarat,2019-08-01T00:00:00Z,329795,113433,140474,253907,0.769893419
25,Daman and Diu,2019-08-01T00:00:00Z,3273,1498,1261,2759,0.842957531
26,Dadra and Nagar Haveli,2019-08-01T00:00:00Z,4528,1766,1691,3457,0.763471731
27,Maharashtra,2019-08-01T00:00:00Z,577797,139003,224954,363957,0.62990462
29,Karnataka,2019-08-01T00:00:00Z,451202,104623,270907,375530,0.832287977
30,Goa,2019-08-01T00:00:00Z,18815,4453,7576,12029,0.639330322
31,Lakshadweep,2019-08-01T00:00:00Z,178,31,58,89,0.5
32,Kerala,2019-08-01T00:00:00Z,187045,29619,120539,150158,0.802790772
33,Tamil Nadu,2019-08-01T00:00:00Z,664170,137937,396554,534491,0.80475029
34,Puducherry,2019-08-01T00:00:00Z,15410,3251,8476,11727,0.760999351
35,Andaman and Nicobar Islands,2019-08-01T00:00:00Z,2929,300,1629,1929,0.658586548
36,Telangana,2019-08-01T00:00:00Z,236935,42250,135272,177522,0.749243463
37,Andhra Pradesh,2019-08-01T00:00:00Z,199209,39371,119347,158718,0.796741111
38,Ladakh,2019-08-01T00:00:00Z,,,,,
97,Other Territory,2019-08-01T00:00:00Z,71,49,5,54,0.76056338
1,Jammu and Kashmir,2019-09-01T00:00:00Z,92462,8312,65035,73347,0.793266423
2,Himachal Pradesh,2019-09-01T00:00:00Z,89912,35435,42727,78162,0.869316665
3,Punjab,2019-09-01T00:00:00Z,311089,137144,145884,283028,0.909797518
4,Chandigarh,2019-09-01T00:00:00Z,27465,13512,12173,25685,0.935190242
5,Uttarakhand,2019-09-01T00:00:00Z,131532,36806,76344,113150,0.860246936
6,Haryana,2019-09-01T00:00:00Z,423483,162525,215051,377576,0.891596593
7,Delhi,2019-09-01T00:00:00Z,766277,266498,363204,629702,0.821768107
8,Rajasthan,2019-09-01T00:00:00Z,559918,199263,299886,499149,0.891468036
9,Uttar Pradesh,2019-09-01T00:00:00Z,1126122,285334,697655,982989,0.87289743
10,Bihar,2019-09-01T00:00:00Z,325576,53178,208587,261765,0.804005824
11,Sikkim,2019-09-01T00:00:00Z,7195,1733,4241,5974,0.830298819
12,Arunachal Pradesh,2019-09-01T00:00:00Z,11960,1349,6780,8129,0.679682274
13,Nagaland,2019-09-01T00:00:00Z,6718,998,4085,5083,0.756623995
14,Manipur,2019-09-01T00:00:00Z,10659,1119,5812,6931,0.650248616
15,Mizoram,2019-09-01T00:00:00Z,5800,1399,2760,4159,0.717068966
16,Tripura,2019-09-01T00:00:00Z,24530,5944,14004,19948,0.813208316
17,Meghalaya,2019-09-01T00:00:00Z,26140,5993,12042,18035,0.689938791
18,Assam,2019-09-01T00:00:00Z,167059,23526,95995,119521,0.71544185
19,West Bengal,2019-09-01T00:00:00Z,607620,160374,355189,515563,0.84849577
20,Jharkhand,2019-09-01T00:00:00Z,151326,30208,97359,127567,0.842994594
21,Odisha,2019-09-01T00:00:00Z,220841,50596,139379,189975,0.860234286
22,Chhattisgarh,2019-09-01T00:00:00Z,107458,21696,74104,95800,0.891511102
23,Madhya Pradesh,2019-09-01T00:00:00Z,359995,80485,244180,324665,0.901859748
24,Gujarat,2019-09-01T00:00:00Z,884817,375641,442740,818381,0.924915548
25,Daman and Diu,2019-09-01T00:00:00Z,5835,2587,2834,5421,0.929048843
26,Dadra and Nagar Haveli,2019-09-01T00:00:00Z,8395,3369,4193,7562,0.90077427
27,Maharashtra,2019-09-01T00:00:00Z,1416919,452291,775174,1227465,0.866291581
29,Karnataka,2019-09-01T00:00:00Z,709880,201230,427285,628515,0.885382036
30,Goa,2019-09-01T00:00:00Z,34397,12228,16577,28805,0.837427683
31,Lakshadweep,2019-09-01T00:00:00Z,229,51,119,170,0.742358079
32,Kerala,2019-09-01T00:00:00Z,301836,82599,185794,268393,0.889201421
33,Tamil Nadu,2019-09-01T00:00:00Z,900385,227476,541144,768620,0.853657047
34,Puducherry,2019-09-01T00:00:00Z,21025,5297,11887,17184,0.817312723
35,Andaman and Nicobar Islands,2019-09-01T00:00:00Z,3994,521,2748,3269,0.818477717
36,Telangana,2019-09-01T00:00:00Z,337626,72375,202317,274692,0.813598479
37,Andhra Pradesh,2019-09-01T00:00:00Z,287263,65860,175494,241354,0.840184778
38,Ladakh,2019-09-01T00:00:00Z,,,,,
97,Other Territory,2019-09-01T00:00:00Z,76,51,8,59,0.776315789
1,Jammu and Kashmir,2019-10-01T00:00:00Z,42646,3083,24410,27493,0.644679454
2,Himachal Pradesh,2019-10-01T00:00:00Z,29485,6730,12026,18756,0.636120061
3,Punjab,2019-10-01T00:00:00Z,101504,39383,41893,81276,0.800717213
4,Chandigarh,2019-10-01T00:00:00Z,10185,4702,4204,8906,0.874423171
5,Uttarakhand,2019-10-01T00:00:00Z,48183,8536,23585,32121,0.666645912
6,Haryana,2019-10-01T00:00:00Z,160277,49199,72571,121770,0.759747188
7,Delhi,2019-10-01T00:00:00Z,285320,65780,111003,176783,0.619595542
8,Rajasthan,2019-10-01T00:00:00Z,184413,43294,81825,125119,0.678471691
9,Uttar Pradesh,2019-10-01T00:00:00Z,411675,66568,236372,302940,0.735871743
10,Bihar,2019-10-01T00:00:00Z,146984,10208,73726,83934,0.571041746
11,Sikkim,2019-10-01T00:00:00Z,4095,761,2038,2799,0.683516484
12,Arunachal Pradesh,2019-10-01T00:00:00Z,7480,538,2955,3493,0.46697861
13,Nagaland,2019-10-01T00:00:00Z,5117,607,2858,3465,0.677154583
14,Manipur,2019-10-01T00:00:00Z,7640,601,3724,4325,0.566099476
15,Mizoram,2019-10-01T00:00:00Z,4378,531,2209,2740,0.625856556
16,Tripura,2019-10-01T00:00:00Z,11273,1712,5430,7142,0.633549188
17,Meghalaya,2019-10-01T00:00:00Z,16090,1524,6863,8387,0.521255438
18,Assam,2019-10-01T00:00:00Z,98900,8608,42296,50904,0.514701719
19,West Bengal,2019-10-01T00:00:00Z,264148,46935,131865,178800,0.676893257
20,Jharkhand,2019-10-01T00:00:00Z,73311,10556,42854,53410,0.728540055
21,Odisha,2019-10-01T00:00:00Z,96497,13533,56562,70095,0.726395639
22,Chhattisgarh,2019-10-01T00:00:00Z,51279,7836,31044,38880,0.758205113
23,Madhya Pradesh,2019-10-01T00:00:00Z,142536,22017,83139,105156,0.737750463
24,Gujarat,2019-10-01T00:00:00Z,320380,91725,164241,255966,0.798945003
25,Daman and Diu,2019-10-01T00:00:00Z,3229,1413,1338,2751,0.851966553
26,Dadra and Nagar Haveli,2019-10-01T00:00:00Z,4227,1727,1790,3517,0.832032174
27,Maharashtra,2019-10-01T00:00:00Z,553324,122665,244904,367569,0.66429253
29,Karnataka,2019-10-01T00:00:00Z,448411,99248,282461,381709,0.851248074
30,Goa,2019-10-01T00:00:00Z,18492,4499,7688,12187,0.659041748
31,Lakshadweep,2019-10-01T00:00:00Z,179,29,61,90,0.502793296
32,Kerala,2019-10-01T00:00:00Z,184754,36570,115640,152210,0.823852258
33,Tamil Nadu,2019-10-01T00:00:00Z,654051,134833,406809,541642,0.828134197
34,Puducherry,2019-10-01T00:00:00Z,15000,3426,8520,11946,0.7964
35,Andaman and Nicobar Islands,2019-10-01T00:00:00Z,2925,274,1689,1963,0.671111111
36,Telangana,2019-10-01T00:00:00Z,239475,39650,141492,181142,0.756412987
37,Andhra Pradesh,2019-10-01T00:00:00Z,197620,36398,124398,160796,0.813662585
38,Ladakh,2019-10-01T00:00:00Z,,,,,
97,Other Territory,2019-10-01T00:00:00Z,73,48,8,56,0.767123288
1,Jammu and Kashmir,2019-11-01T00:00:00Z,41914,4048,23593,27641,0.65946939
2,Himachal Pradesh,2019-11-01T00:00:00Z,28002,7979,11011,18990,0.678165845
3,Punjab,2019-11-01T00:00:00Z,97659,46541,35077,81618,0.835744785
4,Chandigarh,2019-11-01T00:00:00Z,9714,5327,3598,8925,0.918777023
5,Uttarakhand,2019-11-01T00:00:00Z,44607,10679,21878,32557,0.729863026
6,Haryana,2019-11-01T00:00:00Z,154903,58722,64397,123119,0.794813528
7,Delhi,2019-11-01T00:00:00Z,274081,80807,98335,179142,0.653609699
8,Rajasthan,2019-11-01T00:00:00Z,173833,55711,72182,127893,0.735723367
9,Uttar Pradesh,2019-11-01T00:00:00Z,391787,82687,224532,307219,0.784148019
10,Bihar,2019-11-01T00:00:00Z,143867,13204,72116,85320,0.593047745
11,Sikkim,2019-11-01T00:00:00Z,4062,838,1976,2814,0.692762186
12,Arunachal Pradesh,2019-11-01T00:00:00Z,7440,595,2924,3519,0.472983871
13,Nagaland,2019-11-01T00:00:00Z,5024,708,2783,3491,0.69486465
14,Manipur,2019-11-01T00:00:00Z,7565,667,3672,4339,0.573562459
15,Mizoram,2019-11-01T00:00:00Z,4406,664,2125,2789,0.633000454
16,Tripura,2019-11-01T00:00:00Z,10971,1711,5515,7226,0.65864552
17,Meghalaya,2019-11-01T00:00:00Z,15981,1747,6607,8354,0.522745761
18,Assam,2019-11-01T00:00:00Z,94250,9265,43719,52984,0.562164456
19,West Bengal,2019-11-01T00:00:00Z,259704,58073,122410,180483,0.694956566
20,Jharkhand,2019-11-01T00:00:00Z,67502,13118,40514,53632,0.794524607
21,Odisha,2019-11-01T00:00:00Z,92661,16168,54954,71122,0.767550534
22,Chhattisgarh,2019-11-01T00:00:00Z,48984,10319,28848,39167,0.79958762
23,Madhya Pradesh,2019-11-01T00:00:00Z,138001,28630,78206,106836,0.774168303
24,Gujarat,2019-11-01T00:00:00Z,311565,128059,130303,258362,0.829239485
25,Daman and Diu,2019-11-01T00:00:00Z,3188,1636,1151,2787,0.874215809
26,Dadra and Nagar Haveli,2019-11-01T00:00:00Z,3917,2059,1467,3526,0.900178708
27,Maharashtra,2019-11-01T00:00:00Z,528988,154904,217121,372025,0.703276823
29,Karnataka,2019-11-01T00:00:00Z,443261,125863,260241,386104,0.871053397
30,Goa,2019-11-01T00:00:00Z,18104,5174,7089,12263,0.677364118
31,Lakshadweep,2019-11-01T00:00:00Z,178,31,61,92,0.516853933
32,Kerala,2019-11-01T00:00:00Z,180486,55426,98461,153887,0.852625688
33,Tamil Nadu,2019-11-01T00:00:00Z,640748,174944,371929,546873,0.853491544
34,Puducherry,2019-11-01T00:00:00Z,14741,4209,7786,11995,0.813716844
35,Andaman and Nicobar Islands,2019-11-01T00:00:00Z,2906,339,1655,1994,0.686166552
36,Telangana,2019-11-01T00:00:00Z,240217,49826,133768,183594,0.76428396
37,Andhra Pradesh,2019-11-01T00:00:00Z,193704,47355,115416,162771,0.840307892
38,Ladakh,2019-11-01T00:00:00Z,,,,,
97,Other Territory,2019-11-01T00:00:00Z,74,49,7,56,0.756756757
1,Jammu and Kashmir,2019-12-01T00:00:00Z,92194,24884,48837,73721,0.799629043
2,Himachal Pradesh,2019-12-01T00:00:00Z,88745,57329,21620,78949,0.889616316
3,Punjab,2019-12-01T00:00:00Z,308579,225736,60423,286159,0.927344375
4,Chandigarh,2019-12-01T00:00:00Z,27106,20035,5809,25844,0.953442042
5,Uttarakhand,2019-12-01T00:00:00Z,128458,72827,42700,115527,0.899336748
6,Haryana,2019-12-01T00:00:00Z,424443,279971,103961,383932,0.904554911
7,Delhi,2019-12-01T00:00:00Z,746559,460035,180042,640077,0.857369612
8,Rajasthan,2019-12-01T00:00:00Z,541872,368743,139038,507781,0.937086618
9,Uttar Pradesh,2019-12-01T00:00:00Z,1127354,624423,380850,1005273,0.891710146
10,Bihar,2019-12-01T00:00:00Z,332886,146645,124257,270902,0.813798117
11,Sikkim,2019-12-01T00:00:00Z,7450,3061,3088,6149,0.825369128
12,Arunachal Pradesh,2019-12-01T00:00:00Z,12515,3427,5044,8471,0.676867759
13,Nagaland,2019-12-01T00:00:00Z,6694,1700,3490,5190,0.775321183
14,Manipur,2019-12-01T00:00:00Z,10173,2393,4570,6963,0.684458862
15,Mizoram,2019-12-01T00:00:00Z,6083,1668,2624,4292,0.705572908
16,Tripura,2019-12-01T00:00:00Z,24481,10889,9368,20257,0.827458029
17,Meghalaya,2019-12-01T00:00:00Z,26428,7356,10584,17940,0.678825488
18,Assam,2019-12-01T00:00:00Z,146205,57838,62772,120610,0.824937588
19,West Bengal,2019-12-01T00:00:00Z,611342,312982,208528,521510,0.853057699
20,Jharkhand,2019-12-01T00:00:00Z,147404,72364,57248,129612,0.879297712
21,Odisha,2019-12-01T00:00:00Z,222288,102150,93298,195448,0.87925574
22,Chhattisgarh,2019-12-01T00:00:00Z,105112,56144,41136,97280,0.925489002
23,Madhya Pradesh,2019-12-01T00:00:00Z,354752,214331,114948,329279,0.928194908
24,Gujarat,2019-12-01T00:00:00Z,877839,661872,170945,832817,0.948712691
25,Daman and Diu,2019-12-01T00:00:00Z,5767,3777,1656,5433,0.942084273
26,Dadra and Nagar Haveli,2019-12-01T00:00:00Z,7976,5484,2067,7551,0.946715145
27,Maharashtra,2019-12-01T00:00:00Z,1379433,874896,366820,1241716,0.900164053
29,Karnataka,2019-12-01T00:00:00Z,723207,383704,260671,644375,0.89099663
30,Goa,2019-12-01T00:00:00Z,35044,17483,11889,29372,0.83814633
31,Lakshadweep,2019-12-01T00:00:00Z,247,73,108,181,0.732793522
32,Kerala,2019-12-01T00:00:00Z,302709,160850,112347,273197,0.902507028
33,Tamil Nadu,2019-12-01T00:00:00Z,877850,502516,283306,785822,0.8951666
34,Puducherry,2019-12-01T00:00:00Z,20391,10447,6917,17364,0.851552155
35,Andaman and Nicobar Islands,2019-12-01T00:00:00Z,4090,1214,2155,3369,0.823716381
36,Telangana,2019-12-01T00:00:00Z,350234,155108,128992,284100,0.811171959
37,Andhra Pradesh,2019-12-01T00:00:00Z,286760,151471,94807,246278,0.858829683
38,Ladakh,2019-12-01T00:00:00Z,,,,,
97,Other Territory,2019-12-01T00:00:00Z,76,56,5,61,0.802631579
1,Jammu and Kashmir,2020-01-01T00:00:00Z,39353,7077,20418,27495,0.698676086
2,Himachal Pradesh,2020-01-01T00:00:00Z,24254,10351,8714,19065,0.786055908
3,Punjab,2020-01-01T00:00:00Z,95635,59206,22634,81840,0.855753647
4,Chandigarh,2020-01-01T00:00:00Z,9816,6506,2448,8954,0.912184189
5,Uttarakhand,2020-01-01T00:00:00Z,43497,16192,16324,32516,0.747545808
6,Haryana,2020-01-01T00:00:00Z,153606,79984,43810,123794,0.80591904
7,Delhi,2020-01-01T00:00:00Z,253369,104289,76264,180553,0.712608883
8,Rajasthan,2020-01-01T00:00:00Z,152784,78919,47509,126428,0.827495026
9,Uttar Pradesh,2020-01-01T00:00:00Z,386848,137990,170569,308559,0.797623356
10,Bihar,2020-01-01T00:00:00Z,133090,28179,60321,88500,0.664963558
11,Sikkim,2020-01-01T00:00:00Z,3908,1156,1659,2815,0.720317298
12,Arunachal Pradesh,2020-01-01T00:00:00Z,7275,923,2648,3571,0.490859107
13,Nagaland,2020-01-01T00:00:00Z,4925,998,2543,3541,0.718984772
14,Manipur,2020-01-01T00:00:00Z,7119,1032,3306,4338,0.609355247
15,Mizoram,2020-01-01T00:00:00Z,4479,804,2066,2870,0.640768029
16,Tripura,2020-01-01T00:00:00Z,10298,2804,4537,7341,0.712856865
17,Meghalaya,2020-01-01T00:00:00Z,15911,2477,6016,8493,0.53378166
18,Assam,2020-01-01T00:00:00Z,71728,17893,33569,51462,0.717460406
19,West Bengal,2020-01-01T00:00:00Z,246718,87747,93661,181408,0.735284819
20,Jharkhand,2020-01-01T00:00:00Z,63116,22759,31264,54023,0.855931935
21,Odisha,2020-01-01T00:00:00Z,91315,25637,46251,71888,0.787252916
22,Chhattisgarh,2020-01-01T00:00:00Z,46049,17226,21801,39027,0.847510261
23,Madhya Pradesh,2020-01-01T00:00:00Z,121996,52770,53813,106583,0.873659792
24,Gujarat,2020-01-01T00:00:00Z,297941,180734,79114,259848,0.872145828
25,Daman and Diu,2020-01-01T00:00:00Z,3105,1877,899,2776,0.894041868
26,Dadra and Nagar Haveli,2020-01-01T00:00:00Z,4000,2576,959,3535,0.88375
27,Maharashtra,2020-01-01T00:00:00Z,465114,221373,150714,372087,0.79999097
29,Karnataka,2020-01-01T00:00:00Z,443230,194070,195997,390067,0.880055502
30,Goa,2020-01-01T00:00:00Z,17705,6414,5979,12393,0.699971759
31,Lakshadweep,2020-01-01T00:00:00Z,180,39,57,96,0.533333333
32,Kerala,2020-01-01T00:00:00Z,175450,76635,78288,154923,0.883003705
33,Tamil Nadu,2020-01-01T00:00:00Z,620078,296846,256578,553424,0.892507072
34,Puducherry,2020-01-01T00:00:00Z,13562,6083,5908,11991,0.884161628
35,Andaman and Nicobar Islands,2020-01-01T00:00:00Z,2535,449,1555,2004,0.790532544
36,Telangana,2020-01-01T00:00:00Z,239471,82395,103547,185942,0.776469802
37,Andhra Pradesh,2020-01-01T00:00:00Z,192119,79873,83531,163404,0.850535345
38,Ladakh,2020-01-01T00:00:00Z,868,,,382,0.440092166
97,Other Territory,2020-01-01T00:00:00Z,71,54,4,58,0.816901408
1,Jammu and Kashmir,2020-02-01T00:00:00Z,39314,13695,13793,27488,0.699191128
2,Himachal Pradesh,2020-02-01T00:00:00Z,23136,14858,4124,18982,0.820452974
3,Punjab,2020-02-01T00:00:00Z,94540,71371,10540,81911,0.866416332
4,Chandigarh,2020-02-01T00:00:00Z,9666,7826,1122,8948,0.925719015
5,Uttarakhand,2020-02-01T00:00:00Z,42767,23867,8665,32532,0.760679964
6,Haryana,2020-02-01T00:00:00Z,146565,102643,21081,123724,0.844157882
7,Delhi,2020-02-01T00:00:00Z,251087,140232,41034,181266,0.72192507
8,Rajasthan,2020-02-01T00:00:00Z,150750,102068,24063,126131,0.836689884
9,Uttar Pradesh,2020-02-01T00:00:00Z,379844,215306,93154,308460,0.812070218
10,Bihar,2020-02-01T00:00:00Z,108549,50287,35880,86167,0.793807405
11,Sikkim,2020-02-01T00:00:00Z,3729,1818,1023,2841,0.761866452
12,Arunachal Pradesh,2020-02-01T00:00:00Z,7020,1782,1813,3595,0.512108262
13,Nagaland,2020-02-01T00:00:00Z,4794,2023,1534,3557,0.741969128
14,Manipur,2020-02-01T00:00:00Z,7146,2056,2215,4271,0.597677022
15,Mizoram,2020-02-01T00:00:00Z,4501,1857,1027,2884,0.640746501
16,Tripura,2020-02-01T00:00:00Z,9683,4697,2591,7288,0.7526593
17,Meghalaya,2020-02-01T00:00:00Z,15896,4547,3819,8366,0.526295924
18,Assam,2020-02-01T00:00:00Z,70808,30124,21340,51464,0.72681053
19,West Bengal,2020-02-01T00:00:00Z,240337,129485,51735,181220,0.754024557
20,Jharkhand,2020-02-01T00:00:00Z,59716,36278,17450,53728,0.899725367
21,Odisha,2020-02-01T00:00:00Z,88358,45831,26281,72112,0.816134362
22,Chhattisgarh,2020-02-01T00:00:00Z,45889,25407,13538,38945,0.848678332
23,Madhya Pradesh,2020-02-01T00:00:00Z,118866,77968,27896,105864,0.890616324
24,Gujarat,2020-02-01T00:00:00Z,294413,224639,35812,260451,0.884645039
25,Daman and Diu,2020-02-01T00:00:00Z,3077,2328,445,2773,0.90120247
26,Dadra and Nagar Haveli,2020-02-01T00:00:00Z,4015,3139,410,3549,0.883935243
27,Maharashtra,2020-02-01T00:00:00Z,457177,284183,87540,371723,0.813083335
29,Karnataka,2020-02-01T00:00:00Z,443322,301218,88207,389425,0.878424712
30,Goa,2020-02-01T00:00:00Z,17648,9035,3373,12408,0.703082502
31,Lakshadweep,2020-02-01T00:00:00Z,181,54,42,96,0.53038674
32,Kerala,2020-02-01T00:00:00Z,174499,118780,36377,155157,0.889156958
33,Tamil Nadu,2020-02-01T00:00:00Z,613352,454234,100897,555131,0.905077345
34,Puducherry,2020-02-01T00:00:00Z,13336,9563,2423,11986,0.898770246
35,Andaman and Nicobar Islands,2020-02-01T00:00:00Z,2542,842,1156,1998,0.785995279
36,Telangana,2020-02-01T00:00:00Z,238143,135886,50044,185930,0.780749382
37,Andhra Pradesh,2020-02-01T00:00:00Z,188319,128641,34189,162830,0.864649876
38,Ladakh,2020-02-01T00:00:00Z,982,,,439,0.447046843
97,Other Territory,2020-02-01T00:00:00Z,73,58,0,58,0.794520548
1,Jammu and Kashmir,2020-03-01T00:00:00Z,85741,34032,37417,71449,0.833311951
2,Himachal Pradesh,2020-03-01T00:00:00Z,86286,57101,21715,78816,0.913427439
3,Punjab,2020-03-01T00:00:00Z,312194,234063,52658,286721,0.918406504
4,Chandigarh,2020-03-01T00:00:00Z,27176,20426,5222,25648,0.943773918
5,Uttarakhand,2020-03-01T00:00:00Z,131773,76153,38610,114763,0.870914375
6,Haryana,2020-03-01T00:00:00Z,423351,295079,88180,383259,0.90529844
7,Delhi,2020-03-01T00:00:00Z,752110,456725,177640,634365,0.843447102
8,Rajasthan,2020-03-01T00:00:00Z,552190,377455,134003,511458,0.926235535
9,Uttar Pradesh,2020-03-01T00:00:00Z,1155076,632633,369831,1002464,0.867877092
10,Bihar,2020-03-01T00:00:00Z,320339,144552,125449,270001,0.84286022
11,Sikkim,2020-03-01T00:00:00Z,7508,4045,2239,6284,0.836973895
12,Arunachal Pradesh,2020-03-01T00:00:00Z,12538,3981,4659,8640,0.68910512
13,Nagaland,2020-03-01T00:00:00Z,6784,3051,2176,5227,0.770489387
14,Manipur,2020-03-01T00:00:00Z,10531,2966,3757,6723,0.638400912
15,Mizoram,2020-03-01T00:00:00Z,6256,3267,1154,4421,0.706681586
16,Tripura,2020-03-01T00:00:00Z,24205,12693,7521,20214,0.835116711
17,Meghalaya,2020-03-01T00:00:00Z,26706,10227,7324,17551,0.65719314
18,Assam,2020-03-01T00:00:00Z,145908,61855,57747,119602,0.819708309
19,West Bengal,2020-03-01T00:00:00Z,611625,335599,179611,515210,0.842362559
20,Jharkhand,2020-03-01T00:00:00Z,143561,79316,48770,128086,0.892206101
21,Odisha,2020-03-01T00:00:00Z,223069,119490,73779,193269,0.866409048
22,Chhattisgarh,2020-03-01T00:00:00Z,107069,59043,37076,96119,0.897729502
23,Madhya Pradesh,2020-03-01T00:00:00Z,351474,210728,114327,325055,0.9248337
24,Gujarat,2020-03-01T00:00:00Z,893063,680053,159342,839395,0.939905695
25,Daman and Diu,2020-03-01T00:00:00Z,5841,4145,1274,5419,0.927752097
26,Dadra and Nagar Haveli,2020-03-01T00:00:00Z,8238,5797,1800,7597,0.922189852
27,Maharashtra,2020-03-01T00:00:00Z,1380633,751562,473680,1225242,0.887449453
29,Karnataka,2020-03-01T00:00:00Z,734800,452875,184517,637392,0.867436037
30,Goa,2020-03-01T00:00:00Z,36052,20196,9342,29538,0.819316543
31,Lakshadweep,2020-03-01T00:00:00Z,261,103,84,187,0.716475096
32,Kerala,2020-03-01T00:00:00Z,304085,189686,83260,272946,0.897597711
33,Tamil Nadu,2020-03-01T00:00:00Z,876639,568031,216627,784658,0.895075396
34,Puducherry,2020-03-01T00:00:00Z,19681,12605,4490,17095,0.868604238
35,Andaman and Nicobar Islands,2020-03-01T00:00:00Z,3877,1547,1802,3349,0.863812226
36,Telangana,2020-03-01T00:00:00Z,357819,195061,87353,282414,0.789264964
37,Andhra Pradesh,2020-03-01T00:00:00Z,283250,174803,65399,240202,0.848021183
38,Ladakh,2020-03-01T00:00:00Z,3014,1388,1293,2681,0.889515594
97,Other Territory,2020-03-01T00:00:00Z,81,62,3,65,0.802469136
1,Jammu and Kashmir,2020-04-01T00:00:00Z,83180,13540,14183,27723,0.333289252
2,Himachal Pradesh,2020-04-01T00:00:00Z,85603,14787,5556,20343,0.237643541
3,Punjab,2020-04-01T00:00:00Z,311538,71979,15673,87652,0.281352516
4,Chandigarh,2020-04-01T00:00:00Z,27061,7753,1748,9501,0.351095673
5,Uttarakhand,2020-04-01T00:00:00Z,131130,23385,11280,34665,0.264355983
6,Haryana,2020-04-01T00:00:00Z,422507,106227,31544,137771,0.326079805
7,Delhi,2020-04-01T00:00:00Z,749164,143262,60714,203976,0.272271492
8,Rajasthan,2020-04-01T00:00:00Z,550394,104901,33374,138275,0.25122912
9,Uttar Pradesh,2020-04-01T00:00:00Z,1149884,214720,117329,332049,0.288767389
10,Bihar,2020-04-01T00:00:00Z,318417,48046,44290,92336,0.289984517
11,Sikkim,2020-04-01T00:00:00Z,7488,1765,946,2711,0.36204594
12,Arunachal Pradesh,2020-04-01T00:00:00Z,12419,1709,2139,3848,0.309847814
13,Nagaland,2020-04-01T00:00:00Z,6691,2076,1594,3670,0.548497982
14,Manipur,2020-04-01T00:00:00Z,10497,1755,2521,4276,0.407354482
15,Mizoram,2020-04-01T00:00:00Z,6216,2009,877,2886,0.464285714
16,Tripura,2020-04-01T00:00:00Z,24087,4780,2947,7727,0.32079545
17,Meghalaya,2020-04-01T00:00:00Z,26552,4099,3505,7604,0.28638144
18,Assam,2020-04-01T00:00:00Z,145399,26119,27097,53216,0.365999766
19,West Bengal,2020-04-01T00:00:00Z,609898,119273,71223,190496,0.312340752
20,Jharkhand,2020-04-01T00:00:00Z,143166,35601,22240,57841,0.404013523
21,Odisha,2020-04-01T00:00:00Z,222344,46898,30367,77265,0.347502069
22,Chhattisgarh,2020-04-01T00:00:00Z,106663,25514,16283,41797,0.391860345
23,Madhya Pradesh,2020-04-01T00:00:00Z,350378,75653,36875,112528,0.321161717
24,Gujarat,2020-04-01T00:00:00Z,891331,237558,57343,294901,0.330854643
25,Daman and Diu,2020-04-01T00:00:00Z,5835,2407,603,3010,0.515852614
26,Dadra and Nagar Haveli,2020-04-01T00:00:00Z,8236,3295,1016,4311,0.523433706
27,Maharashtra,2020-04-01T00:00:00Z,1377801,243750,160065,403815,0.293086592
29,Karnataka,2020-04-01T00:00:00Z,732776,283703,125796,409499,0.55883244
30,Goa,2020-04-01T00:00:00Z,35971,8714,4228,12942,0.359789831
31,Lakshadweep,2020-04-01T00:00:00Z,261,71,43,114,0.436781609
32,Kerala,2020-04-01T00:00:00Z,303334,115921,57980,173901,0.57329874
33,Tamil Nadu,2020-04-01T00:00:00Z,875149,414691,174191,588882,0.672893416
34,Puducherry,2020-04-01T00:00:00Z,19641,9026,3402,12428,0.632758006
35,Andaman and Nicobar Islands,2020-04-01T00:00:00Z,3848,1018,1084,2102,0.546257796
36,Telangana,2020-04-01T00:00:00Z,356902,129954,61672,191626,0.536914895
37,Andhra Pradesh,2020-04-01T00:00:00Z,282260,117881,49553,167434,0.593190675
38,Ladakh,2020-04-01T00:00:00Z,2812,262,247,509,0.181009957
97,Other Territory,2020-04-01T00:00:00Z,81,55,4,59,0.728395062
1,Jammu and Kashmir,2020-05-01T00:00:00Z,76769,12479,15263,27742,0.361369824
2,Himachal Pradesh,2020-05-01T00:00:00Z,75572,13881,6545,20426,0.270285291
3,Punjab,2020-05-01T00:00:00Z,286301,68215,19669,87884,0.30696365
4,Chandigarh,2020-05-01T00:00:00Z,24413,7324,2179,9503,0.389259821
5,Uttarakhand,2020-05-01T00:00:00Z,113453,21629,13222,34851,0.307184473
6,Haryana,2020-05-01T00:00:00Z,384273,99951,38291,138242,0.359749449
7,Delhi,2020-05-01T00:00:00Z,684312,132143,71797,203940,0.298021955
8,Rajasthan,2020-05-01T00:00:00Z,502451,98873,39792,138665,0.27597716
9,Uttar Pradesh,2020-05-01T00:00:00Z,1037981,200309,131636,331945,0.319798725
10,Bihar,2020-05-01T00:00:00Z,290976,42723,49727,92450,0.317723799
11,Sikkim,2020-05-01T00:00:00Z,6492,1558,1170,2728,0.420209489
12,Arunachal Pradesh,2020-05-01T00:00:00Z,10801,1493,2317,3810,0.352745116
13,Nagaland,2020-05-01T00:00:00Z,6403,1883,1804,3687,0.575823833
14,Manipur,2020-05-01T00:00:00Z,10223,1637,2635,4272,0.417881248
15,Mizoram,2020-05-01T00:00:00Z,5730,1897,993,2890,0.504363002
16,Tripura,2020-05-01T00:00:00Z,21666,4280,3458,7738,0.357149451
17,Meghalaya,2020-05-01T00:00:00Z,23466,3759,3865,7624,0.324895594
18,Assam,2020-05-01T00:00:00Z,133004,22498,30705,53203,0.400010526
19,West Bengal,2020-05-01T00:00:00Z,562058,109558,80630,190188,0.33837789
20,Jharkhand,2020-05-01T00:00:00Z,131410,32828,25074,57902,0.440620957
21,Odisha,2020-05-01T00:00:00Z,196739,42206,35303,77509,0.393968659
22,Chhattisgarh,2020-05-01T00:00:00Z,97781,23348,18525,41873,0.428232479
23,Madhya Pradesh,2020-05-01T00:00:00Z,322626,70023,42747,112770,0.349537855
24,Gujarat,2020-05-01T00:00:00Z,840037,229871,65334,295205,0.351419045
25,Daman and Diu,2020-05-01T00:00:00Z,5437,2317,680,2997,0.551223101
26,Dadra and Nagar Haveli,2020-05-01T00:00:00Z,7705,3191,1149,4340,0.563270604
27,Maharashtra,2020-05-01T00:00:00Z,1292614,230132,173902,404034,0.31257127
29,Karnataka,2020-05-01T00:00:00Z,674591,265798,147239,413037,0.612277662
30,Goa,2020-05-01T00:00:00Z,32261,8150,4842,12992,0.402715353
31,Lakshadweep,2020-05-01T00:00:00Z,248,63,49,112,0.451612903
32,Kerala,2020-05-01T00:00:00Z,287028,101692,72857,174549,0.60812534
33,Tamil Nadu,2020-05-01T00:00:00Z,834053,381081,211562,592643,0.710557962
34,Puducherry,2020-05-01T00:00:00Z,18257,8164,4243,12407,0.679574958
35,Andaman and Nicobar Islands,2020-05-01T00:00:00Z,3734,955,1149,2104,0.563470809
36,Telangana,2020-05-01T00:00:00Z,334097,121851,70870,192721,0.576841456
37,Andhra Pradesh,2020-05-01T00:00:00Z,264867,108710,58964,167674,0.633049795
38,Ladakh,2020-05-01T00:00:00Z,2129,252,275,527,0.247534054
97,Other Territory,2020-05-01T00:00:00Z,77,54,5,59,0.766233766
1,Jammu and Kashmir,2020-06-01T00:00:00Z,83835,19860,53185,73045,0.871294805
2,Himachal Pradesh,2020-06-01T00:00:00Z,85305,38125,40602,78727,0.922888459
3,Punjab,2020-06-01T00:00:00Z,312776,162514,124046,286560,0.916182827
4,Chandigarh,2020-06-01T00:00:00Z,26720,14988,10452,25440,0.952095808
5,Uttarakhand,2020-06-01T00:00:00Z,130093,48813,66617,115430,0.887288325
6,Haryana,2020-06-01T00:00:00Z,424733,204251,179485,383736,0.903475831
7,Delhi,2020-06-01T00:00:00Z,735720,304325,326301,630626,0.857154896
8,Rajasthan,2020-06-01T00:00:00Z,556868,255347,258805,514152,0.923292414
9,Uttar Pradesh,2020-06-01T00:00:00Z,1134575,396346,603753,1000099,0.881474561
10,Bihar,2020-06-01T00:00:00Z,326795,67713,210200,277913,0.850419988
11,Sikkim,2020-06-01T00:00:00Z,7574,2531,3822,6353,0.838790599
12,Arunachal Pradesh,2020-06-01T00:00:00Z,12071,2277,6448,8725,0.722806727
13,Nagaland,2020-06-01T00:00:00Z,6636,1782,3445,5227,0.787673297
14,Manipur,2020-06-01T00:00:00Z,10608,1890,4953,6843,0.645079186
15,Mizoram,2020-06-01T00:00:00Z,6293,2198,2268,4466,0.709677419
16,Tripura,2020-06-01T00:00:00Z,24301,7312,13106,20418,0.840212337
17,Meghalaya,2020-06-01T00:00:00Z,25760,6871,10388,17259,0.669992236
18,Assam,2020-06-01T00:00:00Z,146684,31598,89451,121049,0.825236563
19,West Bengal,2020-06-01T00:00:00Z,606073,198499,316859,515358,0.850323311
20,Jharkhand,2020-06-01T00:00:00Z,144577,49840,79800,129640,0.896684812
21,Odisha,2020-06-01T00:00:00Z,227236,65229,131773,197002,0.866948899
22,Chhattisgarh,2020-06-01T00:00:00Z,107995,33529,64437,97966,0.90713459
23,Madhya Pradesh,2020-06-01T00:00:00Z,353115,130254,199124,329378,0.932778273
24,Gujarat,2020-06-01T00:00:00Z,888717,506474,331107,837581,0.942460873
25,Daman and Diu,2020-06-01T00:00:00Z,5809,3273,2013,5286,0.909967292
26,Dadra and Nagar Haveli,2020-06-01T00:00:00Z,8277,4510,3124,7634,0.922314848
27,Maharashtra,2020-06-01T00:00:00Z,1376699,483334,742824,1226158,0.890650752
29,Karnataka,2020-06-01T00:00:00Z,737436,299151,345550,644701,0.874246714
30,Goa,2020-06-01T00:00:00Z,35630,13986,15604,29590,0.830479933
31,Lakshadweep,2020-06-01T00:00:00Z,266,69,127,196,0.736842105
32,Kerala,2020-06-01T00:00:00Z,303033,106886,166014,272900,0.900561985
33,Tamil Nadu,2020-06-01T00:00:00Z,879453,396084,391520,787604,0.895561218
34,Puducherry,2020-06-01T00:00:00Z,19399,8800,8194,16994,0.876024537
35,Andaman and Nicobar Islands,2020-06-01T00:00:00Z,3825,1137,2262,3399,0.888627451
36,Telangana,2020-06-01T00:00:00Z,358237,136097,149320,285417,0.796726748
37,Andhra Pradesh,2020-06-01T00:00:00Z,281786,111413,129745,241158,0.855819665
38,Ladakh,2020-06-01T00:00:00Z,3108,954,1777,2731,0.878700129
97,Other Territory,2020-06-01T00:00:00Z,81,59,7,66,0.814814815
1,Jammu and Kashmir,2020-07-01T00:00:00Z,48665,3764,24590,28354,0.582636392
2,Himachal Pradesh,2020-07-01T00:00:00Z,34872,6182,14665,20847,0.597814866
3,Punjab,2020-07-01T00:00:00Z,125200,37751,51183,88934,0.710335463
4,Chandigarh,2020-07-01T00:00:00Z,12533,4291,5269,9560,0.762786244
5,Uttarakhand,2020-07-01T00:00:00Z,63308,8113,27554,35667,0.563388513
6,Haryana,2020-07-01T00:00:00Z,216203,50298,90694,140992,0.652127861
7,Delhi,2020-07-01T00:00:00Z,377107,63323,145046,208369,0.552546094
8,Rajasthan,2020-07-01T00:00:00Z,233458,45155,96552,141707,0.606991407
9,Uttar Pradesh,2020-07-01T00:00:00Z,560923,59463,280756,340219,0.60653423
10,Bihar,2020-07-01T00:00:00Z,182406,9918,85520,95438,0.523217438
11,Sikkim,2020-07-01T00:00:00Z,4791,670,2082,2752,0.574410353
12,Arunachal Pradesh,2020-07-01T00:00:00Z,8791,467,3382,3849,0.437834149
13,Nagaland,2020-07-01T00:00:00Z,5537,492,3225,3717,0.671302149
14,Manipur,2020-07-01T00:00:00Z,9207,464,3918,4382,0.475942218
15,Mizoram,2020-07-01T00:00:00Z,5052,576,2397,2973,0.58847981
16,Tripura,2020-07-01T00:00:00Z,13258,1425,6503,7928,0.597978579
17,Meghalaya,2020-07-01T00:00:00Z,16534,1347,6330,7677,0.464315955
18,Assam,2020-07-01T00:00:00Z,100364,6431,48083,54514,0.543162887
19,West Bengal,2020-07-01T00:00:00Z,322040,36589,155874,192463,0.59763694
20,Jharkhand,2020-07-01T00:00:00Z,86442,9910,49208,59118,0.683903658
21,Odisha,2020-07-01T00:00:00Z,127114,11999,67209,79208,0.623125698
22,Chhattisgarh,2020-07-01T00:00:00Z,65023,7601,35204,42805,0.658305523
23,Madhya Pradesh,2020-07-01T00:00:00Z,166950,23842,90866,114708,0.687079964
24,Gujarat,2020-07-01T00:00:00Z,410545,107856,191449,299305,0.729043101
25,Daman and Diu,2020-07-01T00:00:00Z,3881,1288,3469,4757,
26,Dadra and Nagar Haveli,2020-07-01T00:00:00Z,10430,1687,2740,4427,0.424448706
27,Maharashtra,2020-07-01T00:00:00Z,745641,107818,301687,409505,0.549198609
29,Karnataka,2020-07-01T00:00:00Z,540612,89693,330091,419784,0.776497747
30,Goa,2020-07-01T00:00:00Z,23074,4118,9000,13118,0.568518679
31,Lakshadweep,2020-07-01T00:00:00Z,232,37,79,116,0.5
32,Kerala,2020-07-01T00:00:00Z,226941,26862,150666,177528,0.782264994
33,Tamil Nadu,2020-07-01T00:00:00Z,738453,119368,485769,605137,0.819465829
34,Puducherry,2020-07-01T00:00:00Z,15746,3064,9608,12672,0.804775816
35,Andaman and Nicobar Islands,2020-07-01T00:00:00Z,3160,246,1891,2137,0.676265823
36,Telangana,2020-07-01T00:00:00Z,284869,37224,159428,196652,0.690324325
37,Andhra Pradesh,2020-07-01T00:00:00Z,221339,30291,140252,170543,0.770505876
38,Ladakh,2020-07-01T00:00:00Z,1509,113,449,562,0.372432074
97,Other Territory,2020-07-01T00:00:00Z,75,33,27,60,0.8
1,Jammu and Kashmir,2020-08-01T00:00:00Z,46482,5115,23468,28583,0.614926208
2,Himachal Pradesh,2020-08-01T00:00:00Z,33395,7509,13517,21026,0.629615212
3,Punjab,2020-08-01T00:00:00Z,120831,42958,46337,89295,0.739007374
4,Chandigarh,2020-08-01T00:00:00Z,11962,4900,4673,9573,0.800284233
5,Uttarakhand,2020-08-01T00:00:00Z,61226,10542,25472,36014,0.588214157
6,Haryana,2020-08-01T00:00:00Z,208829,60014,82537,142551,0.682620709
7,Delhi,2020-08-01T00:00:00Z,358920,79685,131000,210685,0.586997102
8,Rajasthan,2020-08-01T00:00:00Z,221561,56141,86530,142671,0.64393553
9,Uttar Pradesh,2020-08-01T00:00:00Z,535952,81653,262268,343921,0.641701122
10,Bihar,2020-08-01T00:00:00Z,174793,13343,83285,96628,0.5528139
11,Sikkim,2020-08-01T00:00:00Z,4633,726,2035,2761,0.595942154
12,Arunachal Pradesh,2020-08-01T00:00:00Z,8479,724,3186,3910,0.461139285
13,Nagaland,2020-08-01T00:00:00Z,5469,744,3030,3774,0.690071311
14,Manipur,2020-08-01T00:00:00Z,9255,652,3816,4468,0.482766072
15,Mizoram,2020-08-01T00:00:00Z,5122,611,2403,3014,0.588442015
16,Tripura,2020-08-01T00:00:00Z,12920,1848,6175,8023,0.620975232
17,Meghalaya,2020-08-01T00:00:00Z,16064,1476,6262,7738,0.481698207
18,Assam,2020-08-01T00:00:00Z,96252,9331,45894,55225,0.573754312
19,West Bengal,2020-08-01T00:00:00Z,307068,44174,148926,193100,0.628850939
20,Jharkhand,2020-08-01T00:00:00Z,83687,12954,46679,59633,0.712571845
21,Odisha,2020-08-01T00:00:00Z,123894,15442,64361,79803,0.644123202
22,Chhattisgarh,2020-08-01T00:00:00Z,62560,9816,33298,43114,0.689162404
23,Madhya Pradesh,2020-08-01T00:00:00Z,161498,29126,86144,115270,0.713754969
24,Gujarat,2020-08-01T00:00:00Z,395753,138031,163195,301226,0.761146473
25,Daman and Diu,2020-08-01T00:00:00Z,,,,478,
26,Dadra and Nagar Haveli,2020-08-01T00:00:00Z,11357,3151,4367,7518,0.661970591
27,Maharashtra,2020-08-01T00:00:00Z,686690,135661,276301,411962,0.599924274
29,Karnataka,2020-08-01T00:00:00Z,536259,116429,307032,423461,0.789657609
30,Goa,2020-08-01T00:00:00Z,22269,4755,8385,13140,0.590057928
31,Lakshadweep,2020-08-01T00:00:00Z,238,41,78,119,0.5
32,Kerala,2020-08-01T00:00:00Z,224663,47725,132095,179820,0.80039882
33,Tamil Nadu,2020-08-01T00:00:00Z,740008,183117,427605,610722,0.825291078
34,Puducherry,2020-08-01T00:00:00Z,15724,3876,8903,12779,0.81270669
35,Andaman and Nicobar Islands,2020-08-01T00:00:00Z,3114,403,1731,2134,0.685292229
36,Telangana,2020-08-01T00:00:00Z,281986,48092,150313,198405,0.70359876
37,Andhra Pradesh,2020-08-01T00:00:00Z,220187,42717,128731,171448,0.778647241
38,Ladakh,2020-08-01T00:00:00Z,1439,124,462,586,0.407227241
97,Other Territory,2020-08-01T00:00:00Z,75,51,9,60,0.8
1,Jammu and Kashmir,2020-09-01T00:00:00Z,88382,33086,41413,74499,0.842920504
2,Himachal Pradesh,2020-09-01T00:00:00Z,89380,54419,27294,81713,0.914220183
3,Punjab,2020-09-01T00:00:00Z,318929,206048,87138,293186,0.919282975
4,Chandigarh,2020-09-01T00:00:00Z,27174,18792,6872,25664,0.944432178
5,Uttarakhand,2020-09-01T00:00:00Z,138271,67081,52935,120016,0.867976655
6,Haryana,2020-09-01T00:00:00Z,444211,272954,126106,399060,0.898356862
7,Delhi,2020-09-01T00:00:00Z,764172,431348,218424,649772,0.850295483
8,Rajasthan,2020-09-01T00:00:00Z,582052,338909,196697,535606,0.920203006
9,Uttar Pradesh,2020-09-01T00:00:00Z,1210642,561852,485475,1047327,0.8651005
10,Bihar,2020-09-01T00:00:00Z,355383,127472,164008,291480,0.820185546
11,Sikkim,2020-09-01T00:00:00Z,7706,3708,2682,6390,0.829223981
12,Arunachal Pradesh,2020-09-01T00:00:00Z,12614,3781,5191,8972,0.711273189
13,Nagaland,2020-09-01T00:00:00Z,6814,2657,2726,5383,0.789991195
14,Manipur,2020-09-01T00:00:00Z,11315,2898,4197,7095,0.627043747
15,Mizoram,2020-09-01T00:00:00Z,6663,3025,1604,4629,0.694732103
16,Tripura,2020-09-01T00:00:00Z,25352,10474,10561,21035,0.829717577
17,Meghalaya,2020-09-01T00:00:00Z,25659,8368,9158,17526,0.683035192
18,Assam,2020-09-01T00:00:00Z,156081,54878,70653,125531,0.804268297
19,West Bengal,2020-09-01T00:00:00Z,616763,283870,237173,521043,0.844802623
20,Jharkhand,2020-09-01T00:00:00Z,153397,71992,61831,133823,0.872396461
21,Odisha,2020-09-01T00:00:00Z,242455,104079,98961,203040,0.837433751
22,Chhattisgarh,2020-09-01T00:00:00Z,113499,48332,52811,101143,0.891135605
23,Madhya Pradesh,2020-09-01T00:00:00Z,374326,178043,160478,338521,0.904348082
24,Gujarat,2020-09-01T00:00:00Z,919225,645871,217251,863122,0.938967065
25,Daman and Diu,2020-09-01T00:00:00Z,,,,417,
26,Dadra and Nagar Haveli,2020-09-01T00:00:00Z,14364,8827,4170,12997,0.904831523
27,Maharashtra,2020-09-01T00:00:00Z,1408098,737066,510839,1247905,0.886234481
29,Karnataka,2020-09-01T00:00:00Z,768520,434938,225658,660596,0.859569042
30,Goa,2020-09-01T00:00:00Z,36289,18702,11164,29866,0.823004216
31,Lakshadweep,2020-09-01T00:00:00Z,289,92,119,211,0.730103806
32,Kerala,2020-09-01T00:00:00Z,313197,193286,87069,280355,0.895139481
33,Tamil Nadu,2020-09-01T00:00:00Z,928683,592518,219772,812290,0.874668751
34,Puducherry,2020-09-01T00:00:00Z,20172,11826,5492,17318,0.858516756
35,Andaman and Nicobar Islands,2020-09-01T00:00:00Z,3868,1474,1950,3424,0.885211996
36,Telangana,2020-09-01T00:00:00Z,371659,176167,117017,293184,0.788852147
37,Andhra Pradesh,2020-09-01T00:00:00Z,291802,160948,84611,245559,0.841526103
38,Ladakh,2020-09-01T00:00:00Z,3518,1180,1887,3067,0.87180216
97,Other Territory,2020-09-01T00:00:00Z,82,61,5,66,0.804878049
1,Jammu and Kashmir,2020-10-01T00:00:00Z,40367,6289,22849,29138,0.721827235
2,Himachal Pradesh,2020-10-01T00:00:00Z,29840,8752,12800,21552,0.722252011
3,Punjab,2020-10-01T00:00:00Z,113974,47342,42572,89914,0.788899223
4,Chandigarh,2020-10-01T00:00:00Z,11638,5512,4106,9618,0.826430658
5,Uttarakhand,2020-10-01T00:00:00Z,55999,12050,24959,37009,0.660886802
6,Haryana,2020-10-01T00:00:00Z,197957,64929,79653,144582,0.730370737
7,Delhi,2020-10-01T00:00:00Z,333237,92476,121784,214260,0.642965817
8,Rajasthan,2020-10-01T00:00:00Z,198905,59784,84714,144498,0.726467409
9,Uttar Pradesh,2020-10-01T00:00:00Z,495943,96105,256825,352930,0.7116342
10,Bihar,2020-10-01T00:00:00Z,163328,17578,81648,99226,0.60752596
11,Sikkim,2020-10-01T00:00:00Z,4195,971,1810,2781,0.662932062
12,Arunachal Pradesh,2020-10-01T00:00:00Z,7886,892,3119,4011,0.508622876
13,Nagaland,2020-10-01T00:00:00Z,5399,797,3044,3841,0.711428042
14,Manipur,2020-10-01T00:00:00Z,8891,773,3816,4589,0.516139917
15,Mizoram,2020-10-01T00:00:00Z,5175,759,2332,3091,0.597294686
16,Tripura,2020-10-01T00:00:00Z,12221,2399,5804,8203,0.671221668
17,Meghalaya,2020-10-01T00:00:00Z,15065,1776,6147,7923,0.525921009
18,Assam,2020-10-01T00:00:00Z,90207,13154,43139,56293,0.62404248
19,West Bengal,2020-10-01T00:00:00Z,279354,62903,132014,194917,0.697741933
20,Jharkhand,2020-10-01T00:00:00Z,79643,16755,44016,60771,0.763042578
21,Odisha,2020-10-01T00:00:00Z,117700,20638,61193,81831,0.695250637
22,Chhattisgarh,2020-10-01T00:00:00Z,58990,12201,31493,43694,0.740701814
23,Madhya Pradesh,2020-10-01T00:00:00Z,155463,33782,83541,117323,0.754668313
24,Gujarat,2020-10-01T00:00:00Z,374721,165152,140158,305310,0.814766186
25,Daman and Diu,2020-10-01T00:00:00Z,,,,148,
26,Dadra and Nagar Haveli,2020-10-01T00:00:00Z,9452,4051,3555,7606,0.804697419
27,Maharashtra,2020-10-01T00:00:00Z,587071,169307,247980,417287,0.710794776
29,Karnataka,2020-10-01T00:00:00Z,524373,148973,282480,431453,0.822797894
30,Goa,2020-10-01T00:00:00Z,20568,5691,7641,13332,0.648191365
31,Lakshadweep,2020-10-01T00:00:00Z,226,45,80,125,0.553097345
32,Kerala,2020-10-01T00:00:00Z,217708,92423,91973,184396,0.846987708
33,Tamil Nadu,2020-10-01T00:00:00Z,734303,247159,376000,623159,0.848640139
34,Puducherry,2020-10-01T00:00:00Z,15422,5214,7767,12981,0.841719621
35,Andaman and Nicobar Islands,2020-10-01T00:00:00Z,3008,477,1687,2164,0.719414894
36,Telangana,2020-10-01T00:00:00Z,277254,58039,144523,202562,0.730600821
37,Andhra Pradesh,2020-10-01T00:00:00Z,216277,54902,119754,174656,0.807556976
38,Ladakh,2020-10-01T00:00:00Z,1259,131,488,619,0.491660048
97,Other Territory,2020-10-01T00:00:00Z,75,51,9,60,0.8
1,Jammu and Kashmir,2020-11-01T00:00:00Z,37461,7315,22096,29411,0.785109848
2,Himachal Pradesh,2020-11-01T00:00:00Z,28848,9313,12467,21780,0.754991681
3,Punjab,2020-11-01T00:00:00Z,111535,49890,40522,90412,0.810615502
4,Chandigarh,2020-11-01T00:00:00Z,11277,5870,3796,9666,0.857142857
5,Uttarakhand,2020-11-01T00:00:00Z,53588,13215,24260,37475,0.699317011
6,Haryana,2020-11-01T00:00:00Z,192342,69943,76405,146348,0.76087386
7,Delhi,2020-11-01T00:00:00Z,323065,100713,116952,217665,0.673749865
8,Rajasthan,2020-11-01T00:00:00Z,191155,63232,82705,145937,0.76344851
9,Uttar Pradesh,2020-11-01T00:00:00Z,477702,102581,255558,358139,0.749712164
10,Bihar,2020-11-01T00:00:00Z,160483,17471,83082,100553,0.626564807
11,Sikkim,2020-11-01T00:00:00Z,4132,1011,1835,2846,0.688770571
12,Arunachal Pradesh,2020-11-01T00:00:00Z,7852,905,3171,4076,0.519103413
13,Nagaland,2020-11-01T00:00:00Z,5432,938,2989,3927,0.722938144
14,Manipur,2020-11-01T00:00:00Z,8781,856,3842,4698,0.535018791
15,Mizoram,2020-11-01T00:00:00Z,5189,854,2318,3172,0.61129312
16,Tripura,2020-11-01T00:00:00Z,12022,2504,5835,8339,0.693644984
17,Meghalaya,2020-11-01T00:00:00Z,14868,1769,6188,7957,0.535176217
18,Assam,2020-11-01T00:00:00Z,89207,13453,43579,57032,0.639322026
19,West Bengal,2020-11-01T00:00:00Z,276143,67198,129590,196788,0.712630775
20,Jharkhand,2020-11-01T00:00:00Z,78780,17356,44246,61602,0.781949733
21,Odisha,2020-11-01T00:00:00Z,115490,21060,61921,82981,0.718512425
22,Chhattisgarh,2020-11-01T00:00:00Z,57896,13052,30951,44003,0.760035236
23,Madhya Pradesh,2020-11-01T00:00:00Z,151258,35328,82930,118258,0.781829721
24,Gujarat,2020-11-01T00:00:00Z,367134,165581,141988,307569,0.837756786
25,Daman and Diu,2020-11-01T00:00:00Z,,,,135,
26,Dadra and Nagar Haveli,2020-11-01T00:00:00Z,9245,4161,3476,7637,0.826068145
27,Maharashtra,2020-11-01T00:00:00Z,562582,183019,237974,420993,0.748322911
29,Karnataka,2020-11-01T00:00:00Z,516478,159373,277690,437063,0.8462374
30,Goa,2020-11-01T00:00:00Z,20258,6052,7378,13430,0.662947971
31,Lakshadweep,2020-11-01T00:00:00Z,223,55,73,128,0.573991031
32,Kerala,2020-11-01T00:00:00Z,217966,98893,88522,187415,0.859835938
33,Tamil Nadu,2020-11-01T00:00:00Z,728636,273421,357391,630812,0.865743664
34,Puducherry,2020-11-01T00:00:00Z,15413,5748,7363,13111,0.850645559
35,Andaman and Nicobar Islands,2020-11-01T00:00:00Z,2995,538,1642,2180,0.7278798
36,Telangana,2020-11-01T00:00:00Z,276584,61892,143784,205676,0.743629422
37,Andhra Pradesh,2020-11-01T00:00:00Z,214950,61074,115622,176696,0.822033031
38,Ladakh,2020-11-01T00:00:00Z,1219,187,446,633,0.519278097
97,Other Territory,2020-11-01T00:00:00Z,75,49,11,60,0.8
1,Jammu and Kashmir,2020-12-01T00:00:00Z,84627,48387,27418,75805,0.89575431
2,Himachal Pradesh,2020-12-01T00:00:00Z,91034,67737,16616,84353,0.926609838
3,Punjab,2020-12-01T00:00:00Z,323550,261254,38384,299638,0.926094885
4,Chandigarh,2020-12-01T00:00:00Z,26992,22633,3298,25931,0.960692057
5,Uttarakhand,2020-12-01T00:00:00Z,140248,89694,35308,125002,0.891292567
6,Haryana,2020-12-01T00:00:00Z,454238,344564,68254,412818,0.908814322
7,Delhi,2020-12-01T00:00:00Z,767321,559256,111889,671145,0.874660018
8,Rajasthan,2020-12-01T00:00:00Z,594970,441179,114822,556001,0.93450258
9,Uttar Pradesh,2020-12-01T00:00:00Z,1231355,795860,295609,1091469,0.886396693
10,Bihar,2020-12-01T00:00:00Z,372999,186736,119801,306537,0.821817217
11,Sikkim,2020-12-01T00:00:00Z,7893,4742,1839,6581,0.833776764
12,Arunachal Pradesh,2020-12-01T00:00:00Z,13123,5389,4014,9403,0.716528233
13,Nagaland,2020-12-01T00:00:00Z,7088,3496,2087,5583,0.7876693
14,Manipur,2020-12-01T00:00:00Z,11593,4406,3108,7514,0.648149746
15,Mizoram,2020-12-01T00:00:00Z,6826,3841,1138,4979,0.729416935
16,Tripura,2020-12-01T00:00:00Z,25839,14984,6749,21733,0.841092922
17,Meghalaya,2020-12-01T00:00:00Z,26317,10570,7499,18069,0.686590417
18,Assam,2020-12-01T00:00:00Z,161396,78978,52175,131153,0.812616174
19,West Bengal,2020-12-01T00:00:00Z,625592,377312,155016,532328,0.85091881
20,Jharkhand,2020-12-01T00:00:00Z,155521,97125,41476,138601,0.891204403
21,Odisha,2020-12-01T00:00:00Z,248265,137989,74043,212032,0.854055143
22,Chhattisgarh,2020-12-01T00:00:00Z,115872,66695,37815,104510,0.901943524
23,Madhya Pradesh,2020-12-01T00:00:00Z,378853,236864,111703,348567,0.920058704
24,Gujarat,2020-12-01T00:00:00Z,933808,779825,111091,890916,0.954067646
25,Daman and Diu,2020-12-01T00:00:00Z,,,,101,
26,Dadra and Nagar Haveli,2020-12-01T00:00:00Z,14477,10814,2430,13244,0.914830421
27,Maharashtra,2020-12-01T00:00:00Z,1406326,948488,335095,1283583,0.912720806
29,Karnataka,2020-12-01T00:00:00Z,769503,536807,145305,682112,0.886431892
30,Goa,2020-12-01T00:00:00Z,36918,22521,8100,30621,0.829432797
31,Lakshadweep,2020-12-01T00:00:00Z,275,125,83,208,0.756363636
32,Kerala,2020-12-01T00:00:00Z,320883,236812,53938,290750,0.906093498
33,Tamil Nadu,2020-12-01T00:00:00Z,923873,701607,139672,841279,0.910600266
34,Puducherry,2020-12-01T00:00:00Z,20149,14250,3502,17752,0.88103628
35,Andaman and Nicobar Islands,2020-12-01T00:00:00Z,4014,2186,1336,3522,0.877428999
36,Telangana,2020-12-01T00:00:00Z,381213,227185,79298,306483,0.80396786
37,Andhra Pradesh,2020-12-01T00:00:00Z,297340,202786,52735,255521,0.859356292
38,Ladakh,2020-12-01T00:00:00Z,3842,1914,1384,3298,0.85840708
97,Other Territory,2020-12-01T00:00:00Z,81,61,6,67,0.827160494
1,Jammu and Kashmir,2021-01-01T00:00:00Z,45594,12473,27081,39554,0.867526429
2,Himachal Pradesh,2021-01-01T00:00:00Z,40247,16126,18695,34821,0.865182498
3,Punjab,2021-01-01T00:00:00Z,144846,81466,44850,126316,0.872071027
4,Chandigarh,2021-01-01T00:00:00Z,12935,7487,4789,12276,0.949052957
5,Uttarakhand,2021-01-01T00:00:00Z,71286,24007,35606,59613,0.836251157
6,Haryana,2021-01-01T00:00:00Z,236575,106627,94683,201310,0.850935221
7,Delhi,2021-01-01T00:00:00Z,376806,158795,148906,307701,0.816603239
8,Rajasthan,2021-01-01T00:00:00Z,254447,109499,115335,224834,0.883618199
9,Uttar Pradesh,2021-01-01T00:00:00Z,676361,242574,330223,572797,0.846880586
10,Bihar,2021-01-01T00:00:00Z,223136,44357,120612,164969,0.739320414
11,Sikkim,2021-01-01T00:00:00Z,5263,1454,2567,4021,0.76401292
12,Arunachal Pradesh,2021-01-01T00:00:00Z,9474,1402,4643,6045,0.638062065
13,Nagaland,2021-01-01T00:00:00Z,5686,1155,3225,4380,0.77031305
14,Manipur,2021-01-01T00:00:00Z,9712,1398,4477,5875,0.604921746
15,Mizoram,2021-01-01T00:00:00Z,5390,979,2750,3729,0.691836735
16,Tripura,2021-01-01T00:00:00Z,15840,4963,7286,12249,0.773295455
17,Meghalaya,2021-01-01T00:00:00Z,16878,2621,7627,10248,0.607180946
18,Assam,2021-01-01T00:00:00Z,108391,24068,57475,81543,0.752304158
19,West Bengal,2021-01-01T00:00:00Z,329857,100403,153660,254063,0.770221641
20,Jharkhand,2021-01-01T00:00:00Z,96040,31772,51753,83525,0.869689713
21,Odisha,2021-01-01T00:00:00Z,136681,32187,78275,110462,0.808173777
22,Chhattisgarh,2021-01-01T00:00:00Z,66185,19722,37358,57080,0.862431064
23,Madhya Pradesh,2021-01-01T00:00:00Z,171744,56135,96048,152183,0.886103736
24,Gujarat,2021-01-01T00:00:00Z,471208,287241,147990,435231,0.923649429
25,Daman and Diu,2021-01-01T00:00:00Z,,,,97,
26,Dadra and Nagar Haveli,2021-01-01T00:00:00Z,10244,5615,3422,9037,0.882174932
27,Maharashtra,2021-01-01T00:00:00Z,685313,269508,333467,602975,0.879853439
29,Karnataka,2021-01-01T00:00:00Z,526610,207855,255002,462857,0.878936974
30,Goa,2021-01-01T00:00:00Z,23527,7394,10156,17550,0.74595146
31,Lakshadweep,2021-01-01T00:00:00Z,225,56,107,163,0.724444444
32,Kerala,2021-01-01T00:00:00Z,237287,108630,103917,212547,0.895738072
33,Tamil Nadu,2021-01-01T00:00:00Z,726271,336997,325427,662424,0.912089289
34,Puducherry,2021-01-01T00:00:00Z,15728,6751,7266,14017,0.891213123
35,Andaman and Nicobar Islands,2021-01-01T00:00:00Z,3140,784,1921,2705,0.861464968
36,Telangana,2021-01-01T00:00:00Z,286200,84376,140810,225186,0.786813417
37,Andhra Pradesh,2021-01-01T00:00:00Z,215263,82991,99655,182646,0.848478373
38,Ladakh,2021-01-01T00:00:00Z,1986,360,1151,1511,0.76082578
97,Other Territory,2021-01-01T00:00:00Z,74,45,17,62,0.837837838
1,Jammu and Kashmir,2021-02-01T00:00:00Z,44931,14318,26034,40352,0.89808818
2,Himachal Pradesh,2021-02-01T00:00:00Z,40011,18216,17855,36071,0.90152708
3,Punjab,2021-02-01T00:00:00Z,144289,88853,40142,128995,0.894004394
4,Chandigarh,2021-02-01T00:00:00Z,12728,8261,4161,12422,0.975958517
5,Uttarakhand,2021-02-01T00:00:00Z,69175,27077,34281,61358,0.886996747
6,Haryana,2021-02-01T00:00:00Z,231251,121858,83848,205706,0.889535613
7,Delhi,2021-02-01T00:00:00Z,362361,182246,130460,312706,0.862968145
8,Rajasthan,2021-02-01T00:00:00Z,254024,127979,106161,234140,0.921723932
9,Uttar Pradesh,2021-02-01T00:00:00Z,652080,271211,315726,586937,0.900099681
10,Bihar,2021-02-01T00:00:00Z,218799,52891,118425,171316,0.782983469
11,Sikkim,2021-02-01T00:00:00Z,5091,1524,2621,4145,0.81418189
12,Arunachal Pradesh,2021-02-01T00:00:00Z,9339,1579,4582,6161,0.659706607
13,Nagaland,2021-02-01T00:00:00Z,5622,1323,3135,4458,0.792956243
14,Manipur,2021-02-01T00:00:00Z,9310,1503,4480,5983,0.64264232
15,Mizoram,2021-02-01T00:00:00Z,5125,943,2873,3816,0.744585366
16,Tripura,2021-02-01T00:00:00Z,15498,5490,6922,12412,0.800877533
17,Meghalaya,2021-02-01T00:00:00Z,16511,2917,7321,10238,0.620071468
18,Assam,2021-02-01T00:00:00Z,101826,27000,56461,83461,0.819643313
19,West Bengal,2021-02-01T00:00:00Z,323426,117872,139978,257850,0.797245738
20,Jharkhand,2021-02-01T00:00:00Z,92820,36180,48792,84972,0.915449257
21,Odisha,2021-02-01T00:00:00Z,130520,36811,76452,113263,0.867782715
22,Chhattisgarh,2021-02-01T00:00:00Z,65739,22569,36786,59355,0.902888696
23,Madhya Pradesh,2021-02-01T00:00:00Z,169380,63462,92972,156434,0.923568308
24,Gujarat,2021-02-01T00:00:00Z,469534,313855,133374,447229,0.952495453
25,Daman and Diu,2021-02-01T00:00:00Z,,,,94,
26,Dadra and Nagar Haveli,2021-02-01T00:00:00Z,10219,5981,3156,9137,0.894118798
27,Maharashtra,2021-02-01T00:00:00Z,667446,310190,306433,616623,0.923854514
29,Karnataka,2021-02-01T00:00:00Z,525208,223519,247788,471307,0.897372089
30,Goa,2021-02-01T00:00:00Z,22628,8005,9732,17737,0.783851865
31,Lakshadweep,2021-02-01T00:00:00Z,222,62,105,167,0.752252252
32,Kerala,2021-02-01T00:00:00Z,231690,114882,100276,215158,0.928646036
33,Tamil Nadu,2021-02-01T00:00:00Z,715104,358758,311803,670561,0.937711158
34,Puducherry,2021-02-01T00:00:00Z,15666,7238,6926,14164,0.90412358
35,Andaman and Nicobar Islands,2021-02-01T00:00:00Z,3100,829,1903,2732,0.881290323
36,Telangana,2021-02-01T00:00:00Z,282748,89799,139439,229238,0.810750209
37,Andhra Pradesh,2021-02-01T00:00:00Z,211125,83653,101554,185207,0.877238603
38,Ladakh,2021-02-01T00:00:00Z,2072,436,1264,1700,0.82046332
97,Other Territory,2021-02-01T00:00:00Z,75,54,9,63,0.84
1,Jammu and Kashmir,2021-03-01T00:00:00Z,84140,29823,48705,78528,0.93330164
2,Himachal Pradesh,2021-03-01T00:00:00Z,90790,41240,45993,87233,0.960821676
3,Punjab,2021-03-01T00:00:00Z,318519,209730,94387,304117,0.954784487
4,Chandigarh,2021-03-01T00:00:00Z,26399,17697,8475,26172,0.991401189
5,Uttarakhand,2021-03-01T00:00:00Z,138667,59508,69885,129393,0.933120353
6,Haryana,2021-03-01T00:00:00Z,438177,261060,156607,417667,0.953192431
7,Delhi,2021-03-01T00:00:00Z,717401,451790,223626,675416,0.941476246
8,Rajasthan,2021-03-01T00:00:00Z,590776,311408,260922,572330,0.96877666
9,Uttar Pradesh,2021-03-01T00:00:00Z,1203078,530623,594250,1124873,0.934995902
10,Bihar,2021-03-01T00:00:00Z,376756,101354,221709,323063,0.857486012
11,Sikkim,2021-03-01T00:00:00Z,7885,2399,4519,6918,0.87736208
12,Arunachal Pradesh,2021-03-01T00:00:00Z,12705,2446,7269,9715,0.764659583
13,Nagaland,2021-03-01T00:00:00Z,6948,1693,4125,5818,0.83736327
14,Manipur,2021-03-01T00:00:00Z,10990,1883,5930,7813,0.710919017
15,Mizoram,2021-03-01T00:00:00Z,6600,1240,3994,5234,0.793030303
16,Tripura,2021-03-01T00:00:00Z,25465,9462,12918,22380,0.878853328
17,Meghalaya,2021-03-01T00:00:00Z,25358,5747,12670,18417,0.726279675
18,Assam,2021-03-01T00:00:00Z,155251,43223,92450,135673,0.873894532
19,West Bengal,2021-03-01T00:00:00Z,619161,266712,278835,545547,0.881106853
20,Jharkhand,2021-03-01T00:00:00Z,153057,59772,83803,143575,0.938049223
21,Odisha,2021-03-01T00:00:00Z,245647,80693,140805,221498,0.901692266
22,Chhattisgarh,2021-03-01T00:00:00Z,116311,32780,76267,109047,0.93754675
23,Madhya Pradesh,2021-03-01T00:00:00Z,378386,109678,248290,357968,0.94603923
24,Gujarat,2021-03-01T00:00:00Z,935950,645743,270187,915930,0.978609968
25,Daman and Diu,2021-03-01T00:00:00Z,,,,107,
26,Dadra and Nagar Haveli,2021-03-01T00:00:00Z,13967,8838,4545,13383,0.958187155
27,Maharashtra,2021-03-01T00:00:00Z,1363993,653465,655790,1309255,0.959869296
29,Karnataka,2021-03-01T00:00:00Z,765317,347169,359385,706554,0.923217438
30,Goa,2021-03-01T00:00:00Z,35459,14325,16699,31024,0.874925971
31,Lakshadweep,2021-03-01T00:00:00Z,272,68,146,214,0.786764706
32,Kerala,2021-03-01T00:00:00Z,314391,151488,147181,298669,0.949992207
33,Tamil Nadu,2021-03-01T00:00:00Z,910875,469211,397300,866511,0.951295183
34,Puducherry,2021-03-01T00:00:00Z,19723,9293,8835,18128,0.91912995
35,Andaman and Nicobar Islands,2021-03-01T00:00:00Z,3984,1182,2451,3633,0.91189759
36,Telangana,2021-03-01T00:00:00Z,372165,127888,189773,317661,0.853548829
37,Andhra Pradesh,2021-03-01T00:00:00Z,290704,117554,145082,262636,0.903448181
38,Ladakh,2021-03-01T00:00:00Z,4235,1073,2709,3782,0.893034238
97,Other Territory,2021-03-01T00:00:00Z,81,63,6,69,0.851851852
1,Jammu and Kashmir,2021-04-01T00:00:00Z,54507,5487,46285,51772,0.949822959
2,Himachal Pradesh,2021-04-01T00:00:00Z,44420,6731,35112,41843,0.941985592
3,Punjab,2021-04-01T00:00:00Z,160461,33698,115001,148699,0.926698699
4,Chandigarh,2021-04-01T00:00:00Z,15343,3414,11659,15073,0.982402398
5,Uttarakhand,2021-04-01T00:00:00Z,78917,8578,63857,72435,0.917863071
6,Haryana,2021-04-01T00:00:00Z,255914,33110,203172,236282,0.923286729
7,Delhi,2021-04-01T00:00:00Z,406536,48183,318879,367062,0.902901588
8,Rajasthan,2021-04-01T00:00:00Z,263923,29616,225555,255171,0.966838813
9,Uttar Pradesh,2021-04-01T00:00:00Z,768494,65913,650039,715952,0.931629915
10,Bihar,2021-04-01T00:00:00Z,245454,15894,187820,203714,0.82994777
11,Sikkim,2021-04-01T00:00:00Z,5479,758,3859,4617,0.84267202
12,Arunachal Pradesh,2021-04-01T00:00:00Z,10109,797,6554,7351,0.727173806
13,Nagaland,2021-04-01T00:00:00Z,5921,662,4308,4970,0.839385239
14,Manipur,2021-04-01T00:00:00Z,9480,581,6025,6606,0.696835443
15,Mizoram,2021-04-01T00:00:00Z,5899,605,3932,4537,0.769113409
16,Tripura,2021-04-01T00:00:00Z,18100,3314,12429,15743,0.869779006
17,Meghalaya,2021-04-01T00:00:00Z,16562,1263,10070,11333,0.684277261
18,Assam,2021-04-01T00:00:00Z,112837,11547,85425,96972,0.859398956
19,West Bengal,2021-04-01T00:00:00Z,376743,65641,250428,316069,0.838951221
20,Jharkhand,2021-04-01T00:00:00Z,108412,12086,89334,101420,0.935505295
21,Odisha,2021-04-01T00:00:00Z,149317,14755,120172,134927,0.903627852
22,Chhattisgarh,2021-04-01T00:00:00Z,71837,6699,59830,66529,0.9261105
23,Madhya Pradesh,2021-04-01T00:00:00Z,185661,16267,159816,176083,0.948411352
24,Gujarat,2021-04-01T00:00:00Z,554520,136582,398174,534756,0.964358364
25,Daman and Diu,2021-04-01T00:00:00Z,,,,61,
26,Dadra and Nagar Haveli,2021-04-01T00:00:00Z,11035,3385,7053,10438,0.945899411
27,Maharashtra,2021-04-01T00:00:00Z,747626,143841,564611,708452,0.947602143
29,Karnataka,2021-04-01T00:00:00Z,592417,64395,483187,547582,0.924318512
30,Goa,2021-04-01T00:00:00Z,24272,3307,16654,19961,0.822387937
31,Lakshadweep,2021-04-01T00:00:00Z,196,25,142,167,0.852040816
32,Kerala,2021-04-01T00:00:00Z,255053,25509,214498,240007,0.941008339
33,Tamil Nadu,2021-04-01T00:00:00Z,803124,183847,579698,763545,0.950718694
34,Puducherry,2021-04-01T00:00:00Z,17297,2948,12882,15830,0.915187605
35,Andaman and Nicobar Islands,2021-04-01T00:00:00Z,3346,357,2621,2978,0.890017932
36,Telangana,2021-04-01T00:00:00Z,313567,52071,212886,264957,0.844977309
37,Andhra Pradesh,2021-04-01T00:00:00Z,237775,33628,180536,214164,0.900700242
38,Ladakh,2021-04-01T00:00:00Z,2070,202,1570,1772,0.856038647
97,Other Territory,2021-04-01T00:00:00Z,76,34,30,64,0.842105263
1,Jammu and Kashmir,2021-05-01T00:00:00Z,53973,6160,45888,52048,0.964334019
2,Himachal Pradesh,2021-05-01T00:00:00Z,44517,6257,35849,42106,0.945840915
3,Punjab,2021-05-01T00:00:00Z,161190,25488,124688,150176,0.931670699
4,Chandigarh,2021-05-01T00:00:00Z,15350,2883,12246,15129,0.985602606
5,Uttarakhand,2021-05-01T00:00:00Z,78856,9730,62709,72439,0.918623821
6,Haryana,2021-05-01T00:00:00Z,256165,40790,195606,236396,0.922827084
7,Delhi,2021-05-01T00:00:00Z,404491,53992,311393,365385,0.903320469
8,Rajasthan,2021-05-01T00:00:00Z,264168,34587,221855,256442,0.97075346
9,Uttar Pradesh,2021-05-01T00:00:00Z,766983,91369,624276,715645,0.933065009
10,Bihar,2021-05-01T00:00:00Z,247965,18683,185711,204394,0.824285685
11,Sikkim,2021-05-01T00:00:00Z,5462,561,4038,4599,0.841999268
12,Arunachal Pradesh,2021-05-01T00:00:00Z,10163,627,6756,7383,0.726458723
13,Nagaland,2021-05-01T00:00:00Z,5940,520,4460,4980,0.838383838
14,Manipur,2021-05-01T00:00:00Z,9486,570,6000,6570,0.69259962
15,Mizoram,2021-05-01T00:00:00Z,5806,580,3929,4509,0.776610403
16,Tripura,2021-05-01T00:00:00Z,17996,1729,14101,15830,0.87963992
17,Meghalaya,2021-05-01T00:00:00Z,16580,1226,10026,11252,0.678648975
18,Assam,2021-05-01T00:00:00Z,111842,7859,88957,96816,0.865649756
19,West Bengal,2021-05-01T00:00:00Z,377506,37526,278828,316354,0.838010522
20,Jharkhand,2021-05-01T00:00:00Z,108534,12031,89307,101338,0.933698196
21,Odisha,2021-05-01T00:00:00Z,149659,12778,122771,135549,0.905719001
22,Chhattisgarh,2021-05-01T00:00:00Z,72505,8983,57651,66634,0.919026274
23,Madhya Pradesh,2021-05-01T00:00:00Z,186389,21999,154460,176459,0.946724324
24,Gujarat,2021-05-01T00:00:00Z,558618,127656,412184,539840,0.9663849
25,Daman and Diu,2021-05-01T00:00:00Z,,,,59,
26,Dadra and Nagar Haveli,2021-05-01T00:00:00Z,10929,3140,7298,10438,0.955073657
27,Maharashtra,2021-05-01T00:00:00Z,754952,124564,589489,714053,0.945825695
29,Karnataka,2021-05-01T00:00:00Z,593173,58046,489067,547113,0.922349804
30,Goa,2021-05-01T00:00:00Z,24257,3107,16898,20005,0.824710393
31,Lakshadweep,2021-05-01T00:00:00Z,195,29,134,163,0.835897436
32,Kerala,2021-05-01T00:00:00Z,254802,18956,221165,240121,0.942382713
33,Tamil Nadu,2021-05-01T00:00:00Z,805681,74064,689518,763582,0.947747309
34,Puducherry,2021-05-01T00:00:00Z,17324,2113,13728,15841,0.914396213
35,Andaman and Nicobar Islands,2021-05-01T00:00:00Z,3343,266,2704,2970,0.888423572
36,Telangana,2021-05-01T00:00:00Z,315037,35060,230300,265360,0.84231376
37,Andhra Pradesh,2021-05-01T00:00:00Z,238690,27603,187231,214834,0.900054464
38,Ladakh,2021-05-01T00:00:00Z,2134,164,1614,1778,0.833177132
97,Other Territory,2021-05-01T00:00:00Z,77,41,24,65,0.844155844
1,Jammu and Kashmir,2021-06-01T00:00:00Z,85686,23258,58753,82011,0.957110847
2,Himachal Pradesh,2021-06-01T00:00:00Z,92010,34295,54075,88370,0.960439083
3,Punjab,2021-06-01T00:00:00Z,320319,198571,108781,307352,0.95951848
4,Chandigarh,2021-06-01T00:00:00Z,26465,15581,10592,26173,0.98896656
5,Uttarakhand,2021-06-01T00:00:00Z,139510,46993,83915,130908,0.938341338
6,Haryana,2021-06-01T00:00:00Z,440788,219466,198452,417918,0.948115647
7,Delhi,2021-06-01T00:00:00Z,718779,376101,296052,672153,0.935131661
8,Rajasthan,2021-06-01T00:00:00Z,591219,253947,323238,577185,0.976262603
9,Uttar Pradesh,2021-06-01T00:00:00Z,1193073,401099,735343,1136442,0.9525335
10,Bihar,2021-06-01T00:00:00Z,387570,77565,259694,337259,0.870188611
11,Sikkim,2021-06-01T00:00:00Z,8047,1687,5319,7006,0.870635019
12,Arunachal Pradesh,2021-06-01T00:00:00Z,12994,1957,7979,9936,0.764660613
13,Nagaland,2021-06-01T00:00:00Z,7004,1195,4737,5932,0.846944603
14,Manipur,2021-06-01T00:00:00Z,11077,1312,6606,7918,0.71481448
15,Mizoram,2021-06-01T00:00:00Z,6586,960,4273,5233,0.794564227
16,Tripura,2021-06-01T00:00:00Z,25145,7263,15417,22680,0.901968582
17,Meghalaya,2021-06-01T00:00:00Z,25396,4066,14582,18648,0.734288864
18,Assam,2021-06-01T00:00:00Z,156288,31247,106942,138189,0.884194564
19,West Bengal,2021-06-01T00:00:00Z,622937,218468,330807,549275,0.881750482
20,Jharkhand,2021-06-01T00:00:00Z,155259,46350,98986,145336,0.936087441
21,Odisha,2021-06-01T00:00:00Z,249952,57765,168784,226549,0.906370023
22,Chhattisgarh,2021-06-01T00:00:00Z,118891,31455,80289,111744,0.939886114
23,Madhya Pradesh,2021-06-01T00:00:00Z,382231,105870,258089,363959,0.952196447
24,Gujarat,2021-06-01T00:00:00Z,943614,593234,332635,925869,0.981194641
25,Daman and Diu,2021-06-01T00:00:00Z,,,,70,
26,Dadra and Nagar Haveli,2021-06-01T00:00:00Z,13837,7759,5605,13364,0.96581629
27,Maharashtra,2021-06-01T00:00:00Z,1378095,573312,749077,1322389,0.959577533
29,Karnataka,2021-06-01T00:00:00Z,768378,258407,454663,713070,0.928019803
30,Goa,2021-06-01T00:00:00Z,35597,12472,18691,31163,0.875438941
31,Lakshadweep,2021-06-01T00:00:00Z,238,62,141,203,0.852941176
32,Kerala,2021-06-01T00:00:00Z,315837,88971,210088,299059,0.946877662
33,Tamil Nadu,2021-06-01T00:00:00Z,924274,368876,505048,873924,0.945524812
34,Puducherry,2021-06-01T00:00:00Z,19854,7137,10976,18113,0.912309862
35,Andaman and Nicobar Islands,2021-06-01T00:00:00Z,4020,864,2765,3629,0.902736318
36,Telangana,2021-06-01T00:00:00Z,378050,118172,207132,325304,0.860478773
37,Andhra Pradesh,2021-06-01T00:00:00Z,292586,114290,152230,266520,0.910911664
38,Ladakh,2021-06-01T00:00:00Z,4565,850,3187,4037,0.884337349
97,Other Territory,2021-06-01T00:00:00Z,82,61,10,71,0.865853659
1,Jammu and Kashmir,2021-07-01T00:00:00Z,56418,18771,35641,54412,0.964443972
2,Himachal Pradesh,2021-07-01T00:00:00Z,44191,20596,20709,41305,0.934692584
3,Punjab,2021-07-01T00:00:00Z,159828,105723,43201,148924,0.93177666
4,Chandigarh,2021-07-01T00:00:00Z,15442,10582,4550,15132,0.97992488
5,Uttarakhand,2021-07-01T00:00:00Z,78838,32096,40277,72373,0.917996398
6,Haryana,2021-07-01T00:00:00Z,256617,145390,93885,239275,0.932420689
7,Delhi,2021-07-01T00:00:00Z,403668,229701,139461,369162,0.914518862
8,Rajasthan,2021-07-01T00:00:00Z,261213,133794,119398,253192,0.969293259
9,Uttar Pradesh,2021-07-01T00:00:00Z,775495,320714,411471,732185,0.9441518
10,Bihar,2021-07-01T00:00:00Z,254467,58512,158065,216577,0.851100536
11,Sikkim,2021-07-01T00:00:00Z,5619,1644,2989,4633,0.824523937
12,Arunachal Pradesh,2021-07-01T00:00:00Z,10237,1672,5805,7477,0.730389763
13,Nagaland,2021-07-01T00:00:00Z,5966,1365,3609,4974,0.833724438
14,Manipur,2021-07-01T00:00:00Z,9575,1408,5211,6619,0.691279373
15,Mizoram,2021-07-01T00:00:00Z,5878,1035,3480,4515,0.768118408
16,Tripura,2021-07-01T00:00:00Z,18343,6656,9353,16009,0.872758
17,Meghalaya,2021-07-01T00:00:00Z,16475,2852,8404,11256,0.683216995
18,Assam,2021-07-01T00:00:00Z,113087,28698,70778,99476,0.879641338
19,West Bengal,2021-07-01T00:00:00Z,379798,147750,170580,318330,0.838156072
20,Jharkhand,2021-07-01T00:00:00Z,111838,42149,61491,103640,0.926697545
21,Odisha,2021-07-01T00:00:00Z,151431,41423,93887,135310,0.893542273
22,Chhattisgarh,2021-07-01T00:00:00Z,72813,24169,42901,67070,0.921126722
23,Madhya Pradesh,2021-07-01T00:00:00Z,184231,63507,109679,173186,0.940048092
24,Gujarat,2021-07-01T00:00:00Z,563773,398665,150461,549126,0.974019685
25,Daman and Diu,2021-07-01T00:00:00Z,,,,53,
26,Dadra and Nagar Haveli,2021-07-01T00:00:00Z,11094,7179,3369,10548,0.950784208
27,Maharashtra,2021-07-01T00:00:00Z,758000,368186,349085,717271,0.94626781
29,Karnataka,2021-07-01T00:00:00Z,601605,261644,294481,556125,0.924402224
30,Goa,2021-07-01T00:00:00Z,24050,9261,10774,20035,0.833056133
31,Lakshadweep,2021-07-01T00:00:00Z,197,56,103,159,0.807106599
32,Kerala,2021-07-01T00:00:00Z,257348,120458,121702,242160,0.940982638
33,Tamil Nadu,2021-07-01T00:00:00Z,822173,406720,371214,777934,0.94619259
34,Puducherry,2021-07-01T00:00:00Z,17743,7664,8510,16174,0.91157076
35,Andaman and Nicobar Islands,2021-07-01T00:00:00Z,3295,921,2023,2944,0.893474962
36,Telangana,2021-07-01T00:00:00Z,322476,115229,156835,272064,0.843672087
37,Andhra Pradesh,2021-07-01T00:00:00Z,242899,108440,110159,218599,0.899958419
38,Ladakh,2021-07-01T00:00:00Z,2092,369,1326,1695,0.810229446
97,Other Territory,2021-07-01T00:00:00Z,77,58,7,65,0.844155844
1,Jammu and Kashmir,2021-08-01T00:00:00Z,59030,19710,36697,56407,0.955564967
2,Himachal Pradesh,2021-08-01T00:00:00Z,44492,22958,19332,42290,0.950507956
3,Punjab,2021-08-01T00:00:00Z,162180,111006,40642,151648,0.93505981
4,Chandigarh,2021-08-01T00:00:00Z,15635,11150,4174,15324,0.98010873
5,Uttarakhand,2021-08-01T00:00:00Z,80553,35632,38520,74152,0.920536789
6,Haryana,2021-08-01T00:00:00Z,263426,157088,87152,244240,0.927167402
7,Delhi,2021-08-01T00:00:00Z,406853,244750,131918,376668,0.925808584
8,Rajasthan,2021-08-01T00:00:00Z,269820,147729,114621,262350,0.972314877
9,Uttar Pradesh,2021-08-01T00:00:00Z,789854,358126,389488,747614,0.946521762
10,Bihar,2021-08-01T00:00:00Z,263449,67065,162520,229585,0.871458992
11,Sikkim,2021-08-01T00:00:00Z,5711,1905,2769,4674,0.818420592
12,Arunachal Pradesh,2021-08-01T00:00:00Z,10162,1780,5804,7584,0.746309782
13,Nagaland,2021-08-01T00:00:00Z,5920,1517,3518,5035,0.850506757
14,Manipur,2021-08-01T00:00:00Z,9750,1515,5160,6675,0.684615385
15,Mizoram,2021-08-01T00:00:00Z,5897,1071,3442,4513,0.765304392
16,Tripura,2021-08-01T00:00:00Z,18513,7245,8953,16198,0.874952736
17,Meghalaya,2021-08-01T00:00:00Z,16675,3464,7945,11409,0.684197901
18,Assam,2021-08-01T00:00:00Z,116164,34265,68439,102704,0.884129334
19,West Bengal,2021-08-01T00:00:00Z,378910,159245,163066,322311,0.850626798
20,Jharkhand,2021-08-01T00:00:00Z,113722,46373,58593,104966,0.923005223
21,Odisha,2021-08-01T00:00:00Z,154416,44580,93710,138290,0.895567817
22,Chhattisgarh,2021-08-01T00:00:00Z,74776,26804,41919,68723,0.919051567
23,Madhya Pradesh,2021-08-01T00:00:00Z,187639,70382,107124,177506,0.945997367
24,Gujarat,2021-08-01T00:00:00Z,571583,414903,139816,554719,0.970495973
25,Daman and Diu,2021-08-01T00:00:00Z,,,,58,
26,Dadra and Nagar Haveli,2021-08-01T00:00:00Z,11128,7408,3180,10588,0.95147376
27,Maharashtra,2021-08-01T00:00:00Z,766789,379260,352163,731423,0.953877794
29,Karnataka,2021-08-01T00:00:00Z,609453,266037,298346,564383,0.92604844
30,Goa,2021-08-01T00:00:00Z,24263,9072,11145,20217,0.833244034
31,Lakshadweep,2021-08-01T00:00:00Z,196,71,89,160,0.816326531
32,Kerala,2021-08-01T00:00:00Z,259512,133223,110901,244124,0.940704091
33,Tamil Nadu,2021-08-01T00:00:00Z,833879,409846,375488,785334,0.94178412
34,Puducherry,2021-08-01T00:00:00Z,17812,7610,8659,16269,0.913373007
35,Andaman and Nicobar Islands,2021-08-01T00:00:00Z,3265,1059,1903,2962,0.90719755
36,Telangana,2021-08-01T00:00:00Z,327345,114257,160950,275207,0.840724618
37,Andhra Pradesh,2021-08-01T00:00:00Z,244806,106971,113430,220401,0.900308816
38,Ladakh,2021-08-01T00:00:00Z,2205,486,1331,1817,0.824036281
97,Other Territory,2021-08-01T00:00:00Z,77,58,7,65,0.844155844
1,Jammu and Kashmir,2021-09-01T00:00:00Z,93037,37652,50325,87977,0.945613036
2,Himachal Pradesh,2021-09-01T00:00:00Z,93894,45966,44727,90693,0.965908365
3,Punjab,2021-09-01T00:00:00Z,327297,226424,85896,312320,0.954240338
4,Chandigarh,2021-09-01T00:00:00Z,26938,18856,7633,26489,0.983332096
5,Uttarakhand,2021-09-01T00:00:00Z,144082,68685,66456,135141,0.937945059
6,Haryana,2021-09-01T00:00:00Z,454446,288431,141576,430007,0.946222433
7,Delhi,2021-09-01T00:00:00Z,722282,493260,196023,689283,0.954312858
8,Rajasthan,2021-09-01T00:00:00Z,613565,358951,238018,596969,0.972951521
9,Uttar Pradesh,2021-09-01T00:00:00Z,1245422,606074,568094,1174168,0.942787264
10,Bihar,2021-09-01T00:00:00Z,418128,140888,231169,372057,0.889816037
11,Sikkim,2021-09-01T00:00:00Z,8314,3348,3859,7207,0.866851095
12,Arunachal Pradesh,2021-09-01T00:00:00Z,13196,3100,7149,10249,0.77667475
13,Nagaland,2021-09-01T00:00:00Z,7073,2127,3999,6126,0.866110561
14,Manipur,2021-09-01T00:00:00Z,11436,2196,5979,8175,0.714847849
15,Mizoram,2021-09-01T00:00:00Z,6699,1489,3800,5289,0.789520824
16,Tripura,2021-09-01T00:00:00Z,25418,11900,11207,23107,0.909080179
17,Meghalaya,2021-09-01T00:00:00Z,25656,6590,12690,19280,0.751481135
18,Assam,2021-09-01T00:00:00Z,165468,60841,86753,147594,0.891979114
19,West Bengal,2021-09-01T00:00:00Z,628364,305632,254030,559662,0.890665283
20,Jharkhand,2021-09-01T00:00:00Z,160157,72727,76369,149096,0.930936519
21,Odisha,2021-09-01T00:00:00Z,259264,94071,139663,233734,0.901528943
22,Chhattisgarh,2021-09-01T00:00:00Z,124489,51226,64978,116204,0.933447935
23,Madhya Pradesh,2021-09-01T00:00:00Z,392348,159797,212962,372759,0.950072385
24,Gujarat,2021-09-01T00:00:00Z,961057,721065,220076,941141,0.979276984
25,Daman and Diu,2021-09-01T00:00:00Z,,,,71,
26,Dadra and Nagar Haveli,2021-09-01T00:00:00Z,14078,9400,4069,13469,0.956741014
27,Maharashtra,2021-09-01T00:00:00Z,1410553,772949,579830,1352779,0.959041596
29,Karnataka,2021-09-01T00:00:00Z,790568,393775,341392,735167,0.929922537
30,Goa,2021-09-01T00:00:00Z,36018,16168,15369,31537,0.875589983
31,Lakshadweep,2021-09-01T00:00:00Z,243,99,102,201,0.827160494
32,Kerala,2021-09-01T00:00:00Z,322067,179696,125083,304779,0.946321728
33,Tamil Nadu,2021-09-01T00:00:00Z,956956,532121,366964,899085,0.939525955
34,Puducherry,2021-09-01T00:00:00Z,20088,9745,8665,18410,0.916467543
35,Andaman and Nicobar Islands,2021-09-01T00:00:00Z,4071,1460,2283,3743,0.919430115
36,Telangana,2021-09-01T00:00:00Z,393681,161080,174912,335992,0.853462575
37,Andhra Pradesh,2021-09-01T00:00:00Z,299772,146330,124851,271181,0.904624181
38,Ladakh,2021-09-01T00:00:00Z,4967,1389,3000,4389,0.883631971
97,Other Territory,2021-09-01T00:00:00Z,86,62,9,71,0.825581395
1,Jammu and Kashmir,2021-10-01T00:00:00Z,60457,23955,33498,57453,0.950311792
2,Himachal Pradesh,2021-10-01T00:00:00Z,43295,22633,18705,41338,0.954798476
3,Punjab,2021-10-01T00:00:00Z,160729,111819,37691,149510,0.93019928
4,Chandigarh,2021-10-01T00:00:00Z,15617,11092,4153,15245,0.976179804
5,Uttarakhand,2021-10-01T00:00:00Z,79635,36874,36520,73394,0.921629937
6,Haryana,2021-10-01T00:00:00Z,261808,160809,81603,242412,0.925915174
7,Delhi,2021-10-01T00:00:00Z,397671,257910,116314,374224,0.941039201
8,Rajasthan,2021-10-01T00:00:00Z,263808,152312,102798,255110,0.967029051
9,Uttar Pradesh,2021-10-01T00:00:00Z,794310,362359,387433,749792,0.943953872
10,Bihar,2021-10-01T00:00:00Z,259213,58106,162690,220796,0.851793699
11,Sikkim,2021-10-01T00:00:00Z,5709,1691,2973,4664,0.816955684
12,Arunachal Pradesh,2021-10-01T00:00:00Z,10295,2335,5328,7663,0.744341914
13,Nagaland,2021-10-01T00:00:00Z,5998,1830,3325,5155,0.859453151
14,Manipur,2021-10-01T00:00:00Z,9837,1766,5034,6800,0.691267663
15,Mizoram,2021-10-01T00:00:00Z,5948,1242,3355,4597,0.772864829
16,Tripura,2021-10-01T00:00:00Z,18377,8219,8031,16250,0.884257496
17,Meghalaya,2021-10-01T00:00:00Z,15844,3810,7343,11153,0.703925776
18,Assam,2021-10-01T00:00:00Z,116084,38615,63438,102053,0.87913063
19,West Bengal,2021-10-01T00:00:00Z,375124,170087,152821,322908,0.860803361
20,Jharkhand,2021-10-01T00:00:00Z,115309,44619,61647,106266,0.921575939
21,Odisha,2021-10-01T00:00:00Z,153178,54404,82702,137106,0.895076316
22,Chhattisgarh,2021-10-01T00:00:00Z,73552,28366,38711,67077,0.911967044
23,Madhya Pradesh,2021-10-01T00:00:00Z,183147,75244,98926,174170,0.950984728
24,Gujarat,2021-10-01T00:00:00Z,565645,396265,154468,550733,0.973637175
25,Daman and Diu,2021-10-01T00:00:00Z,,,,,
26,Dadra and Nagar Haveli,2021-10-01T00:00:00Z,11277,7251,3418,10669,0.946084952
27,Maharashtra,2021-10-01T00:00:00Z,767229,408037,321360,729397,0.950690081
29,Karnataka,2021-10-01T00:00:00Z,617773,304836,267672,572508,0.92672875
30,Goa,2021-10-01T00:00:00Z,24216,10082,9933,20015,0.826519656
31,Lakshadweep,2021-10-01T00:00:00Z,192,77,82,159,0.828125
32,Kerala,2021-10-01T00:00:00Z,262041,154783,92127,246910,0.942257128
33,Tamil Nadu,2021-10-01T00:00:00Z,851169,428133,369642,797775,0.937269802
34,Puducherry,2021-10-01T00:00:00Z,17790,8170,8273,16443,0.924283305
35,Andaman and Nicobar Islands,2021-10-01T00:00:00Z,3330,1162,1851,3013,0.904804805
36,Telangana,2021-10-01T00:00:00Z,333199,133738,145669,279407,0.838558939
37,Andhra Pradesh,2021-10-01T00:00:00Z,246243,121525,100940,222465,0.903436849
38,Ladakh,2021-10-01T00:00:00Z,2151,495,1204,1699,0.789865179
97,Other Territory,2021-10-01T00:00:00Z,80,61,4,65,0.8125
1,Jammu and Kashmir,2021-11-01T00:00:00Z,62407,43685,15527,59212,0.94880382
2,Himachal Pradesh,2021-11-01T00:00:00Z,43932,35110,7065,42175,0.960006373
3,Punjab,2021-11-01T00:00:00Z,162572,135556,16121,151677,0.93298354
4,Chandigarh,2021-11-01T00:00:00Z,15676,13684,1678,15362,0.97996938
5,Uttarakhand,2021-11-01T00:00:00Z,81274,59053,15956,75009,0.922915077
6,Haryana,2021-11-01T00:00:00Z,265773,212462,33842,246304,0.926745757
7,Delhi,2021-11-01T00:00:00Z,400740,332280,48155,380435,0.949331237
8,Rajasthan,2021-11-01T00:00:00Z,270212,216552,46201,262753,0.972395749
9,Uttar Pradesh,2021-11-01T00:00:00Z,807429,623740,141464,765204,0.94770438
10,Bihar,2021-11-01T00:00:00Z,262802,161774,62957,224731,0.855134284
11,Sikkim,2021-11-01T00:00:00Z,5805,3510,1327,4837,0.833247201
12,Arunachal Pradesh,2021-11-01T00:00:00Z,10459,4833,2921,7754,0.741371068
13,Nagaland,2021-11-01T00:00:00Z,5988,3758,1488,5246,0.876085504
14,Manipur,2021-11-01T00:00:00Z,9887,4221,2685,6906,0.698492971
15,Mizoram,2021-11-01T00:00:00Z,5965,3585,1122,4707,0.789103101
16,Tripura,2021-11-01T00:00:00Z,18561,13173,3254,16427,0.885027746
17,Meghalaya,2021-11-01T00:00:00Z,16081,7840,3545,11385,0.70797836
18,Assam,2021-11-01T00:00:00Z,117992,71116,33001,104117,0.882407282
19,West Bengal,2021-11-01T00:00:00Z,368781,268059,60251,328310,0.890257361
20,Jharkhand,2021-11-01T00:00:00Z,116530,85064,22739,107803,0.925109414
21,Odisha,2021-11-01T00:00:00Z,156106,103692,37095,140787,0.901867962
22,Chhattisgarh,2021-11-01T00:00:00Z,74464,47503,20653,68156,0.915287924
23,Madhya Pradesh,2021-11-01T00:00:00Z,187303,133523,44541,178064,0.950673508
24,Gujarat,2021-11-01T00:00:00Z,569536,503663,52765,556428,0.976984774
25,Daman and Diu,2021-11-01T00:00:00Z,,,,,
26,Dadra and Nagar Haveli,2021-11-01T00:00:00Z,11345,9319,1440,10759,0.94834729
27,Maharashtra,2021-11-01T00:00:00Z,779513,582632,158670,741302,0.950980933
29,Karnataka,2021-11-01T00:00:00Z,624724,479854,100738,580592,0.929357604
30,Goa,2021-11-01T00:00:00Z,24425,15044,5286,20330,0.83234391
31,Lakshadweep,2021-11-01T00:00:00Z,170,115,48,163,0.958823529
32,Kerala,2021-11-01T00:00:00Z,264607,210301,39556,249857,0.944256955
33,Tamil Nadu,2021-11-01T00:00:00Z,859964,689023,117253,806276,0.93756948
34,Puducherry,2021-11-01T00:00:00Z,17888,13639,2969,16608,0.928443649
35,Andaman and Nicobar Islands,2021-11-01T00:00:00Z,3339,2114,913,3027,0.90655885
36,Telangana,2021-11-01T00:00:00Z,336893,219586,64925,284511,0.84451443
37,Andhra Pradesh,2021-11-01T00:00:00Z,247584,184947,40139,225086,0.909129831
38,Ladakh,2021-11-01T00:00:00Z,2221,1095,686,1781,0.80189104
97,Other Territory,2021-11-01T00:00:00Z,81,64,2,66,0.814814815
1,Jammu and Kashmir,2021-12-01T00:00:00Z,99346,39266,54298,93564,0.941799368
2,Himachal Pradesh,2021-12-01T00:00:00Z,95802,46918,45920,92838,0.969061189
3,Punjab,2021-12-01T00:00:00Z,333129,217555,98660,316215,0.949226876
4,Chandigarh,2021-12-01T00:00:00Z,27141,18974,7738,26712,0.984193655
5,Uttarakhand,2021-12-01T00:00:00Z,148266,70573,68439,139012,0.937585151
6,Haryana,2021-12-01T00:00:00Z,464263,292029,147592,439621,0.946922326
7,Delhi,2021-12-01T00:00:00Z,730568,500837,198701,699538,0.957526199
8,Rajasthan,2021-12-01T00:00:00Z,633137,359003,253618,612621,0.967596271
9,Uttar Pradesh,2021-12-01T00:00:00Z,1285494,608190,602740,1210930,0.94199584
10,Bihar,2021-12-01T00:00:00Z,437396,127083,253654,380737,0.870462921
11,Sikkim,2021-12-01T00:00:00Z,8632,2939,4669,7608,0.88137164
12,Arunachal Pradesh,2021-12-01T00:00:00Z,13595,3163,7392,10555,0.776388378
13,Nagaland,2021-12-01T00:00:00Z,7036,2122,4179,6301,0.895537237
14,Manipur,2021-12-01T00:00:00Z,10570,2176,6280,8456,0.8
15,Mizoram,2021-12-01T00:00:00Z,6810,1320,4232,5552,0.815271659
16,Tripura,2021-12-01T00:00:00Z,25768,12152,11286,23438,0.909577771
17,Meghalaya,2021-12-01T00:00:00Z,26317,6726,13310,20036,0.761332979
18,Assam,2021-12-01T00:00:00Z,170879,58279,94486,152765,0.893995166
19,West Bengal,2021-12-01T00:00:00Z,617418,296399,275158,571557,0.92572131
20,Jharkhand,2021-12-01T00:00:00Z,164389,71456,81532,152988,0.930646211
21,Odisha,2021-12-01T00:00:00Z,266513,96956,145165,242121,0.90847726
22,Chhattisgarh,2021-12-01T00:00:00Z,126646,51242,67609,118851,0.938450484
23,Madhya Pradesh,2021-12-01T00:00:00Z,402574,168887,213211,382098,0.949137301
24,Gujarat,2021-12-01T00:00:00Z,971221,737289,215554,952843,0.981077427
25,Daman and Diu,2021-12-01T00:00:00Z,,,,,
26,Dadra and Nagar Haveli,2021-12-01T00:00:00Z,14313,9812,3921,13733,0.959477398
27,Maharashtra,2021-12-01T00:00:00Z,1443943,826867,553243,1380110,0.955792576
29,Karnataka,2021-12-01T00:00:00Z,810789,406193,349960,756153,0.932613787
30,Goa,2021-12-01T00:00:00Z,36434,16657,15479,32136,0.882033266
31,Lakshadweep,2021-12-01T00:00:00Z,218,102,104,206,0.944954128
32,Kerala,2021-12-01T00:00:00Z,328683,187381,125003,312384,0.950411186
33,Tamil Nadu,2021-12-01T00:00:00Z,982238,550875,369373,920248,0.936889023
34,Puducherry,2021-12-01T00:00:00Z,20224,10034,8669,18703,0.924792326
35,Andaman and Nicobar Islands,2021-12-01T00:00:00Z,4111,1494,2322,3816,0.928241304
36,Telangana,2021-12-01T00:00:00Z,406157,170103,177250,347353,0.855218548
37,Andhra Pradesh,2021-12-01T00:00:00Z,303759,142893,134000,276893,0.911554884
38,Ladakh,2021-12-01T00:00:00Z,5242,1821,2944,4765,0.909004197
97,Other Territory,2021-12-01T00:00:00Z,86,61,11,72,0.837209302
1,Jammu and Kashmir,2022-01-01T00:00:00Z,63719,28448,31762,60210,0.944930084
2,Himachal Pradesh,2022-01-01T00:00:00Z,43808,25368,16314,41682,0.951470051
3,Punjab,2022-01-01T00:00:00Z,161987,118479,32278,150757,0.930673449
4,Chandigarh,2022-01-01T00:00:00Z,15761,12110,3353,15463,0.98109257
5,Uttarakhand,2022-01-01T00:00:00Z,81291,43366,31896,75262,0.925834348
6,Haryana,2022-01-01T00:00:00Z,264802,181626,66355,247981,0.936477066
7,Delhi,2022-01-01T00:00:00Z,402711,281921,96350,378271,0.939311318
8,Rajasthan,2022-01-01T00:00:00Z,270996,177207,84118,261325,0.964313126
9,Uttar Pradesh,2022-01-01T00:00:00Z,820095,424068,348840,772908,0.942461544
10,Bihar,2022-01-01T00:00:00Z,265429,81804,144776,226580,0.853636942
11,Sikkim,2022-01-01T00:00:00Z,5837,2235,2579,4814,0.824738736
12,Arunachal Pradesh,2022-01-01T00:00:00Z,10391,2721,5157,7878,0.758156097
13,Nagaland,2022-01-01T00:00:00Z,5943,1869,3438,5307,0.892983342
14,Manipur,2022-01-01T00:00:00Z,8848,1963,4977,6940,0.784358047
15,Mizoram,2022-01-01T00:00:00Z,6017,1230,3574,4804,0.798404521
16,Tripura,2022-01-01T00:00:00Z,18472,9061,7560,16621,0.899794283
17,Meghalaya,2022-01-01T00:00:00Z,15987,4188,7146,11334,0.708951023
18,Assam,2022-01-01T00:00:00Z,116485,42837,62015,104852,0.900133064
19,West Bengal,2022-01-01T00:00:00Z,357852,186563,144380,330943,0.924804109
20,Jharkhand,2022-01-01T00:00:00Z,118862,55093,54568,109661,0.922590904
21,Odisha,2022-01-01T00:00:00Z,155103,60860,81029,141889,0.914805001
22,Chhattisgarh,2022-01-01T00:00:00Z,72827,34552,33376,67928,0.932730993
23,Madhya Pradesh,2022-01-01T00:00:00Z,187080,97991,80004,177995,0.951437888
24,Gujarat,2022-01-01T00:00:00Z,571074,459519,101025,560544,0.981561059
25,Daman and Diu,2022-01-01T00:00:00Z,,,,,
26,Dadra and Nagar Haveli,2022-01-01T00:00:00Z,11396,8263,2628,10891,0.955686206
27,Maharashtra,2022-01-01T00:00:00Z,783108,486298,259005,745303,0.951724411
29,Karnataka,2022-01-01T00:00:00Z,633338,349065,242324,591389,0.933765225
30,Goa,2022-01-01T00:00:00Z,24471,11256,9167,20423,0.834579707
31,Lakshadweep,2022-01-01T00:00:00Z,174,89,78,167,0.959770115
32,Kerala,2022-01-01T00:00:00Z,267796,161900,91261,253161,0.945350192
33,Tamil Nadu,2022-01-01T00:00:00Z,867973,513197,302755,815952,0.940066108
34,Puducherry,2022-01-01T00:00:00Z,17809,9308,7426,16734,0.939637262
35,Andaman and Nicobar Islands,2022-01-01T00:00:00Z,3256,1290,1784,3074,0.944103194
36,Telangana,2022-01-01T00:00:00Z,341214,148592,140002,288594,0.845785929
37,Andhra Pradesh,2022-01-01T00:00:00Z,248547,126007,100971,226978,0.913219633
38,Ladakh,2022-01-01T00:00:00Z,2226,664,1188,1852,0.831985624
97,Other Territory,2022-01-01T00:00:00Z,81,64,2,66,0.814814815
1,Jammu and Kashmir,2022-02-01T00:00:00Z,65133,29040,32401,61441,0.943315984
2,Himachal Pradesh,2022-02-01T00:00:00Z,44164,26733,15721,42454,0.961280681
3,Punjab,2022-02-01T00:00:00Z,163270,121927,30929,152856,0.936216084
4,Chandigarh,2022-02-01T00:00:00Z,15831,12366,3220,15586,0.984524035
5,Uttarakhand,2022-02-01T00:00:00Z,82359,44923,31627,76550,0.929467332
6,Haryana,2022-02-01T00:00:00Z,267720,188681,64147,252828,0.94437472
7,Delhi,2022-02-01T00:00:00Z,402569,290209,93969,384178,0.954315906
8,Rajasthan,2022-02-01T00:00:00Z,277009,189795,81034,270829,0.977690256
9,Uttar Pradesh,2022-02-01T00:00:00Z,829968,444953,340086,785039,0.945866588
10,Bihar,2022-02-01T00:00:00Z,272122,90050,142587,232637,0.854899641
11,Sikkim,2022-02-01T00:00:00Z,5912,2252,2687,4939,0.835419486
12,Arunachal Pradesh,2022-02-01T00:00:00Z,10525,2775,5241,8016,0.761615202
13,Nagaland,2022-02-01T00:00:00Z,5997,1924,3430,5354,0.892779723
14,Manipur,2022-02-01T00:00:00Z,8869,1964,5082,7046,0.794452588
15,Mizoram,2022-02-01T00:00:00Z,6141,1317,3554,4871,0.793193291
16,Tripura,2022-02-01T00:00:00Z,18607,9238,7685,16923,0.909496426
17,Meghalaya,2022-02-01T00:00:00Z,16133,4322,7201,11523,0.714250294
18,Assam,2022-02-01T00:00:00Z,117017,44582,61911,106493,0.91006435
19,West Bengal,2022-02-01T00:00:00Z,359943,195232,140197,335429,0.931894772
20,Jharkhand,2022-02-01T00:00:00Z,119046,58207,52940,111147,0.933647498
21,Odisha,2022-02-01T00:00:00Z,156855,64032,80291,144323,0.920104555
22,Chhattisgarh,2022-02-01T00:00:00Z,73978,36999,32750,69749,0.942834356
23,Madhya Pradesh,2022-02-01T00:00:00Z,189893,103550,78947,182497,0.96105175
24,Gujarat,2022-02-01T00:00:00Z,575700,475872,94921,570793,0.991476463
25,Daman and Diu,2022-02-01T00:00:00Z,,,,,
26,Dadra and Nagar Haveli,2022-02-01T00:00:00Z,11511,8604,2417,11021,0.957432022
27,Maharashtra,2022-02-01T00:00:00Z,793830,506346,252537,758883,0.95597672
29,Karnataka,2022-02-01T00:00:00Z,640933,364112,236240,600352,0.93668449
30,Goa,2022-02-01T00:00:00Z,24769,11541,9144,20685,0.835116476
31,Lakshadweep,2022-02-01T00:00:00Z,172,88,78,166,0.965116279
32,Kerala,2022-02-01T00:00:00Z,270158,163451,92399,255850,0.9470384
33,Tamil Nadu,2022-02-01T00:00:00Z,869274,520860,301311,822171,0.945813403
34,Puducherry,2022-02-01T00:00:00Z,17859,9525,7281,16806,0.941038132
35,Andaman and Nicobar Islands,2022-02-01T00:00:00Z,3286,1332,1766,3098,0.942787584
36,Telangana,2022-02-01T00:00:00Z,343859,153561,138607,292168,0.849673849
37,Andhra Pradesh,2022-02-01T00:00:00Z,248925,130380,98756,229136,0.920502159
38,Ladakh,2022-02-01T00:00:00Z,2322,732,1186,1918,0.826012059
97,Other Territory,2022-02-01T00:00:00Z,81,63,4,67,0.827160494
1,Jammu and Kashmir,2022-03-01T00:00:00Z,104274,37723,59299,97022,0.930452462
2,Himachal Pradesh,2022-03-01T00:00:00Z,97423,45441,48769,94210,0.967020108
3,Punjab,2022-03-01T00:00:00Z,336608,228647,91111,319758,0.949941772
4,Chandigarh,2022-03-01T00:00:00Z,27469,19398,7478,26876,0.978412028
5,Uttarakhand,2022-03-01T00:00:00Z,151377,70019,71494,141513,0.934838185
6,Haryana,2022-03-01T00:00:00Z,469904,301898,146430,448328,0.954084238
7,Delhi,2022-03-01T00:00:00Z,736680,510199,196243,706442,0.958953684
8,Rajasthan,2022-03-01T00:00:00Z,651560,364612,264189,628801,0.965069986
9,Uttar Pradesh,2022-03-01T00:00:00Z,1319511,603674,630452,1234126,0.935290422
10,Bihar,2022-03-01T00:00:00Z,456786,120448,272773,393221,0.860842933
11,Sikkim,2022-03-01T00:00:00Z,8941,2866,4985,7851,0.878089699
12,Arunachal Pradesh,2022-03-01T00:00:00Z,13618,2633,8295,10928,0.802467323
13,Nagaland,2022-03-01T00:00:00Z,7214,1893,4599,6492,0.899916828
14,Manipur,2022-03-01T00:00:00Z,10711,2202,6472,8674,0.809821679
15,Mizoram,2022-03-01T00:00:00Z,7097,1275,4462,5737,0.808369734
16,Tripura,2022-03-01T00:00:00Z,26131,10465,13541,24006,0.918678964
17,Meghalaya,2022-03-01T00:00:00Z,26642,6854,13734,20588,0.772764807
18,Assam,2022-03-01T00:00:00Z,172738,53104,103135,156239,0.904485406
19,West Bengal,2022-03-01T00:00:00Z,622234,301190,280741,581931,0.935228547
20,Jharkhand,2022-03-01T00:00:00Z,167253,67169,88988,156157,0.933657393
21,Odisha,2022-03-01T00:00:00Z,270589,91709,155488,247197,0.913551549
22,Chhattisgarh,2022-03-01T00:00:00Z,129555,49378,72371,121749,0.939747598
23,Madhya Pradesh,2022-03-01T00:00:00Z,410654,161081,227426,388507,0.946068953
24,Gujarat,2022-03-01T00:00:00Z,986775,751300,221177,972477,0.985510375
25,Daman and Diu,2022-03-01T00:00:00Z,,,,,
26,Dadra and Nagar Haveli,2022-03-01T00:00:00Z,14581,10153,3817,13970,0.958096153
27,Maharashtra,2022-03-01T00:00:00Z,1468416,849171,553832,1403003,0.955453359
29,Karnataka,2022-03-01T00:00:00Z,830528,414817,360952,775769,0.934067244
30,Goa,2022-03-01T00:00:00Z,37269,16919,15786,32705,0.877538973
31,Lakshadweep,2022-03-01T00:00:00Z,228,105,102,207,0.907894737
32,Kerala,2022-03-01T00:00:00Z,335514,180506,137293,317799,0.947200415
33,Tamil Nadu,2022-03-01T00:00:00Z,986817,541817,394316,936133,0.948638907
34,Puducherry,2022-03-01T00:00:00Z,20264,9994,9047,19041,0.939646664
35,Andaman and Nicobar Islands,2022-03-01T00:00:00Z,4091,1474,2421,3895,0.952089954
36,Telangana,2022-03-01T00:00:00Z,410714,163799,190644,354443,0.862992253
37,Andhra Pradesh,2022-03-01T00:00:00Z,305535,135713,145732,281445,0.921154696
38,Ladakh,2022-03-01T00:00:00Z,5417,1956,3204,5160,0.952556766
97,Other Territory,2022-03-01T00:00:00Z,89,63,9,72,0.808988764
1,Jammu and Kashmir,2022-04-01T00:00:00Z,66338,24748,38271,63019,0.949968344
2,Himachal Pradesh,2022-04-01T00:00:00Z,44324,24629,17911,42540,0.959750925
3,Punjab,2022-04-01T00:00:00Z,164856,119440,34865,154305,0.93599869
4,Chandigarh,2022-04-01T00:00:00Z,16166,12052,3589,15641,0.967524434
5,Uttarakhand,2022-04-01T00:00:00Z,82800,42401,34823,77224,0.932657005
6,Haryana,2022-04-01T00:00:00Z,272326,183979,72804,256783,0.942925024
7,Delhi,2022-04-01T00:00:00Z,410282,283884,106212,390096,0.950799694
8,Rajasthan,2022-04-01T00:00:00Z,282871,175978,97060,273038,0.965238572
9,Uttar Pradesh,2022-04-01T00:00:00Z,840499,406363,397292,803655,0.956164136
10,Bihar,2022-04-01T00:00:00Z,276452,73601,162408,236009,0.853706973
11,Sikkim,2022-04-01T00:00:00Z,6036,1954,3087,5041,0.835155732
12,Arunachal Pradesh,2022-04-01T00:00:00Z,10617,2235,6033,8268,0.77875106
13,Nagaland,2022-04-01T00:00:00Z,6106,1754,3764,5518,0.903701277
14,Manipur,2022-04-01T00:00:00Z,9012,1876,5377,7253,0.804815801
15,Mizoram,2022-04-01T00:00:00Z,6298,1244,3718,4962,0.787869165
16,Tripura,2022-04-01T00:00:00Z,18977,7942,9227,17169,0.904726775
17,Meghalaya,2022-04-01T00:00:00Z,16008,3974,7640,11614,0.725512244
18,Assam,2022-04-01T00:00:00Z,118506,38890,69990,108880,0.918772045
19,West Bengal,2022-04-01T00:00:00Z,364360,187202,155352,342554,0.940152596
20,Jharkhand,2022-04-01T00:00:00Z,120558,52252,61260,113512,0.941555102
21,Odisha,2022-04-01T00:00:00Z,158626,58412,88500,146912,0.926153342
22,Chhattisgarh,2022-04-01T00:00:00Z,74350,32911,37040,69951,0.940833894
23,Madhya Pradesh,2022-04-01T00:00:00Z,191998,92834,91509,184343,0.960129793
24,Gujarat,2022-04-01T00:00:00Z,586507,465690,112149,577839,0.985220978
25,Daman and Diu,2022-04-01T00:00:00Z,,,,0,
26,Dadra and Nagar Haveli,2022-04-01T00:00:00Z,11569,8325,2750,11075,0.95729968
27,Maharashtra,2022-04-01T00:00:00Z,804151,486286,280386,766672,0.953393082
29,Karnataka,2022-04-01T00:00:00Z,650637,341217,268292,609509,0.936788102
30,Goa,2022-04-01T00:00:00Z,25038,11057,9829,20886,0.834172058
31,Lakshadweep,2022-04-01T00:00:00Z,178,75,93,168,0.943820225
32,Kerala,2022-04-01T00:00:00Z,273479,153047,105373,258420,0.944935443
33,Tamil Nadu,2022-04-01T00:00:00Z,872690,506224,326111,832335,0.953757921
34,Puducherry,2022-04-01T00:00:00Z,17959,9246,7744,16990,0.946043766
35,Andaman and Nicobar Islands,2022-04-01T00:00:00Z,3356,1262,1893,3155,0.940107271
36,Telangana,2022-04-01T00:00:00Z,340147,144632,151541,296173,0.8707206
37,Andhra Pradesh,2022-04-01T00:00:00Z,250172,120224,112253,232477,0.929268663
38,Ladakh,2022-04-01T00:00:00Z,2272,613,1483,2096,0.922535211
97,Other Territory,2022-04-01T00:00:00Z,82,61,5,66,0.804878049
1,Jammu and Kashmir,2022-05-01T00:00:00Z,68361,28244,36200,64444,0.942701248
2,Himachal Pradesh,2022-05-01T00:00:00Z,45199,25766,17701,43467,0.961680568
3,Punjab,2022-05-01T00:00:00Z,167213,123782,33838,157620,0.942630059
4,Chandigarh,2022-05-01T00:00:00Z,16130,12358,3382,15740,0.975821451
5,Uttarakhand,2022-05-01T00:00:00Z,84757,44611,34451,79062,0.93280791
6,Haryana,2022-05-01T00:00:00Z,273855,191649,70551,262200,0.957440982
7,Delhi,2022-05-01T00:00:00Z,416018,294541,103502,398043,0.956792735
8,Rajasthan,2022-05-01T00:00:00Z,290053,192291,88922,281213,0.969522811
9,Uttar Pradesh,2022-05-01T00:00:00Z,861805,438117,380610,818727,0.950014214
10,Bihar,2022-05-01T00:00:00Z,280982,80283,160333,240616,0.856339552
11,Sikkim,2022-05-01T00:00:00Z,6124,2101,3007,5108,0.834095363
12,Arunachal Pradesh,2022-05-01T00:00:00Z,10811,2563,5830,8393,0.776338914
13,Nagaland,2022-05-01T00:00:00Z,6184,1822,3771,5593,0.904430789
14,Manipur,2022-05-01T00:00:00Z,9118,2105,5272,7377,0.809059004
15,Mizoram,2022-05-01T00:00:00Z,6340,1346,3662,5008,0.789905363
16,Tripura,2022-05-01T00:00:00Z,19277,8819,8592,17411,0.903200706
17,Meghalaya,2022-05-01T00:00:00Z,16365,4298,7739,12037,0.73553315
18,Assam,2022-05-01T00:00:00Z,121212,44897,66035,110932,0.915189915
19,West Bengal,2022-05-01T00:00:00Z,368904,194722,152747,347469,0.941895452
20,Jharkhand,2022-05-01T00:00:00Z,121339,51598,62972,114570,0.944214144
21,Odisha,2022-05-01T00:00:00Z,160653,64351,85544,149895,0.933035798
22,Chhattisgarh,2022-05-01T00:00:00Z,75353,35838,35233,71071,0.943174127
23,Madhya Pradesh,2022-05-01T00:00:00Z,196288,100533,87594,188127,0.958423337
24,Gujarat,2022-05-01T00:00:00Z,594451,486160,102294,588454,0.9899117
25,Daman and Diu,2022-05-01T00:00:00Z,,,,0,
26,Dadra and Nagar Haveli,2022-05-01T00:00:00Z,11640,8513,2589,11102,0.953780069
27,Maharashtra,2022-05-01T00:00:00Z,814447,513410,265111,778521,0.955889088
29,Karnataka,2022-05-01T00:00:00Z,656039,365269,249495,614764,0.937084533
30,Goa,2022-05-01T00:00:00Z,25302,11822,9347,21169,0.836653229
31,Lakshadweep,2022-05-01T00:00:00Z,176,91,77,168,0.954545455
32,Kerala,2022-05-01T00:00:00Z,275367,161562,98595,260157,0.944764623
33,Tamil Nadu,2022-05-01T00:00:00Z,878008,513124,325933,839057,0.955637078
34,Puducherry,2022-05-01T00:00:00Z,18024,9318,7834,17152,0.951620062
35,Andaman and Nicobar Islands,2022-05-01T00:00:00Z,3369,1415,1784,3199,0.949539923
36,Telangana,2022-05-01T00:00:00Z,343940,150850,148529,299379,0.870439612
37,Andhra Pradesh,2022-05-01T00:00:00Z,249985,129578,104649,234227,0.936964218
38,Ladakh,2022-05-01T00:00:00Z,2410,741,1491,2232,0.926141079
97,Other Territory,2022-05-01T00:00:00Z,81,60,5,65,0.802469136
1,Jammu and Kashmir,2022-06-01T00:00:00Z,109205,39438,101752,101991,0.933940754
2,Himachal Pradesh,2022-06-01T00:00:00Z,98966,48449,95308,95500,0.964977871
3,Punjab,2022-06-01T00:00:00Z,342449,237801,324491,324741,0.94829011
4,Chandigarh,2022-06-01T00:00:00Z,27634,20100,26944,26956,0.975465007
5,Uttarakhand,2022-06-01T00:00:00Z,154914,72910,144482,144878,0.935215668
6,Haryana,2022-06-01T00:00:00Z,476752,317689,456080,456338,0.957181092
7,Delhi,2022-06-01T00:00:00Z,750813,525468,716590,717723,0.955927774
8,Rajasthan,2022-06-01T00:00:00Z,666005,389043,640256,641184,0.962731511
9,Uttar Pradesh,2022-06-01T00:00:00Z,1358945,623338,1272521,1275237,0.938402216
10,Bihar,2022-06-01T00:00:00Z,470659,127287,406179,408158,0.867205344
11,Sikkim,2022-06-01T00:00:00Z,9262,3113,7959,8054,0.869574606
12,Arunachal Pradesh,2022-06-01T00:00:00Z,14133,3211,11192,11352,0.803226491
13,Nagaland,2022-06-01T00:00:00Z,7446,2174,6697,6747,0.906124093
14,Manipur,2022-06-01T00:00:00Z,11079,2397,9029,9094,0.820832205
15,Mizoram,2022-06-01T00:00:00Z,7252,1434,5909,5933,0.81811914
16,Tripura,2022-06-01T00:00:00Z,26614,11465,24298,24396,0.916660404
17,Meghalaya,2022-06-01T00:00:00Z,27510,7734,21793,22000,0.799709197
18,Assam,2022-06-01T00:00:00Z,178312,58959,161829,162709,0.912496074
19,West Bengal,2022-06-01T00:00:00Z,633580,319985,594498,595384,0.939714006
20,Jharkhand,2022-06-01T00:00:00Z,168897,72510,159082,159378,0.943640207
21,Odisha,2022-06-01T00:00:00Z,275749,97225,254361,255162,0.925341524
22,Chhattisgarh,2022-06-01T00:00:00Z,132153,55494,124102,124598,0.942831415
23,Madhya Pradesh,2022-06-01T00:00:00Z,418497,175242,397306,398059,0.95116333
24,Gujarat,2022-06-01T00:00:00Z,1006436,781871,989274,989791,0.983461442
25,Daman and Diu,2022-06-01T00:00:00Z,,,0,0,
26,Dadra and Nagar Haveli,2022-06-01T00:00:00Z,14678,10402,14014,14020,0.955171004
27,Maharashtra,2022-06-01T00:00:00Z,1485608,895122,1417521,1419389,0.95542633
29,Karnataka,2022-06-01T00:00:00Z,844882,446083,786859,788404,0.933152795
30,Goa,2022-06-01T00:00:00Z,37823,18336,33105,33228,0.878513074
31,Lakshadweep,2022-06-01T00:00:00Z,221,116,211,211,0.954751131
32,Kerala,2022-06-01T00:00:00Z,339208,186274,320573,321056,0.946487111
33,Tamil Nadu,2022-06-01T00:00:00Z,999035,565315,948683,950274,0.9511919
34,Puducherry,2022-06-01T00:00:00Z,20468,10328,19316,19343,0.945036154
35,Andaman and Nicobar Islands,2022-06-01T00:00:00Z,4189,1649,4005,4011,0.957507758
36,Telangana,2022-06-01T00:00:00Z,415294,175268,362232,362919,0.873884525
37,Andhra Pradesh,2022-06-01T00:00:00Z,300587,147753,284476,284867,0.947702329
38,Ladakh,2022-06-01T00:00:00Z,5863,2005,5485,5525,0.942350333
97,Other Territory,2022-06-01T00:00:00Z,87,63,71,71,0.816091954
1,Jammu and Kashmir,2022-07-01T00:00:00Z,68216,28135,36209,64344,0.943239123
2,Himachal Pradesh,2022-07-01T00:00:00Z,44504,25061,17466,42527,0.955577027
3,Punjab,2022-07-01T00:00:00Z,167538,120454,36285,156739,0.935542981
4,Chandigarh,2022-07-01T00:00:00Z,16335,12267,3579,15846,0.970064279
5,Uttarakhand,2022-07-01T00:00:00Z,85475,42669,35967,78636,0.919988301
6,Haryana,2022-07-01T00:00:00Z,276623,186686,75218,261904,0.946790397
7,Delhi,2022-07-01T00:00:00Z,419109,287543,111388,398931,0.951855007
8,Rajasthan,2022-07-01T00:00:00Z,287981,180272,96214,276486,0.960084172
9,Uttar Pradesh,2022-07-01T00:00:00Z,869959,419460,402363,821823,0.944668657
10,Bihar,2022-07-01T00:00:00Z,282327,76638,163786,240424,0.851579906
11,Sikkim,2022-07-01T00:00:00Z,6202,2137,3042,5179,0.835053209
12,Arunachal Pradesh,2022-07-01T00:00:00Z,11019,2542,6042,8584,0.77901806
13,Nagaland,2022-07-01T00:00:00Z,6325,1820,3902,5722,0.904664032
14,Manipur,2022-07-01T00:00:00Z,9156,2195,5348,7543,0.823831367
15,Mizoram,2022-07-01T00:00:00Z,6353,1299,3798,5097,0.802298127
16,Tripura,2022-07-01T00:00:00Z,19402,8474,9077,17551,0.904597464
17,Meghalaya,2022-07-01T00:00:00Z,16566,4458,7941,12399,0.748460703
18,Assam,2022-07-01T00:00:00Z,121489,44028,67401,111429,0.917194149
19,West Bengal,2022-07-01T00:00:00Z,370844,197269,152730,349999,0.943790381
20,Jharkhand,2022-07-01T00:00:00Z,122532,54809,61016,115825,0.945263278
21,Odisha,2022-07-01T00:00:00Z,161454,61285,88797,150082,0.929565077
22,Chhattisgarh,2022-07-01T00:00:00Z,74474,34343,35587,69930,0.938985418
23,Madhya Pradesh,2022-07-01T00:00:00Z,194320,92149,93915,186064,0.95751338
24,Gujarat,2022-07-01T00:00:00Z,599279,475467,115255,590722,0.985721175
25,Daman and Diu,2022-07-01T00:00:00Z,,,,0,
26,Dadra and Nagar Haveli,2022-07-01T00:00:00Z,11636,8379,2708,11087,0.952818838
27,Maharashtra,2022-07-01T00:00:00Z,815623,510355,267838,778193,0.9541087
29,Karnataka,2022-07-01T00:00:00Z,664863,365127,256406,621533,0.934828679
30,Goa,2022-07-01T00:00:00Z,25469,11856,9400,21256,0.834583219
31,Lakshadweep,2022-07-01T00:00:00Z,178,100,72,172,0.966292135
32,Kerala,2022-07-01T00:00:00Z,277547,165374,97126,262500,0.945785759
33,Tamil Nadu,2022-07-01T00:00:00Z,889467,520984,327815,848799,0.954278236
34,Puducherry,2022-07-01T00:00:00Z,18235,9509,7824,17333,0.950534686
35,Andaman and Nicobar Islands,2022-07-01T00:00:00Z,3398,1355,1904,3259,0.959093584
36,Telangana,2022-07-01T00:00:00Z,349377,151539,152588,304127,0.870483747
37,Andhra Pradesh,2022-07-01T00:00:00Z,247712,126259,109480,235739,0.951665644
38,Ladakh,2022-07-01T00:00:00Z,2354,698,1415,2113,0.897621071
97,Other Territory,2022-07-01T00:00:00Z,80,60,4,64,0.8
1,Jammu and Kashmir,2022-08-01T00:00:00Z,69437,27368,38264,65632,0.945202126
2,Himachal Pradesh,2022-08-01T00:00:00Z,45023,24266,19069,43335,0.962508051
3,Punjab,2022-08-01T00:00:00Z,169859,120880,38431,159311,0.937901436
4,Chandigarh,2022-08-01T00:00:00Z,16429,12216,3794,16010,0.974496317
5,Uttarakhand,2022-08-01T00:00:00Z,86445,43279,36654,79933,0.924668865
6,Haryana,2022-08-01T00:00:00Z,279410,189863,76195,266058,0.952213593
7,Delhi,2022-08-01T00:00:00Z,423539,294840,110263,405103,0.956471541
8,Rajasthan,2022-08-01T00:00:00Z,293004,184266,98916,283182,0.966478273
9,Uttar Pradesh,2022-08-01T00:00:00Z,883450,425396,412175,837571,0.948068368
10,Bihar,2022-08-01T00:00:00Z,286093,78473,167184,245657,0.858661344
11,Sikkim,2022-08-01T00:00:00Z,6226,2111,3135,5246,0.842595567
12,Arunachal Pradesh,2022-08-01T00:00:00Z,11175,2516,6240,8756,0.783534676
13,Nagaland,2022-08-01T00:00:00Z,6418,1780,4027,5807,0.904799003
14,Manipur,2022-08-01T00:00:00Z,9166,2039,5685,7724,0.842679468
15,Mizoram,2022-08-01T00:00:00Z,6421,1283,3886,5169,0.805014795
16,Tripura,2022-08-01T00:00:00Z,19474,8268,9524,17792,0.913628428
17,Meghalaya,2022-08-01T00:00:00Z,16728,3999,8634,12633,0.755200861
18,Assam,2022-08-01T00:00:00Z,123451,42726,70660,113386,0.918469676
19,West Bengal,2022-08-01T00:00:00Z,375522,195431,159587,355018,0.945398672
20,Jharkhand,2022-08-01T00:00:00Z,124179,54846,62388,117234,0.944072669
21,Odisha,2022-08-01T00:00:00Z,163696,61817,91442,153259,0.93624157
22,Chhattisgarh,2022-08-01T00:00:00Z,75697,34604,36601,71205,0.94065815
23,Madhya Pradesh,2022-08-01T00:00:00Z,198209,93180,96913,190093,0.959053323
24,Gujarat,2022-08-01T00:00:00Z,608923,478856,119525,598381,0.982687466
25,Daman and Diu,2022-08-01T00:00:00Z,,,,0,
26,Dadra and Nagar Haveli,2022-08-01T00:00:00Z,11721,8520,2647,11167,0.952734408
27,Maharashtra,2022-08-01T00:00:00Z,826349,500152,288243,788395,0.954070254
29,Karnataka,2022-08-01T00:00:00Z,670009,353245,274726,627971,0.937257559
30,Goa,2022-08-01T00:00:00Z,25404,11275,10196,21471,0.845181861
31,Lakshadweep,2022-08-01T00:00:00Z,175,87,87,174,0.994285714
32,Kerala,2022-08-01T00:00:00Z,278758,139874,125166,265040,0.950788856
33,Tamil Nadu,2022-08-01T00:00:00Z,894020,493938,360737,854675,0.955990917
34,Puducherry,2022-08-01T00:00:00Z,18317,8915,8470,17385,0.949118305
35,Andaman and Nicobar Islands,2022-08-01T00:00:00Z,3433,1400,1918,3318,0.966501602
36,Telangana,2022-08-01T00:00:00Z,352323,143660,164005,307665,0.873246992
37,Andhra Pradesh,2022-08-01T00:00:00Z,250023,121502,116167,237669,0.950588546
38,Ladakh,2022-08-01T00:00:00Z,2487,643,1584,2227,0.895456373
97,Other Territory,2022-08-01T00:00:00Z,83,61,4,65,0.78313253
1,Jammu and Kashmir,2022-09-01T00:00:00Z,112849,42596,69940,112536,0.997226382
2,Himachal Pradesh,2022-09-01T00:00:00Z,99888,48506,49019,97525,0.976343505
3,Punjab,2022-09-01T00:00:00Z,346997,237645,94357,332002,0.95678637
4,Chandigarh,2022-09-01T00:00:00Z,27947,20002,7364,27366,0.979210649
5,Uttarakhand,2022-09-01T00:00:00Z,156524,71800,77370,149170,0.95301679
6,Haryana,2022-09-01T00:00:00Z,484645,317030,148977,466007,0.961542985
7,Delhi,2022-09-01T00:00:00Z,762171,528734,203778,732512,0.96108616
8,Rajasthan,2022-09-01T00:00:00Z,677720,396635,263150,659785,0.973536269
9,Uttar Pradesh,2022-09-01T00:00:00Z,1397129,622995,717985,1340980,0.959811156
10,Bihar,2022-09-01T00:00:00Z,481143,119435,316336,435771,0.905699553
11,Sikkim,2022-09-01T00:00:00Z,9386,2579,5838,8417,0.896761134
12,Arunachal Pradesh,2022-09-01T00:00:00Z,14571,3117,9055,12172,0.835357903
13,Nagaland,2022-09-01T00:00:00Z,7662,2081,5012,7093,0.925737405
14,Manipur,2022-09-01T00:00:00Z,11322,2757,7275,10032,0.886062533
15,Mizoram,2022-09-01T00:00:00Z,7434,1510,4704,6214,0.835889158
16,Tripura,2022-09-01T00:00:00Z,27081,10179,14993,25172,0.929507773
17,Meghalaya,2022-09-01T00:00:00Z,28240,6866,18031,24897,0.881621813
18,Assam,2022-09-01T00:00:00Z,182601,55272,117654,172926,0.947015624
19,West Bengal,2022-09-01T00:00:00Z,643156,301447,319585,621032,0.965600881
20,Jharkhand,2022-09-01T00:00:00Z,172673,70178,96007,166185,0.962426089
21,Odisha,2022-09-01T00:00:00Z,281667,93790,177209,270999,0.962125489
22,Chhattisgarh,2022-09-01T00:00:00Z,133809,55886,73313,129199,0.965547908
23,Madhya Pradesh,2022-09-01T00:00:00Z,426405,175299,243214,418513,0.981491774
24,Gujarat,2022-09-01T00:00:00Z,1019860,798796,208670,1007466,0.987847352
25,Daman and Diu,2022-09-01T00:00:00Z,,,,0,
26,Dadra and Nagar Haveli,2022-09-01T00:00:00Z,14756,10649,3568,14217,0.963472486
27,Maharashtra,2022-09-01T00:00:00Z,1500292,906316,548999,1455315,0.970021169
29,Karnataka,2022-09-01T00:00:00Z,858143,436371,382804,819175,0.954590319
30,Goa,2022-09-01T00:00:00Z,37238,18928,15086,34014,0.913421773
31,Lakshadweep,2022-09-01T00:00:00Z,221,108,111,219,0.990950226
32,Kerala,2022-09-01T00:00:00Z,343140,185696,142592,328288,0.956717375
33,Tamil Nadu,2022-09-01T00:00:00Z,1012178,557050,420318,977368,0.965608816
34,Puducherry,2022-09-01T00:00:00Z,20712,10277,9559,19836,0.957705678
35,Andaman and Nicobar Islands,2022-09-01T00:00:00Z,4306,1649,2534,4183,0.971435207
36,Telangana,2022-09-01T00:00:00Z,424236,174486,208358,382844,0.902431665
37,Andhra Pradesh,2022-09-01T00:00:00Z,306096,141966,151793,293759,0.959695651
38,Ladakh,2022-09-01T00:00:00Z,6137,2120,4037,6157,1.003258921
97,Other Territory,2022-09-01T00:00:00Z,87,60,10,70,0.804597701
1,Jammu and Kashmir,2022-10-01T00:00:00Z,69494,30114,39124,69238,0.996316229
2,Himachal Pradesh,2022-10-01T00:00:00Z,44744,26543,16554,43097,0.963190595
3,Punjab,2022-10-01T00:00:00Z,170493,125804,34171,159975,0.938308318
4,Chandigarh,2022-10-01T00:00:00Z,16563,12788,3456,16244,0.980740204
5,Uttarakhand,2022-10-01T00:00:00Z,86459,46668,34457,81125,0.938306018
6,Haryana,2022-10-01T00:00:00Z,282622,198664,69841,268505,0.95004989
7,Delhi,2022-10-01T00:00:00Z,429452,304225,106100,410325,0.955461844
8,Rajasthan,2022-10-01T00:00:00Z,295677,199451,86867,286318,0.968347217
9,Uttar Pradesh,2022-10-01T00:00:00Z,899515,463399,400050,863449,0.95990506
10,Bihar,2022-10-01T00:00:00Z,287213,89450,164761,254211,0.88509573
11,Sikkim,2022-10-01T00:00:00Z,6315,2218,3211,5429,0.859699129
12,Arunachal Pradesh,2022-10-01T00:00:00Z,11345,2928,6247,9175,0.808726311
13,Nagaland,2022-10-01T00:00:00Z,6546,1904,4098,6002,0.916895814
14,Manipur,2022-10-01T00:00:00Z,9569,2346,5859,8205,0.85745637
15,Mizoram,2022-10-01T00:00:00Z,6545,1401,3930,5331,0.814514897
16,Tripura,2022-10-01T00:00:00Z,19543,9127,8947,18074,0.924832421
17,Meghalaya,2022-10-01T00:00:00Z,16538,4617,8815,13432,0.812190108
18,Assam,2022-10-01T00:00:00Z,124689,48331,68764,117095,0.939096472
19,West Bengal,2022-10-01T00:00:00Z,378725,209739,152958,362697,0.957679055
20,Jharkhand,2022-10-01T00:00:00Z,125793,59603,61082,120685,0.959393607
21,Odisha,2022-10-01T00:00:00Z,165324,68117,90047,158164,0.956691104
22,Chhattisgarh,2022-10-01T00:00:00Z,75434,38767,33246,72013,0.954649097
23,Madhya Pradesh,2022-10-01T00:00:00Z,199136,112390,82165,194555,0.976995621
24,Gujarat,2022-10-01T00:00:00Z,610453,498057,103130,601187,0.984821108
25,Daman and Diu,2022-10-01T00:00:00Z,,,,0,
26,Dadra and Nagar Haveli,2022-10-01T00:00:00Z,11790,8938,2376,11314,0.959626802
27,Maharashtra,2022-10-01T00:00:00Z,833041,547385,255233,802618,0.963479589
29,Karnataka,2022-10-01T00:00:00Z,675943,392977,251449,644426,0.953373287
30,Goa,2022-10-01T00:00:00Z,24904,13046,8862,21908,0.87969804
31,Lakshadweep,2022-10-01T00:00:00Z,186,100,76,176,0.946236559
32,Kerala,2022-10-01T00:00:00Z,282101,168696,99904,268600,0.952141254
33,Tamil Nadu,2022-10-01T00:00:00Z,904846,551056,321774,872830,0.964617183
34,Puducherry,2022-10-01T00:00:00Z,18585,10062,7687,17749,0.955017487
35,Andaman and Nicobar Islands,2022-10-01T00:00:00Z,3505,1500,1838,3338,0.95235378
36,Telangana,2022-10-01T00:00:00Z,358309,165519,154112,319631,0.892054065
37,Andhra Pradesh,2022-10-01T00:00:00Z,252706,136990,106642,243632,0.964092661
38,Ladakh,2022-10-01T00:00:00Z,2383,764,1605,2369,0.994125052
97,Other Territory,2022-10-01T00:00:00Z,80,60,4,64,0.8
1,Jammu and Kashmir,2022-11-01T00:00:00Z,70757,30500,39767,70267,0.99307489
2,Himachal Pradesh,2022-11-01T00:00:00Z,45303,26495,17173,43668,0.963909675
3,Punjab,2022-11-01T00:00:00Z,172338,126946,35449,162395,0.942305237
4,Chandigarh,2022-11-01T00:00:00Z,16674,12857,3427,16284,0.976610291
5,Uttarakhand,2022-11-01T00:00:00Z,87786,48063,34624,82687,0.941915567
6,Haryana,2022-11-01T00:00:00Z,285773,200637,72054,272691,0.954222407
7,Delhi,2022-11-01T00:00:00Z,434676,306111,110086,416197,0.957487876
8,Rajasthan,2022-11-01T00:00:00Z,303084,205357,89138,294495,0.971661322
9,Uttar Pradesh,2022-11-01T00:00:00Z,914748,481977,397825,879802,0.961797129
10,Bihar,2022-11-01T00:00:00Z,292666,100596,159302,259898,0.888036191
11,Sikkim,2022-11-01T00:00:00Z,6446,2295,3228,5523,0.856810425
12,Arunachal Pradesh,2022-11-01T00:00:00Z,11441,3192,6091,9283,0.811380124
13,Nagaland,2022-11-01T00:00:00Z,6648,2258,3802,6060,0.911552347
14,Manipur,2022-11-01T00:00:00Z,9502,2326,6003,8329,0.876552305
15,Mizoram,2022-11-01T00:00:00Z,6623,1372,4043,5415,0.817605315
16,Tripura,2022-11-01T00:00:00Z,19594,9168,9078,18246,0.93120343
17,Meghalaya,2022-11-01T00:00:00Z,16671,4694,8839,13533,0.81176894
18,Assam,2022-11-01T00:00:00Z,127177,49587,69192,118779,0.933966047
19,West Bengal,2022-11-01T00:00:00Z,382864,212633,155435,368068,0.961354424
20,Jharkhand,2022-11-01T00:00:00Z,126934,62393,59698,122091,0.961846314
21,Odisha,2022-11-01T00:00:00Z,168552,73187,88378,161565,0.958546917
22,Chhattisgarh,2022-11-01T00:00:00Z,76990,39517,33511,73028,0.948538771
23,Madhya Pradesh,2022-11-01T00:00:00Z,204506,114582,84457,199039,0.973267288
24,Gujarat,2022-11-01T00:00:00Z,617988,509631,97548,607179,0.982509369
25,Daman and Diu,2022-11-01T00:00:00Z,,,,0,
26,Dadra and Nagar Haveli,2022-11-01T00:00:00Z,11873,9022,2356,11378,0.958308768
27,Maharashtra,2022-11-01T00:00:00Z,845911,562235,252701,814936,0.963382673
29,Karnataka,2022-11-01T00:00:00Z,678429,402518,248010,650528,0.958874105
30,Goa,2022-11-01T00:00:00Z,25338,12825,9504,22329,0.88124556
31,Lakshadweep,2022-11-01T00:00:00Z,171,102,72,174,1.01754386
32,Kerala,2022-11-01T00:00:00Z,282756,171947,98901,270848,0.957885951
33,Tamil Nadu,2022-11-01T00:00:00Z,910192,554975,323824,878799,0.965509475
34,Puducherry,2022-11-01T00:00:00Z,18498,9996,7811,17807,0.96264461
35,Andaman and Nicobar Islands,2022-11-01T00:00:00Z,3511,1598,1773,3371,0.96012532
36,Telangana,2022-11-01T00:00:00Z,359722,173341,150111,323452,0.899172138
37,Andhra Pradesh,2022-11-01T00:00:00Z,254538,149327,96606,245933,0.966193653
38,Ladakh,2022-11-01T00:00:00Z,2468,818,1635,2453,0.993922204
97,Other Territory,2022-11-01T00:00:00Z,81,58,7,65,0.802469136
1,Jammu and Kashmir,2022-12-01T00:00:00Z,115882,47189,67710,114899,0.991517233
2,Himachal Pradesh,2022-12-01T00:00:00Z,100769,55243,43242,98485,0.977334299
3,Punjab,2022-12-01T00:00:00Z,350104,252859,82862,335721,0.958917922
4,Chandigarh,2022-12-01T00:00:00Z,28095,21353,6207,27560,0.980957466
5,Uttarakhand,2022-12-01T00:00:00Z,158597,81993,69674,151667,0.956304344
6,Haryana,2022-12-01T00:00:00Z,491220,344583,128526,473109,0.963130573
7,Delhi,2022-12-01T00:00:00Z,772632,562644,180450,743094,0.961769639
8,Rajasthan,2022-12-01T00:00:00Z,690105,455881,218320,674201,0.976954232
9,Uttar Pradesh,2022-12-01T00:00:00Z,1436617,722739,655309,1378048,0.959231305
10,Bihar,2022-12-01T00:00:00Z,495564,157360,290532,447892,0.903802536
11,Sikkim,2022-12-01T00:00:00Z,9604,3329,5270,8599,0.895356102
12,Arunachal Pradesh,2022-12-01T00:00:00Z,14790,3690,8780,12470,0.843137255
13,Nagaland,2022-12-01T00:00:00Z,7880,2456,4812,7268,0.922335025
14,Manipur,2022-12-01T00:00:00Z,11767,3036,7303,10339,0.878643664
15,Mizoram,2022-12-01T00:00:00Z,7610,1483,4901,6384,0.838896189
16,Tripura,2022-12-01T00:00:00Z,26830,12330,13103,25433,0.94793142
17,Meghalaya,2022-12-01T00:00:00Z,28406,8074,16967,25041,0.881539111
18,Assam,2022-12-01T00:00:00Z,185152,71196,105250,176446,0.952979174
19,West Bengal,2022-12-01T00:00:00Z,653033,361017,268558,629575,0.964078385
20,Jharkhand,2022-12-01T00:00:00Z,175834,84400,84868,169268,0.962657961
21,Odisha,2022-12-01T00:00:00Z,288456,116807,160789,277596,0.962351277
22,Chhattisgarh,2022-12-01T00:00:00Z,135546,66292,64836,131128,0.967405899
23,Madhya Pradesh,2022-12-01T00:00:00Z,435626,221392,205905,427297,0.980880388
24,Gujarat,2022-12-01T00:00:00Z,1027609,857521,158832,1016353,0.989046417
25,Daman and Diu,2022-12-01T00:00:00Z,,,,0,
26,Dadra and Nagar Haveli,2022-12-01T00:00:00Z,14870,11392,2976,14368,0.966240753
27,Maharashtra,2022-12-01T00:00:00Z,1519147,1027140,449801,1476941,0.972217304
29,Karnataka,2022-12-01T00:00:00Z,865622,519244,314624,833868,0.963316552
30,Goa,2022-12-01T00:00:00Z,38074,21394,13495,34889,0.916347114
31,Lakshadweep,2022-12-01T00:00:00Z,218,129,90,219,1.004587156
32,Kerala,2022-12-01T00:00:00Z,343988,206863,125697,332560,0.966777911
33,Tamil Nadu,2022-12-01T00:00:00Z,1025826,633578,359430,993008,0.96800822
34,Puducherry,2022-12-01T00:00:00Z,20775,11596,8444,20040,0.964620939
35,Andaman and Nicobar Islands,2022-12-01T00:00:00Z,4405,1988,2279,4267,0.968671964
36,Telangana,2022-12-01T00:00:00Z,432157,213067,178465,391532,0.905994812
37,Andhra Pradesh,2022-12-01T00:00:00Z,310997,177127,122665,299792,0.963970714
38,Ladakh,2022-12-01T00:00:00Z,6357,2495,3881,6376,1.002988831
97,Other Territory,2022-12-01T00:00:00Z,87,66,4,70,0.804597701
1,Jammu and Kashmir,2023-01-01T00:00:00Z,70382,31540,37806,69346,0.985280327
2,Himachal Pradesh,2023-01-01T00:00:00Z,46153,28505,14931,43436,0.941130587
3,Punjab,2023-01-01T00:00:00Z,177002,132084,29929,162013,0.915317341
4,Chandigarh,2023-01-01T00:00:00Z,16929,13273,3048,16321,0.964085297
5,Uttarakhand,2023-01-01T00:00:00Z,90863,51241,32022,83263,0.916357593
6,Haryana,2023-01-01T00:00:00Z,292625,212910,61904,274814,0.939133704
7,Delhi,2023-01-01T00:00:00Z,448203,320079,98171,418250,0.933170907
8,Rajasthan,2023-01-01T00:00:00Z,311697,218018,74786,292804,0.939386648
9,Uttar Pradesh,2023-01-01T00:00:00Z,954168,507094,385569,892663,0.935540701
10,Bihar,2023-01-01T00:00:00Z,310298,101099,162589,263688,0.849789557
11,Sikkim,2023-01-01T00:00:00Z,6642,2488,3095,5583,0.840560072
12,Arunachal Pradesh,2023-01-01T00:00:00Z,11740,3145,6273,9418,0.802214651
13,Nagaland,2023-01-01T00:00:00Z,6715,2183,3893,6076,0.904839911
14,Manipur,2023-01-01T00:00:00Z,9805,2595,5820,8415,0.858235594
15,Mizoram,2023-01-01T00:00:00Z,6365,1410,4021,5431,0.853260016
16,Tripura,2023-01-01T00:00:00Z,19719,9655,8684,18339,0.930016735
17,Meghalaya,2023-01-01T00:00:00Z,16717,5030,8203,13233,0.7915894
18,Assam,2023-01-01T00:00:00Z,127611,52547,66278,118825,0.931150136
19,West Bengal,2023-01-01T00:00:00Z,393378,225791,145102,370893,0.942841237
20,Jharkhand,2023-01-01T00:00:00Z,130198,66138,57476,123614,0.949430867
21,Odisha,2023-01-01T00:00:00Z,173481,76970,85569,162539,0.93692681
22,Chhattisgarh,2023-01-01T00:00:00Z,78435,42324,30700,73024,0.931012941
23,Madhya Pradesh,2023-01-01T00:00:00Z,208760,120359,78034,198393,0.950340103
24,Gujarat,2023-01-01T00:00:00Z,625585,529529,80254,609783,0.974740443
25,Daman and Diu,2023-01-01T00:00:00Z,,,,0,
26,Dadra and Nagar Haveli,2023-01-01T00:00:00Z,11999,9397,2083,11480,0.956746396
27,Maharashtra,2023-01-01T00:00:00Z,864672,598861,218599,817460,0.945398949
29,Karnataka,2023-01-01T00:00:00Z,690116,423526,234787,658313,0.953916443
30,Goa,2023-01-01T00:00:00Z,25812,13968,8483,22451,0.869789245
31,Lakshadweep,2023-01-01T00:00:00Z,181,108,68,176,0.972375691
32,Kerala,2023-01-01T00:00:00Z,285285,179046,94213,273259,0.957845663
33,Tamil Nadu,2023-01-01T00:00:00Z,923071,582726,307817,890543,0.964761107
34,Puducherry,2023-01-01T00:00:00Z,18672,10557,7429,17986,0.963260497
35,Andaman and Nicobar Islands,2023-01-01T00:00:00Z,3534,1736,1662,3398,0.961516695
36,Telangana,2023-01-01T00:00:00Z,367733,181970,145578,327548,0.890722345
37,Andhra Pradesh,2023-01-01T00:00:00Z,259359,149842,98585,248427,0.95784993
38,Ladakh,2023-01-01T00:00:00Z,2401,960,1352,2312,0.962932112
97,Other Territory,2023-01-01T00:00:00Z,83,62,3,65,0.78313253
1,Jammu and Kashmir,2023-02-01T00:00:00Z,70494,31658,38902,70560,1.00093625
2,Himachal Pradesh,2023-02-01T00:00:00Z,44735,28272,16346,44618,0.997384598
3,Punjab,2023-02-01T00:00:00Z,166689,132649,31789,164438,0.98649581
4,Chandigarh,2023-02-01T00:00:00Z,16442,13263,3183,16446,1.000243279
5,Uttarakhand,2023-02-01T00:00:00Z,86219,49878,35215,85093,0.986940234
6,Haryana,2023-02-01T00:00:00Z,283148,212923,67118,280041,0.98902694
7,Delhi,2023-02-01T00:00:00Z,429555,321274,103173,424447,0.988108624
8,Rajasthan,2023-02-01T00:00:00Z,307540,218968,81763,300731,0.977859791
9,Uttar Pradesh,2023-02-01T00:00:00Z,922519,481700,428771,910471,0.986940106
10,Bihar,2023-02-01T00:00:00Z,280202,90069,182386,272455,0.972352089
11,Sikkim,2023-02-01T00:00:00Z,5628,2393,3305,5698,1.012437811
12,Arunachal Pradesh,2023-02-01T00:00:00Z,9242,2991,6539,9530,1.031162086
13,Nagaland,2023-02-01T00:00:00Z,6117,2117,4008,6125,1.001307831
14,Manipur,2023-02-01T00:00:00Z,8694,2207,6313,8520,0.979986197
15,Mizoram,2023-02-01T00:00:00Z,5683,1364,4111,5475,0.963399613
16,Tripura,2023-02-01T00:00:00Z,18241,8981,9408,18389,1.00811359
17,Meghalaya,2023-02-01T00:00:00Z,13719,4834,8495,13329,0.971572272
18,Assam,2023-02-01T00:00:00Z,122070,51265,69208,120473,0.986917343
19,West Bengal,2023-02-01T00:00:00Z,381893,221086,155191,376277,0.98529431
20,Jharkhand,2023-02-01T00:00:00Z,127545,62081,63415,125496,0.983935082
21,Odisha,2023-02-01T00:00:00Z,168414,74951,90534,165485,0.982608334
22,Chhattisgarh,2023-02-01T00:00:00Z,76166,40537,33713,74250,0.974844419
23,Madhya Pradesh,2023-02-01T00:00:00Z,206539,116697,86567,203264,0.984143431
24,Gujarat,2023-02-01T00:00:00Z,617039,531505,85262,616767,0.999559185
25,Daman and Diu,2023-02-01T00:00:00Z,,,,0,
26,Dadra and Nagar Haveli,2023-02-01T00:00:00Z,11707,9376,2165,11541,0.985820449
27,Maharashtra,2023-02-01T00:00:00Z,838532,603754,226248,830002,0.98982746
29,Karnataka,2023-02-01T00:00:00Z,673244,423567,241382,664949,0.987679058
30,Goa,2023-02-01T00:00:00Z,22633,13953,8764,22717,1.003711395
31,Lakshadweep,2023-02-01T00:00:00Z,184,106,76,182,0.989130435
32,Kerala,2023-02-01T00:00:00Z,276279,180184,95137,275321,0.996532491
33,Tamil Nadu,2023-02-01T00:00:00Z,907892,582308,315297,897605,0.988669357
34,Puducherry,2023-02-01T00:00:00Z,18422,10554,7551,18105,0.982792314
35,Andaman and Nicobar Islands,2023-02-01T00:00:00Z,3464,1624,1826,3450,0.99595843
36,Telangana,2023-02-01T00:00:00Z,337773,180668,150630,331298,0.980830321
37,Andhra Pradesh,2023-02-01T00:00:00Z,254394,147568,102836,250404,0.984315668
38,Ladakh,2023-02-01T00:00:00Z,2316,983,1402,2385,1.029792746
97,Other Territory,2023-02-01T00:00:00Z,79,61,6,67,0.848101266
1,Jammu and Kashmir,2023-03-01T00:00:00Z,117563,43526,74188,117714,1.001284418
2,Himachal Pradesh,2023-03-01T00:00:00Z,99991,50993,49878,100871,1.008800792
3,Punjab,2023-03-01T00:00:00Z,341156,246594,93819,340413,0.997822111
4,Chandigarh,2023-03-01T00:00:00Z,27637,20758,7028,27786,1.005391323
5,Uttarakhand,2023-03-01T00:00:00Z,155639,78312,76680,154992,0.995842944
6,Haryana,2023-03-01T00:00:00Z,485122,338079,144846,482925,0.995471242
7,Delhi,2023-03-01T00:00:00Z,753579,556084,196733,752817,0.998988825
8,Rajasthan,2023-03-01T00:00:00Z,689646,431240,257209,688449,0.998264327
9,Uttar Pradesh,2023-03-01T00:00:00Z,1428140,691983,724453,1416436,0.991804725
10,Bihar,2023-03-01T00:00:00Z,473091,137064,327197,464261,0.981335515
11,Sikkim,2023-03-01T00:00:00Z,8802,3188,5750,8938,1.015451034
12,Arunachal Pradesh,2023-03-01T00:00:00Z,12544,3191,9662,12853,1.024633291
13,Nagaland,2023-03-01T00:00:00Z,7349,2273,5121,7394,1.006123282
14,Manipur,2023-03-01T00:00:00Z,11229,2769,7811,10580,0.942203224
15,Mizoram,2023-03-01T00:00:00Z,6688,1468,5024,6492,0.97069378
16,Tripura,2023-03-01T00:00:00Z,25358,10534,15113,25647,1.011396798
17,Meghalaya,2023-03-01T00:00:00Z,25779,7285,17796,25081,0.972923698
18,Assam,2023-03-01T00:00:00Z,180737,63665,115629,179294,0.992016023
19,West Bengal,2023-03-01T00:00:00Z,643514,339349,301046,640395,0.995153175
20,Jharkhand,2023-03-01T00:00:00Z,174166,79503,93311,172814,0.992237291
21,Odisha,2023-03-01T00:00:00Z,284492,109863,173594,283457,0.996361936
22,Chhattisgarh,2023-03-01T00:00:00Z,132970,58975,74100,133075,1.000789652
23,Madhya Pradesh,2023-03-01T00:00:00Z,435831,194421,241475,435896,1.00014914
24,Gujarat,2023-03-01T00:00:00Z,1025594,831861,197963,1029824,1.004124439
25,Daman and Diu,2023-03-01T00:00:00Z,,,,0,
26,Dadra and Nagar Haveli,2023-03-01T00:00:00Z,14459,11267,3208,14475,1.001106577
27,Maharashtra,2023-03-01T00:00:00Z,1502094,990650,507354,1498004,0.997277134
29,Karnataka,2023-03-01T00:00:00Z,856336,491383,356556,847939,0.99019427
30,Goa,2023-03-01T00:00:00Z,35534,20223,15281,35504,0.999155738
31,Lakshadweep,2023-03-01T00:00:00Z,224,113,114,227,1.013392857
32,Kerala,2023-03-01T00:00:00Z,339189,196301,141077,337378,0.994660794
33,Tamil Nadu,2023-03-01T00:00:00Z,1023930,608907,402919,1011826,0.988178879
34,Puducherry,2023-03-01T00:00:00Z,20562,10952,9469,20421,0.99314269
35,Andaman and Nicobar Islands,2023-03-01T00:00:00Z,4361,1751,2584,4335,0.994038065
36,Telangana,2023-03-01T00:00:00Z,408499,198734,201325,400059,0.979338995
37,Andhra Pradesh,2023-03-01T00:00:00Z,309142,156753,147976,304729,0.985725007
38,Ladakh,2023-03-01T00:00:00Z,6380,2301,4280,6581,1.031504702
97,Other Territory,2023-03-01T00:00:00Z,86,68,7,75,0.872093023
1,Jammu and Kashmir,2023-04-01T00:00:00Z,70249,28689,41824,70513,1.003758061
2,Himachal Pradesh,2023-04-01T00:00:00Z,44514,27155,17602,44757,1.005458957
3,Punjab,2023-04-01T00:00:00Z,165970,129901,35119,165020,0.994276074
4,Chandigarh,2023-04-01T00:00:00Z,16508,13215,3337,16552,1.002665374
5,Uttarakhand,2023-04-01T00:00:00Z,85383,48444,36475,84919,0.994565663
6,Haryana,2023-04-01T00:00:00Z,284262,209878,72298,282176,0.992661699
7,Delhi,2023-04-01T00:00:00Z,430635,319634,106921,426555,0.990525619
8,Rajasthan,2023-04-01T00:00:00Z,302574,211846,89173,301019,0.994860761
9,Uttar Pradesh,2023-04-01T00:00:00Z,921236,463533,453903,917436,0.995875107
10,Bihar,2023-04-01T00:00:00Z,275195,85464,185318,270782,0.983964098
11,Sikkim,2023-04-01T00:00:00Z,5644,2256,3512,5768,1.021970234
12,Arunachal Pradesh,2023-04-01T00:00:00Z,9571,2217,7553,9770,1.020791976
13,Nagaland,2023-04-01T00:00:00Z,6159,2028,4171,6199,1.006494561
14,Manipur,2023-04-01T00:00:00Z,8800,1119,7333,8452,0.960454545
15,Mizoram,2023-04-01T00:00:00Z,5637,1404,4144,5548,0.98421146
16,Tripura,2023-04-01T00:00:00Z,18284,8422,10031,18453,1.009243054
17,Meghalaya,2023-04-01T00:00:00Z,13535,4378,8902,13280,0.981159956
18,Assam,2023-04-01T00:00:00Z,120482,46591,73797,120388,0.9992198
19,West Bengal,2023-04-01T00:00:00Z,382208,214873,164792,379665,0.993346555
20,Jharkhand,2023-04-01T00:00:00Z,127557,60994,65884,126878,0.99467689
21,Odisha,2023-04-01T00:00:00Z,166894,70584,95474,166058,0.994990833
22,Chhattisgarh,2023-04-01T00:00:00Z,74510,38780,35488,74268,0.996752114
23,Madhya Pradesh,2023-04-01T00:00:00Z,203718,109052,93695,202747,0.995233607
24,Gujarat,2023-04-01T00:00:00Z,620995,524259,96168,620427,0.999085339
25,Daman and Diu,2023-04-01T00:00:00Z,0,0,,0,
26,Dadra and Nagar Haveli,2023-04-01T00:00:00Z,11569,9220,2345,11565,0.999654248
27,Maharashtra,2023-04-01T00:00:00Z,836037,579199,253679,832878,0.996221459
29,Karnataka,2023-04-01T00:00:00Z,675549,384009,283377,667386,0.987916495
30,Goa,2023-04-01T00:00:00Z,22737,13484,9391,22875,1.006069402
31,Lakshadweep,2023-04-01T00:00:00Z,184,93,93,186,1.010869565
32,Kerala,2023-04-01T00:00:00Z,277722,170984,104704,275688,0.992676129
33,Tamil Nadu,2023-04-01T00:00:00Z,912114,560126,345035,905161,0.992377049
34,Puducherry,2023-04-01T00:00:00Z,18445,10051,8179,18230,0.988343725
35,Andaman and Nicobar Islands,2023-04-01T00:00:00Z,3455,1579,1873,3452,0.999131693
36,Telangana,2023-04-01T00:00:00Z,336228,169568,163962,333530,0.991975683
37,Andhra Pradesh,2023-04-01T00:00:00Z,255558,135113,116277,251390,0.983690591
38,Ladakh,2023-04-01T00:00:00Z,2214,725,1630,2355,1.063685637
97,Other Territory,2023-04-01T00:00:00Z,84,62,6,68,0.80952381
1,Jammu and Kashmir,2023-05-01T00:00:00Z,72254,29165,42959,72124,0.998200792
2,Himachal Pradesh,2023-05-01T00:00:00Z,46110,27222,18742,45964,0.996833659
3,Punjab,2023-05-01T00:00:00Z,170538,130540,37556,168096,0.985680611
4,Chandigarh,2023-05-01T00:00:00Z,16836,13210,3538,16748,0.994773105
5,Uttarakhand,2023-05-01T00:00:00Z,88261,48825,37893,86718,0.98251776
6,Haryana,2023-05-01T00:00:00Z,290906,210450,76289,286739,0.985675785
7,Delhi,2023-05-01T00:00:00Z,441093,317926,112996,430922,0.976941371
8,Rajasthan,2023-05-01T00:00:00Z,314962,217051,92195,309246,0.981851779
9,Uttar Pradesh,2023-05-01T00:00:00Z,943261,483030,449028,932058,0.988123118
10,Bihar,2023-05-01T00:00:00Z,285702,87608,189223,276831,0.968950165
11,Sikkim,2023-05-01T00:00:00Z,5914,2313,3619,5932,1.003043625
12,Arunachal Pradesh,2023-05-01T00:00:00Z,10057,2717,7190,9907,0.985085015
13,Nagaland,2023-05-01T00:00:00Z,6265,1943,4341,6284,1.003032721
14,Manipur,2023-05-01T00:00:00Z,8763,1518,6963,8481,0.96781924
15,Mizoram,2023-05-01T00:00:00Z,5804,1385,4239,5624,0.968986906
16,Tripura,2023-05-01T00:00:00Z,18682,8511,10290,18801,1.006369768
17,Meghalaya,2023-05-01T00:00:00Z,13884,4506,9363,13869,0.99891962
18,Assam,2023-05-01T00:00:00Z,123649,47422,74793,122215,0.988402656
19,West Bengal,2023-05-01T00:00:00Z,389922,217609,167170,384779,0.986810183
20,Jharkhand,2023-05-01T00:00:00Z,129829,61108,67144,128252,0.987853253
21,Odisha,2023-05-01T00:00:00Z,172134,72351,96900,169251,0.98325142
22,Chhattisgarh,2023-05-01T00:00:00Z,76671,40184,35260,75444,0.983996557
23,Madhya Pradesh,2023-05-01T00:00:00Z,210874,112569,94612,207181,0.982487172
24,Gujarat,2023-05-01T00:00:00Z,630476,529857,98373,628230,0.996437612
25,Daman and Diu,2023-05-01T00:00:00Z,0,0,,0,
26,Dadra and Nagar Haveli,2023-05-01T00:00:00Z,11660,9218,2387,11605,0.995283019
27,Maharashtra,2023-05-01T00:00:00Z,854298,582090,260924,843014,0.986791494
29,Karnataka,2023-05-01T00:00:00Z,681828,396401,273827,670228,0.982986912
30,Goa,2023-05-01T00:00:00Z,23122,13570,9577,23147,1.001081221
31,Lakshadweep,2023-05-01T00:00:00Z,185,83,103,186,1.005405405
32,Kerala,2023-05-01T00:00:00Z,279588,169489,107891,277380,0.992102665
33,Tamil Nadu,2023-05-01T00:00:00Z,920596,552307,357836,910143,0.988645399
34,Puducherry,2023-05-01T00:00:00Z,18615,9731,8621,18352,0.985871609
35,Andaman and Nicobar Islands,2023-05-01T00:00:00Z,3541,1531,1941,3472,0.980513979
36,Telangana,2023-05-01T00:00:00Z,340996,168281,169159,337440,0.989571725
37,Andhra Pradesh,2023-05-01T00:00:00Z,257610,134183,119122,253305,0.983288692
38,Ladakh,2023-05-01T00:00:00Z,2377,888,1607,2495,1.049642406
97,Other Territory,2023-05-01T00:00:00Z,81,63,5,68,0.839506173
1,Jammu and Kashmir,2023-06-01T00:00:00Z,120466,45623,74760,120383,0.999311009
2,Himachal Pradesh,2023-06-01T00:00:00Z,102242,50063,52418,102481,1.002337591
3,Punjab,2023-06-01T00:00:00Z,344875,247761,95956,343717,0.996642262
4,Chandigarh,2023-06-01T00:00:00Z,27790,20316,7546,27862,1.00259086
5,Uttarakhand,2023-06-01T00:00:00Z,157146,78901,76794,155695,0.990766548
6,Haryana,2023-06-01T00:00:00Z,490131,339316,147211,486527,0.992646864
7,Delhi,2023-06-01T00:00:00Z,754668,551852,199124,750976,0.995107782
8,Rajasthan,2023-06-01T00:00:00Z,695415,442279,249050,691329,0.994124372
9,Uttar Pradesh,2023-06-01T00:00:00Z,1440086,694090,735650,1429740,0.992815707
10,Bihar,2023-06-01T00:00:00Z,479092,142398,327251,469649,0.980289798
11,Sikkim,2023-06-01T00:00:00Z,9037,3567,5682,9249,1.023459113
12,Arunachal Pradesh,2023-06-01T00:00:00Z,12982,3444,9718,13162,1.013865352
13,Nagaland,2023-06-01T00:00:00Z,7537,2508,5073,7581,1.005837867
14,Manipur,2023-06-01T00:00:00Z,10654,2385,8067,10452,0.981039985
15,Mizoram,2023-06-01T00:00:00Z,6771,1663,4948,6611,0.976369812
16,Tripura,2023-06-01T00:00:00Z,25970,11784,14424,26208,1.00916442
17,Meghalaya,2023-06-01T00:00:00Z,25920,8579,17673,26252,1.012808642
18,Assam,2023-06-01T00:00:00Z,182121,66210,114641,180851,0.993026614
19,West Bengal,2023-06-01T00:00:00Z,650891,344704,301738,646442,0.993164754
20,Jharkhand,2023-06-01T00:00:00Z,176637,80593,93796,174389,0.987273335
21,Odisha,2023-06-01T00:00:00Z,289249,114031,172393,286424,0.990233328
22,Chhattisgarh,2023-06-01T00:00:00Z,133745,63834,69866,133700,0.999663539
23,Madhya Pradesh,2023-06-01T00:00:00Z,441035,205434,233730,439164,0.995757706
24,Gujarat,2023-06-01T00:00:00Z,1032030,849700,183881,1033581,1.001502863
25,Daman and Diu,2023-06-01T00:00:00Z,0,0,,0,
26,Dadra and Nagar Haveli,2023-06-01T00:00:00Z,14448,11289,3146,14435,0.999100221
27,Maharashtra,2023-06-01T00:00:00Z,1510524,1014391,489208,1503599,0.995415498
29,Karnataka,2023-06-01T00:00:00Z,856106,498636,347183,845819,0.987983965
30,Goa,2023-06-01T00:00:00Z,35582,21441,14346,35787,1.00576134
31,Lakshadweep,2023-06-01T00:00:00Z,225,122,106,228,1.013333333
32,Kerala,2023-06-01T00:00:00Z,339205,202402,134889,337291,0.994357394
33,Tamil Nadu,2023-06-01T00:00:00Z,1028922,622107,395685,1017792,0.989182854
34,Puducherry,2023-06-01T00:00:00Z,20702,11077,9309,20386,0.984735774
35,Andaman and Nicobar Islands,2023-06-01T00:00:00Z,4395,1896,2449,4345,0.988623436
36,Telangana,2023-06-01T00:00:00Z,408512,204496,200166,404662,0.990575552
37,Andhra Pradesh,2023-06-01T00:00:00Z,310366,161234,144055,305289,0.983641894
38,Ladakh,2023-06-01T00:00:00Z,6689,2471,4380,6851,1.024218867
97,Other Territory,2023-06-01T00:00:00Z,86,67,7,74,0.860465116
1,Jammu and Kashmir,2023-07-01T00:00:00Z,70979,29494,41623,71117,1.001944237
2,Himachal Pradesh,2023-07-01T00:00:00Z,44890,28025,16751,44776,0.997460459
3,Punjab,2023-07-01T00:00:00Z,167705,129138,37595,166733,0.994204108
4,Chandigarh,2023-07-01T00:00:00Z,16731,13202,3507,16709,0.998685076
5,Uttarakhand,2023-07-01T00:00:00Z,86469,48332,36644,84976,0.982733696
6,Haryana,2023-07-01T00:00:00Z,287010,208590,74941,283531,0.987878471
7,Delhi,2023-07-01T00:00:00Z,429537,312302,111121,423423,0.985766069
8,Rajasthan,2023-07-01T00:00:00Z,305324,211986,90519,302505,0.990767185
9,Uttar Pradesh,2023-07-01T00:00:00Z,938677,472567,455070,927637,0.988238766
10,Bihar,2023-07-01T00:00:00Z,279649,86817,185082,271899,0.972286688
11,Sikkim,2023-07-01T00:00:00Z,5910,2387,3608,5995,1.014382403
12,Arunachal Pradesh,2023-07-01T00:00:00Z,9811,2714,7250,9964,1.015594741
13,Nagaland,2023-07-01T00:00:00Z,6306,1958,4371,6329,1.00364732
14,Manipur,2023-07-01T00:00:00Z,8621,1989,6350,8339,0.967289178
15,Mizoram,2023-07-01T00:00:00Z,5821,1583,4139,5722,0.982992613
16,Tripura,2023-07-01T00:00:00Z,18895,8642,10347,18989,1.004974861
17,Meghalaya,2023-07-01T00:00:00Z,13869,4590,9476,14066,1.014204341
18,Assam,2023-07-01T00:00:00Z,122848,48325,73241,121566,0.98956434
19,West Bengal,2023-07-01T00:00:00Z,389073,217213,168885,386098,0.99235362
20,Jharkhand,2023-07-01T00:00:00Z,129740,61440,66942,128382,0.989532912
21,Odisha,2023-07-01T00:00:00Z,169142,71958,95496,167454,0.99002022
22,Chhattisgarh,2023-07-01T00:00:00Z,74974,40619,34084,74703,0.996385414
23,Madhya Pradesh,2023-07-01T00:00:00Z,206418,112076,92174,204250,0.98949704
24,Gujarat,2023-07-01T00:00:00Z,629419,530726,97064,627790,0.997411899
25,Daman and Diu,2023-07-01T00:00:00Z,0,0,,0,
26,Dadra and Nagar Haveli,2023-07-01T00:00:00Z,11629,9171,2435,11606,0.998022186
27,Maharashtra,2023-07-01T00:00:00Z,845008,590966,248421,839387,0.993347992
29,Karnataka,2023-07-01T00:00:00Z,679636,402549,268543,671092,0.987428565
30,Goa,2023-07-01T00:00:00Z,22911,13789,9322,23111,1.008729431
31,Lakshadweep,2023-07-01T00:00:00Z,185,99,89,188,1.016216216
32,Kerala,2023-07-01T00:00:00Z,280405,174156,104505,278661,0.993780425
33,Tamil Nadu,2023-07-01T00:00:00Z,924082,554520,360035,914555,0.989690309
34,Puducherry,2023-07-01T00:00:00Z,18543,9859,8465,18324,0.988189613
35,Andaman and Nicobar Islands,2023-07-01T00:00:00Z,3498,1533,1955,3488,0.997141224
36,Telangana,2023-07-01T00:00:00Z,342556,172031,167399,339430,0.990874485
37,Andhra Pradesh,2023-07-01T00:00:00Z,257356,135142,118657,253799,0.986178679
38,Ladakh,2023-07-01T00:00:00Z,2186,814,1511,2325,1.063586459
97,Other Territory,2023-07-01T00:00:00Z,80,62,5,67,0.8375
1,Jammu and Kashmir,2023-08-01T00:00:00Z,73348,30390,42462,72852,0.993237716
2,Himachal Pradesh,2023-08-01T00:00:00Z,46425,28597,17247,45844,0.987485191
3,Punjab,2023-08-01T00:00:00Z,171864,131240,38618,169858,0.98832798
4,Chandigarh,2023-08-01T00:00:00Z,16980,13307,3653,16960,0.998822144
5,Uttarakhand,2023-08-01T00:00:00Z,88169,48565,37615,86180,0.977441051
6,Haryana,2023-08-01T00:00:00Z,292338,213093,74334,287427,0.983200952
7,Delhi,2023-08-01T00:00:00Z,433887,314243,112157,426400,0.982744355
8,Rajasthan,2023-08-01T00:00:00Z,316716,216353,93239,309592,0.977506662
9,Uttar Pradesh,2023-08-01T00:00:00Z,958009,481180,461494,942674,0.983992843
10,Bihar,2023-08-01T00:00:00Z,287758,88230,187941,276171,0.959733526
11,Sikkim,2023-08-01T00:00:00Z,6115,2405,3688,6093,0.996402289
12,Arunachal Pradesh,2023-08-01T00:00:00Z,10152,2791,7297,10088,0.993695823
13,Nagaland,2023-08-01T00:00:00Z,6435,2042,4359,6401,0.994716395
14,Manipur,2023-08-01T00:00:00Z,8774,2156,6238,8394,0.956690221
15,Mizoram,2023-08-01T00:00:00Z,5925,1407,4384,5791,0.977383966
16,Tripura,2023-08-01T00:00:00Z,19436,8570,10704,19274,0.991664952
17,Meghalaya,2023-08-01T00:00:00Z,14474,4858,9504,14362,0.992261987
18,Assam,2023-08-01T00:00:00Z,125846,48383,74495,122878,0.976415619
19,West Bengal,2023-08-01T00:00:00Z,397763,220500,170958,391458,0.984148852
20,Jharkhand,2023-08-01T00:00:00Z,131766,62506,66948,129454,0.982453744
21,Odisha,2023-08-01T00:00:00Z,174259,75576,95000,170576,0.978864793
22,Chhattisgarh,2023-08-01T00:00:00Z,77586,41258,34558,75816,0.977186606
23,Madhya Pradesh,2023-08-01T00:00:00Z,212709,112869,95793,208662,0.980974007
24,Gujarat,2023-08-01T00:00:00Z,637378,532860,101281,634141,0.994921381
25,Daman and Diu,2023-08-01T00:00:00Z,0,0,,0,
26,Dadra and Nagar Haveli,2023-08-01T00:00:00Z,11769,9272,2384,11656,0.990398505
27,Maharashtra,2023-08-01T00:00:00Z,865288,598085,250959,849044,0.98122706
29,Karnataka,2023-08-01T00:00:00Z,687189,403315,272835,676150,0.983936006
30,Goa,2023-08-01T00:00:00Z,23450,14168,9148,23316,0.994285714
31,Lakshadweep,2023-08-01T00:00:00Z,190,99,91,190,1
32,Kerala,2023-08-01T00:00:00Z,283529,170564,110027,280591,0.989637744
33,Tamil Nadu,2023-08-01T00:00:00Z,929406,562804,355680,918484,0.988248408
34,Puducherry,2023-08-01T00:00:00Z,18720,9972,8414,18386,0.98215812
35,Andaman and Nicobar Islands,2023-08-01T00:00:00Z,3551,1496,2018,3514,0.9895804
36,Telangana,2023-08-01T00:00:00Z,347597,174724,168556,343280,0.987580445
37,Andhra Pradesh,2023-08-01T00:00:00Z,260553,134901,120848,255749,0.981562293
38,Ladakh,2023-08-01T00:00:00Z,2396,864,1569,2433,1.015442404
97,Other Territory,2023-08-01T00:00:00Z,81,62,5,67,0.827160494
1,Jammu and Kashmir,2023-09-01T00:00:00Z,123554,46600,76848,123448,0.999142076
2,Himachal Pradesh,2023-09-01T00:00:00Z,103964,59922,44291,104213,1.00239506
3,Punjab,2023-09-01T00:00:00Z,349048,255454,92963,348417,0.998192226
4,Chandigarh,2023-09-01T00:00:00Z,28086,21392,6736,28128,1.001495407
5,Uttarakhand,2023-09-01T00:00:00Z,157930,81416,75877,157293,0.995966567
6,Haryana,2023-09-01T00:00:00Z,495688,349688,142363,492051,0.992662723
7,Delhi,2023-09-01T00:00:00Z,753330,552078,199028,751106,0.997047775
8,Rajasthan,2023-09-01T00:00:00Z,703511,445675,253485,699160,0.993815306
9,Uttar Pradesh,2023-09-01T00:00:00Z,1463397,703758,749941,1453699,0.993372953
10,Bihar,2023-09-01T00:00:00Z,485015,144558,331030,475588,0.980563488
11,Sikkim,2023-09-01T00:00:00Z,9431,3773,5738,9511,1.008482664
12,Arunachal Pradesh,2023-09-01T00:00:00Z,13231,3844,9615,13459,1.017232258
13,Nagaland,2023-09-01T00:00:00Z,7668,2427,5251,7678,1.001304121
14,Manipur,2023-09-01T00:00:00Z,10734,2905,7613,10518,0.979877026
15,Mizoram,2023-09-01T00:00:00Z,6940,1577,5213,6790,0.978386167
16,Tripura,2023-09-01T00:00:00Z,26661,12257,14523,26780,1.004463448
17,Meghalaya,2023-09-01T00:00:00Z,27035,8868,18028,26896,0.994858517
18,Assam,2023-09-01T00:00:00Z,184102,69810,112634,182444,0.990994123
19,West Bengal,2023-09-01T00:00:00Z,660941,364638,292277,656915,0.993908685
20,Jharkhand,2023-09-01T00:00:00Z,178083,82781,93648,176429,0.990712196
21,Odisha,2023-09-01T00:00:00Z,293307,117925,172803,290728,0.991207165
22,Chhattisgarh,2023-09-01T00:00:00Z,135116,65113,70133,135246,1.000962136
23,Madhya Pradesh,2023-09-01T00:00:00Z,446806,208028,237505,445533,0.997150889
24,Gujarat,2023-09-01T00:00:00Z,1041984,859179,184205,1043384,1.001343591
25,Daman and Diu,2023-09-01T00:00:00Z,0,0,,0,
26,Dadra and Nagar Haveli,2023-09-01T00:00:00Z,14510,11392,3106,14498,0.999172984
27,Maharashtra,2023-09-01T00:00:00Z,1522408,1031970,485190,1517160,0.996552829
29,Karnataka,2023-09-01T00:00:00Z,863912,506171,348616,854787,0.989437582
30,Goa,2023-09-01T00:00:00Z,35915,22067,14209,36276,1.010051511
31,Lakshadweep,2023-09-01T00:00:00Z,229,123,109,232,1.013100437
32,Kerala,2023-09-01T00:00:00Z,342699,205427,135963,341390,0.996180322
33,Tamil Nadu,2023-09-01T00:00:00Z,1036539,630816,395983,1026799,0.990603344
34,Puducherry,2023-09-01T00:00:00Z,20718,11198,9134,20332,0.981368858
35,Andaman and Nicobar Islands,2023-09-01T00:00:00Z,4429,1985,2397,4382,0.989388124
36,Telangana,2023-09-01T00:00:00Z,416340,210025,202853,412878,0.991684681
37,Andhra Pradesh,2023-09-01T00:00:00Z,313911,160994,147834,308828,0.983807512
38,Ladakh,2023-09-01T00:00:00Z,6920,2554,4581,7135,1.031069364
97,Other Territory,2023-09-01T00:00:00Z,87,66,7,73,0.83908046
1,Jammu and Kashmir,2023-10-01T00:00:00Z,71950,30051,41755,71806,0.99799861
2,Himachal Pradesh,2023-10-01T00:00:00Z,45569,29709,15566,45275,0.993548246
3,Punjab,2023-10-01T00:00:00Z,170526,131776,37977,169753,0.995466967
4,Chandigarh,2023-10-01T00:00:00Z,17018,13532,3641,17173,1.009108003
5,Uttarakhand,2023-10-01T00:00:00Z,87312,48856,37627,86483,0.990505314
6,Haryana,2023-10-01T00:00:00Z,292071,211009,78279,289288,0.990471495
7,Delhi,2023-10-01T00:00:00Z,431686,312341,113230,425571,0.985834611
8,Rajasthan,2023-10-01T00:00:00Z,311084,218094,90629,308723,0.99241041
9,Uttar Pradesh,2023-10-01T00:00:00Z,959088,481971,468252,950223,0.990756844
10,Bihar,2023-10-01T00:00:00Z,283525,92392,183487,275879,0.97303236
11,Sikkim,2023-10-01T00:00:00Z,6099,2590,3522,6112,1.002131497
12,Arunachal Pradesh,2023-10-01T00:00:00Z,10040,2854,7297,10151,1.011055777
13,Nagaland,2023-10-01T00:00:00Z,6422,2052,4364,6416,0.999065712
14,Manipur,2023-10-01T00:00:00Z,8589,2323,6070,8393,0.977180114
15,Mizoram,2023-10-01T00:00:00Z,6076,1332,4600,5932,0.976300197
16,Tripura,2023-10-01T00:00:00Z,19440,9030,10409,19439,0.99994856
17,Meghalaya,2023-10-01T00:00:00Z,14053,4668,9322,13990,0.995516971
18,Assam,2023-10-01T00:00:00Z,124176,50263,72373,122636,0.987598248
19,West Bengal,2023-10-01T00:00:00Z,397417,231013,163090,394103,0.991661152
20,Jharkhand,2023-10-01T00:00:00Z,131984,62385,68049,130434,0.988256152
21,Odisha,2023-10-01T00:00:00Z,172053,76028,94486,170514,0.991055082
22,Chhattisgarh,2023-10-01T00:00:00Z,76230,42365,33201,75566,0.991289519
23,Madhya Pradesh,2023-10-01T00:00:00Z,210129,116226,92397,208623,0.992832974
24,Gujarat,2023-10-01T00:00:00Z,638215,559039,77875,636914,0.997961502
25,Daman and Diu,2023-10-01T00:00:00Z,0,,,0,
26,Dadra and Nagar Haveli,2023-10-01T00:00:00Z,11749,9582,2144,11726,0.998042387
27,Maharashtra,2023-10-01T00:00:00Z,860909,622893,232435,855328,0.993517317
29,Karnataka,2023-10-01T00:00:00Z,690763,421980,260087,682067,0.987411022
30,Goa,2023-10-01T00:00:00Z,23414,14738,8857,23595,1.007730418
31,Lakshadweep,2023-10-01T00:00:00Z,192,101,88,189,0.984375
32,Kerala,2023-10-01T00:00:00Z,284836,179131,104035,283166,0.994136977
33,Tamil Nadu,2023-10-01T00:00:00Z,935526,576632,348331,924963,0.988709026
34,Puducherry,2023-10-01T00:00:00Z,18665,10328,8076,18404,0.986016609
35,Andaman and Nicobar Islands,2023-10-01T00:00:00Z,3560,1615,1925,3540,0.994382022
36,Telangana,2023-10-01T00:00:00Z,350469,181425,165889,347314,0.990997777
37,Andhra Pradesh,2023-10-01T00:00:00Z,261210,140924,116105,257029,0.983993722
38,Ladakh,2023-10-01T00:00:00Z,2260,869,1477,2346,1.038053097
97,Other Territory,2023-10-01T00:00:00Z,81,63,3,66,0.814814815
1,Jammu and Kashmir,2023-11-01T00:00:00Z,73532,29930,42926,72856,0.990806724
2,Himachal Pradesh,2023-11-01T00:00:00Z,46951,30251,15931,46182,0.983621222
3,Punjab,2023-11-01T00:00:00Z,174892,133948,38210,172158,0.984367495
4,Chandigarh,2023-11-01T00:00:00Z,17260,13581,3699,17280,1.001158749
5,Uttarakhand,2023-11-01T00:00:00Z,89337,50118,37545,87663,0.981261963
6,Haryana,2023-11-01T00:00:00Z,298411,218221,74953,293174,0.982450379
7,Delhi,2023-11-01T00:00:00Z,438911,316492,113427,429919,0.979512931
8,Rajasthan,2023-11-01T00:00:00Z,323550,222745,93258,316003,0.976674393
9,Uttar Pradesh,2023-11-01T00:00:00Z,980581,494021,469137,963158,0.982231962
10,Bihar,2023-11-01T00:00:00Z,295027,93946,187509,281455,0.953997431
11,Sikkim,2023-11-01T00:00:00Z,6250,2798,3394,6192,0.99072
12,Arunachal Pradesh,2023-11-01T00:00:00Z,10211,2879,7413,10292,1.007932622
13,Nagaland,2023-11-01T00:00:00Z,6508,2080,4383,6463,0.993085433
14,Manipur,2023-11-01T00:00:00Z,8660,2574,5886,8460,0.976905312
15,Mizoram,2023-11-01T00:00:00Z,6181,1579,4412,5991,0.969260637
16,Tripura,2023-11-01T00:00:00Z,19709,9159,10453,19612,0.995078391
17,Meghalaya,2023-11-01T00:00:00Z,14372,5108,9034,14142,0.98399666
18,Assam,2023-11-01T00:00:00Z,126536,50064,73483,123547,0.976378264
19,West Bengal,2023-11-01T00:00:00Z,405895,230315,168141,398456,0.9816726
20,Jharkhand,2023-11-01T00:00:00Z,133676,63270,68378,131648,0.984828989
21,Odisha,2023-11-01T00:00:00Z,176835,76948,96261,173209,0.979495009
22,Chhattisgarh,2023-11-01T00:00:00Z,77611,43322,33277,76599,0.986960611
23,Madhya Pradesh,2023-11-01T00:00:00Z,217332,119335,92883,212218,0.976469181
24,Gujarat,2023-11-01T00:00:00Z,645318,546905,94632,641537,0.994140873
25,Daman and Diu,2023-11-01T00:00:00Z,0,,,1,
26,Dadra and Nagar Haveli,2023-11-01T00:00:00Z,11839,9446,2319,11765,0.993749472
27,Maharashtra,2023-11-01T00:00:00Z,879793,627740,238040,865780,0.98407239
29,Karnataka,2023-11-01T00:00:00Z,697437,423616,264392,688008,0.986480499
30,Goa,2023-11-01T00:00:00Z,23927,14951,8915,23866,0.997450579
31,Lakshadweep,2023-11-01T00:00:00Z,193,103,92,195,1.010362694
32,Kerala,2023-11-01T00:00:00Z,287465,175843,109513,285356,0.992663455
33,Tamil Nadu,2023-11-01T00:00:00Z,940174,566402,363073,929475,0.988620192
34,Puducherry,2023-11-01T00:00:00Z,18792,10366,8145,18511,0.985046828
35,Andaman and Nicobar Islands,2023-11-01T00:00:00Z,3588,1616,1961,3577,0.996934225
36,Telangana,2023-11-01T00:00:00Z,355186,181733,169027,350760,0.987538923
37,Andhra Pradesh,2023-11-01T00:00:00Z,264020,138694,120711,259405,0.982520264
38,Ladakh,2023-11-01T00:00:00Z,2436,969,1464,2433,0.998768473
97,Other Territory,2023-11-01T00:00:00Z,81,62,4,66,0.814814815
1,Jammu and Kashmir,2023-12-01T00:00:00Z,125499,46715,79047,125762,1.002095634
2,Himachal Pradesh,2023-12-01T00:00:00Z,105644,63606,42265,105871,1.002148726
3,Punjab,2023-12-01T00:00:00Z,353589,259019,94023,353042,0.998453006
4,Chandigarh,2023-12-01T00:00:00Z,28368,21983,6495,28478,1.003877609
5,Uttarakhand,2023-12-01T00:00:00Z,160173,83010,77322,160332,1.000992677
6,Haryana,2023-12-01T00:00:00Z,502913,362088,137567,499655,0.993521742
7,Delhi,2023-12-01T00:00:00Z,759875,562999,194367,757366,0.996698141
8,Rajasthan,2023-12-01T00:00:00Z,714257,469924,243485,713409,0.998812752
9,Uttar Pradesh,2023-12-01T00:00:00Z,1490329,732983,751321,1484304,0.995957268
10,Bihar,2023-12-01T00:00:00Z,494059,152139,334720,486859,0.985426842
11,Sikkim,2023-12-01T00:00:00Z,9632,3775,5903,9678,1.004775748
12,Arunachal Pradesh,2023-12-01T00:00:00Z,13473,3814,9943,13757,1.021079195
13,Nagaland,2023-12-01T00:00:00Z,7781,2416,5345,7761,0.997429636
14,Manipur,2023-12-01T00:00:00Z,10698,3107,7565,10672,0.997569639
15,Mizoram,2023-12-01T00:00:00Z,6974,1440,5434,6874,0.985661027
16,Tripura,2023-12-01T00:00:00Z,27081,11814,15380,27194,1.004172667
17,Meghalaya,2023-12-01T00:00:00Z,27267,7999,18981,26980,0.989474456
18,Assam,2023-12-01T00:00:00Z,184835,69453,114361,183814,0.994476154
19,West Bengal,2023-12-01T00:00:00Z,670091,371128,295248,666376,0.994455977
20,Jharkhand,2023-12-01T00:00:00Z,179800,85365,93574,178939,0.995211346
21,Odisha,2023-12-01T00:00:00Z,297651,121216,175006,296222,0.995199075
22,Chhattisgarh,2023-12-01T00:00:00Z,136879,68362,69098,137460,1.004244625
23,Madhya Pradesh,2023-12-01T00:00:00Z,453805,224114,229116,453230,0.998732936
24,Gujarat,2023-12-01T00:00:00Z,1053133,887456,167458,1054914,1.001691144
25,Daman and Diu,2023-12-01T00:00:00Z,1,1,,1,
26,Dadra and Nagar Haveli,2023-12-01T00:00:00Z,14639,11773,2835,14608,0.997882369
27,Maharashtra,2023-12-01T00:00:00Z,1539776,1080776,457654,1538430,0.999125847
29,Karnataka,2023-12-01T00:00:00Z,873380,530410,337669,868079,0.993930477
30,Goa,2023-12-01T00:00:00Z,36551,23698,13321,37019,1.012804027
31,Lakshadweep,2023-12-01T00:00:00Z,241,124,117,241,1
32,Kerala,2023-12-01T00:00:00Z,346543,212660,133449,346109,0.99874763
33,Tamil Nadu,2023-12-01T00:00:00Z,1046219,652887,385232,1038119,0.992257835
34,Puducherry,2023-12-01T00:00:00Z,20796,11751,8811,20562,0.988747836
35,Andaman and Nicobar Islands,2023-12-01T00:00:00Z,4449,2052,2412,4464,1.003371544
36,Telangana,2023-12-01T00:00:00Z,424208,223587,197835,421422,0.993432467
37,Andhra Pradesh,2023-12-01T00:00:00Z,317407,168538,143196,311734,0.982127048
38,Ladakh,2023-12-01T00:00:00Z,7143,3070,4254,7324,1.025339493
97,Other Territory,2023-12-01T00:00:00Z,87,66,5,71,0.816091954
1,Jammu and Kashmir,2024-01-01T00:00:00Z,72481,29864,42238,72102,0.994771043
2,Himachal Pradesh,2024-01-01T00:00:00Z,46072,30845,15008,45853,0.995246571
3,Punjab,2024-01-01T00:00:00Z,172980,135676,36045,171721,0.992721702
4,Chandigarh,2024-01-01T00:00:00Z,17209,13801,3466,17267,1.003370329
5,Uttarakhand,2024-01-01T00:00:00Z,88523,50537,37454,87991,0.993990262
6,Haryana,2024-01-01T00:00:00Z,298012,222703,71602,294305,0.987560904
7,Delhi,2024-01-01T00:00:00Z,437477,322741,107592,430333,0.983669999
8,Rajasthan,2024-01-01T00:00:00Z,316308,227656,86721,314377,0.993895191
9,Uttar Pradesh,2024-01-01T00:00:00Z,983291,509298,463733,973031,0.989565652
10,Bihar,2024-01-01T00:00:00Z,287237,96990,185326,282316,0.982867806
11,Sikkim,2024-01-01T00:00:00Z,6297,2627,3573,6200,0.984595839
12,Arunachal Pradesh,2024-01-01T00:00:00Z,10213,2804,7566,10370,1.015372564
13,Nagaland,2024-01-01T00:00:00Z,6603,2044,4424,6468,0.979554748
14,Manipur,2024-01-01T00:00:00Z,8445,2420,6011,8431,0.998342214
15,Mizoram,2024-01-01T00:00:00Z,6124,1347,4671,6018,0.982691052
16,Tripura,2024-01-01T00:00:00Z,19795,9085,10748,19833,1.001919677
17,Meghalaya,2024-01-01T00:00:00Z,14007,4606,9301,13907,0.992860713
18,Assam,2024-01-01T00:00:00Z,124975,50585,72983,123568,0.988741748
19,West Bengal,2024-01-01T00:00:00Z,405395,235703,166012,401715,0.990922434
20,Jharkhand,2024-01-01T00:00:00Z,134089,66132,66653,132785,0.990275116
21,Odisha,2024-01-01T00:00:00Z,175428,77235,96479,173714,0.99022961
22,Chhattisgarh,2024-01-01T00:00:00Z,76719,43563,33005,76568,0.998031778
23,Madhya Pradesh,2024-01-01T00:00:00Z,213428,121027,91365,212392,0.995145904
24,Gujarat,2024-01-01T00:00:00Z,647979,558703,89002,647705,0.999577147
25,Daman and Diu,2024-01-01T00:00:00Z,1,,,0,
26,Dadra and Nagar Haveli,2024-01-01T00:00:00Z,11843,9656,2162,11818,0.997889048
27,Maharashtra,2024-01-01T00:00:00Z,875330,638151,233678,871829,0.996000366
29,Karnataka,2024-01-01T00:00:00Z,700086,427513,266211,693724,0.990912545
30,Goa,2024-01-01T00:00:00Z,23833,15204,8882,24086,1.010615533
31,Lakshadweep,2024-01-01T00:00:00Z,200,110,89,199,0.995
32,Kerala,2024-01-01T00:00:00Z,288959,177096,110318,287414,0.994653221
33,Tamil Nadu,2024-01-01T00:00:00Z,945246,579439,356734,936173,0.99040144
34,Puducherry,2024-01-01T00:00:00Z,18829,10333,8257,18590,0.987306814
35,Andaman and Nicobar Islands,2024-01-01T00:00:00Z,3616,1590,2036,3626,1.002765487
36,Telangana,2024-01-01T00:00:00Z,358114,187561,166719,354280,0.989293912
37,Andhra Pradesh,2024-01-01T00:00:00Z,263886,141302,118046,259348,0.98280318
38,Ladakh,2024-01-01T00:00:00Z,2225,903,1435,2338,1.050786517
97,Other Territory,2024-01-01T00:00:00Z,81,63,3,66,0.814814815
1,Jammu and Kashmir,2024-02-01T00:00:00Z,73790,30195,42890,73085,0.99044586
2,Himachal Pradesh,2024-02-01T00:00:00Z,47252,31346,15460,46806,0.990561246
3,Punjab,2024-02-01T00:00:00Z,177212,137894,36534,174428,0.984290003
4,Chandigarh,2024-02-01T00:00:00Z,17487,13967,3430,17397,0.99485332
5,Uttarakhand,2024-02-01T00:00:00Z,90782,51914,37549,89463,0.985470688
6,Haryana,2024-02-01T00:00:00Z,303376,227228,71437,298665,0.984471415
7,Delhi,2024-02-01T00:00:00Z,445887,327168,108901,436069,0.977980968
8,Rajasthan,2024-02-01T00:00:00Z,328067,233170,88126,321296,0.979360923
9,Uttar Pradesh,2024-02-01T00:00:00Z,1002255,514513,471812,986325,0.984105841
10,Bihar,2024-02-01T00:00:00Z,298081,96192,190466,286658,0.961678202
11,Sikkim,2024-02-01T00:00:00Z,6366,2564,3665,6229,0.978479422
12,Arunachal Pradesh,2024-02-01T00:00:00Z,10449,2838,7663,10501,1.004976553
13,Nagaland,2024-02-01T00:00:00Z,6608,2145,4366,6511,0.985320823
14,Manipur,2024-02-01T00:00:00Z,8623,2549,5922,8471,0.982372724
15,Mizoram,2024-02-01T00:00:00Z,6202,1409,4693,6102,0.983876169
16,Tripura,2024-02-01T00:00:00Z,20139,9051,10998,20049,0.995531059
17,Meghalaya,2024-02-01T00:00:00Z,14398,4794,9202,13996,0.972079455
18,Assam,2024-02-01T00:00:00Z,127493,51094,73542,124636,0.977590927
19,West Bengal,2024-02-01T00:00:00Z,412255,239006,167174,406180,0.985263975
20,Jharkhand,2024-02-01T00:00:00Z,136058,65827,68338,134165,0.986086816
21,Odisha,2024-02-01T00:00:00Z,179593,77262,98378,175640,0.97798912
22,Chhattisgarh,2024-02-01T00:00:00Z,78720,44413,33649,78062,0.99164126
23,Madhya Pradesh,2024-02-01T00:00:00Z,220509,122730,94151,216881,0.983547157
24,Gujarat,2024-02-01T00:00:00Z,657743,567605,89389,656994,0.998861257
25,Daman and Diu,2024-02-01T00:00:00Z,1,,,0,
26,Dadra and Nagar Haveli,2024-02-01T00:00:00Z,11921,9716,2144,11860,0.99488298
27,Maharashtra,2024-02-01T00:00:00Z,893595,647730,235232,882962,0.988100873
29,Karnataka,2024-02-01T00:00:00Z,708485,430600,268005,698605,0.986054751
30,Goa,2024-02-01T00:00:00Z,24292,15504,8837,24341,1.002017125
31,Lakshadweep,2024-02-01T00:00:00Z,207,97,106,203,0.980676329
32,Kerala,2024-02-01T00:00:00Z,291465,179400,109141,288541,0.989967921
33,Tamil Nadu,2024-02-01T00:00:00Z,950318,585875,354158,940033,0.989177307
34,Puducherry,2024-02-01T00:00:00Z,18938,10404,8302,18706,0.987749498
35,Andaman and Nicobar Islands,2024-02-01T00:00:00Z,3655,1641,2006,3647,0.997811218
36,Telangana,2024-02-01T00:00:00Z,361984,186951,170365,357316,0.987104402
37,Andhra Pradesh,2024-02-01T00:00:00Z,265781,140546,120596,261142,0.98254578
38,Ladakh,2024-02-01T00:00:00Z,2388,1000,1398,2398,1.004187605
97,Other Territory,2024-02-01T00:00:00Z,80,61,4,65,0.8125
1,Jammu and Kashmir,2024-03-01T00:00:00Z,128129,42523,85334,127857,0.997877139
2,Himachal Pradesh,2024-03-01T00:00:00Z,107665,61196,46283,107479,0.998272419
3,Punjab,2024-03-01T00:00:00Z,359260,257240,100301,357541,0.995215165
4,Chandigarh,2024-03-01T00:00:00Z,28574,21642,7044,28686,1.003919647
5,Uttarakhand,2024-03-01T00:00:00Z,163900,81154,81711,162865,0.993685174
6,Haryana,2024-03-01T00:00:00Z,511329,358006,149384,507390,0.992296545
7,Delhi,2024-03-01T00:00:00Z,770088,557582,205578,763160,0.991003626
8,Rajasthan,2024-03-01T00:00:00Z,726752,452470,271986,724456,0.996840738
9,Uttar Pradesh,2024-03-01T00:00:00Z,1522890,703619,806639,1510258,0.991705245
10,Bihar,2024-03-01T00:00:00Z,503654,138584,353944,492528,0.977909438
11,Sikkim,2024-03-01T00:00:00Z,9853,3537,6252,9789,0.993504516
12,Arunachal Pradesh,2024-03-01T00:00:00Z,13925,3448,10684,14132,1.01486535
13,Nagaland,2024-03-01T00:00:00Z,7906,2348,5547,7895,0.998608652
14,Manipur,2024-03-01T00:00:00Z,11023,2978,7847,10825,0.982037558
15,Mizoram,2024-03-01T00:00:00Z,7084,1486,5510,6996,0.98757764
16,Tripura,2024-03-01T00:00:00Z,27639,10870,16769,27639,1
17,Meghalaya,2024-03-01T00:00:00Z,27339,7953,19018,26971,0.986539376
18,Assam,2024-03-01T00:00:00Z,187636,64548,120342,184890,0.985365282
19,West Bengal,2024-03-01T00:00:00Z,680839,356688,319580,676268,0.993286225
20,Jharkhand,2024-03-01T00:00:00Z,182623,81275,100017,181292,0.992711761
21,Odisha,2024-03-01T00:00:00Z,302258,115033,184232,299265,0.990097863
22,Chhattisgarh,2024-03-01T00:00:00Z,140181,64233,75941,140174,0.999950065
23,Madhya Pradesh,2024-03-01T00:00:00Z,463937,207974,253350,461324,0.99436777
24,Gujarat,2024-03-01T00:00:00Z,1071541,882796,189409,1072205,1.000619668
25,Daman and Diu,2024-03-01T00:00:00Z,1,,,0,
26,Dadra and Nagar Haveli,2024-03-01T00:00:00Z,14735,11835,2879,14714,0.998574822
27,Maharashtra,2024-03-01T00:00:00Z,1566403,1053071,505586,1558657,0.995054912
29,Karnataka,2024-03-01T00:00:00Z,887779,494061,382834,876895,0.987740192
30,Goa,2024-03-01T00:00:00Z,37393,22355,15128,37483,1.002406868
31,Lakshadweep,2024-03-01T00:00:00Z,257,117,136,253,0.984435798
32,Kerala,2024-03-01T00:00:00Z,351557,200149,148689,348838,0.992265835
33,Tamil Nadu,2024-03-01T00:00:00Z,1056723,627240,420854,1048094,0.991834189
34,Puducherry,2024-03-01T00:00:00Z,21042,11166,9622,20788,0.987928904
35,Andaman and Nicobar Islands,2024-03-01T00:00:00Z,4544,1774,2767,4541,0.999339789
36,Telangana,2024-03-01T00:00:00Z,432310,202596,224724,427320,0.988457357
37,Andhra Pradesh,2024-03-01T00:00:00Z,319799,150065,164645,314710,0.98408688
38,Ladakh,2024-03-01T00:00:00Z,7407,2920,4589,7509,1.013770757
97,Other Territory,2024-03-01T00:00:00Z,85,63,6,69,0.811764706
1,Jammu and Kashmir,2024-04-01T00:00:00Z,72910,29669,43090,72759,0.997928954
2,Himachal Pradesh,2024-04-01T00:00:00Z,46541,31272,14722,45994,0.988246922
3,Punjab,2024-04-01T00:00:00Z,177091,137244,37768,175012,0.988260273
4,Chandigarh,2024-04-01T00:00:00Z,17545,14003,3523,17526,0.99891707
5,Uttarakhand,2024-04-01T00:00:00Z,90468,51407,37952,89359,0.987741522
6,Haryana,2024-04-01T00:00:00Z,304551,226144,74918,301062,0.988543791
7,Delhi,2024-04-01T00:00:00Z,445678,327762,110452,438214,0.983252483
8,Rajasthan,2024-04-01T00:00:00Z,323965,228946,91395,320341,0.988813606
9,Uttar Pradesh,2024-04-01T00:00:00Z,998452,506014,480533,986547,0.988076542
10,Bihar,2024-04-01T00:00:00Z,291365,112778,170941,283719,0.973758001
11,Sikkim,2024-04-01T00:00:00Z,6462,2598,3723,6321,0.97818013
12,Arunachal Pradesh,2024-04-01T00:00:00Z,10987,2659,8044,10703,0.97415127
13,Nagaland,2024-04-01T00:00:00Z,6756,2072,4556,6628,0.981053878
14,Manipur,2024-04-01T00:00:00Z,8808,2446,6133,8579,0.974000908
15,Mizoram,2024-04-01T00:00:00Z,6250,1353,4792,6145,0.9832
16,Tripura,2024-04-01T00:00:00Z,20928,8477,11611,20088,0.959862385
17,Meghalaya,2024-04-01T00:00:00Z,14082,4371,9563,13934,0.989490129
18,Assam,2024-04-01T00:00:00Z,129137,48787,75368,124155,0.961420817
19,West Bengal,2024-04-01T00:00:00Z,413342,233725,174843,408568,0.988450242
20,Jharkhand,2024-04-01T00:00:00Z,136794,64576,70513,135089,0.987536003
21,Odisha,2024-04-01T00:00:00Z,178246,75036,100414,175450,0.984313813
22,Chhattisgarh,2024-04-01T00:00:00Z,78665,43342,35193,78535,0.998347423
23,Madhya Pradesh,2024-04-01T00:00:00Z,219593,119398,97513,216911,0.987786496
24,Gujarat,2024-04-01T00:00:00Z,663412,568210,93674,661884,0.997696756
25,Daman and Diu,2024-04-01T00:00:00Z,1,0,,0,
26,Dadra and Nagar Haveli,2024-04-01T00:00:00Z,11992,9639,2259,11898,0.992161441
27,Maharashtra,2024-04-01T00:00:00Z,894870,637093,248989,886082,0.990179579
29,Karnataka,2024-04-01T00:00:00Z,709794,416417,283364,699781,0.98589309
30,Goa,2024-04-01T00:00:00Z,24355,15173,9178,24351,0.999835763
31,Lakshadweep,2024-04-01T00:00:00Z,209,104,102,206,0.985645933
32,Kerala,2024-04-01T00:00:00Z,291948,176730,111985,288715,0.98892611
33,Tamil Nadu,2024-04-01T00:00:00Z,952408,582314,361613,943927,0.991095203
34,Puducherry,2024-04-01T00:00:00Z,19014,10278,8484,18762,0.986746608
35,Andaman and Nicobar Islands,2024-04-01T00:00:00Z,3669,1521,2140,3661,0.997819569
36,Telangana,2024-04-01T00:00:00Z,363720,185210,173956,359166,0.98747938
37,Andhra Pradesh,2024-04-01T00:00:00Z,266622,136509,125686,262195,0.983395969
38,Ladakh,2024-04-01T00:00:00Z,2422,936,1506,2442,1.008257638
97,Other Territory,2024-04-01T00:00:00Z,80,58,7,65,0.8125
1,Jammu and Kashmir,2024-05-01T00:00:00Z,74548,32671,41120,73791,0.989845469
2,Himachal Pradesh,2024-05-01T00:00:00Z,47616,31934,14851,46785,0.982547883
3,Punjab,2024-05-01T00:00:00Z,181172,140142,37503,177645,0.980532312
4,Chandigarh,2024-05-01T00:00:00Z,17787,14230,3416,17646,0.992072862
5,Uttarakhand,2024-05-01T00:00:00Z,94129,52510,38349,90859,0.96526044
6,Haryana,2024-05-01T00:00:00Z,309950,232629,73312,305941,0.987065656
7,Delhi,2024-05-01T00:00:00Z,453561,334229,108756,442985,0.976682299
8,Rajasthan,2024-05-01T00:00:00Z,333085,238050,89550,327600,0.983532732
9,Uttar Pradesh,2024-05-01T00:00:00Z,1018686,520059,479698,999757,0.981418219
10,Bihar,2024-05-01T00:00:00Z,301141,132589,155210,287799,0.955695173
11,Sikkim,2024-05-01T00:00:00Z,6957,2696,3655,6351,0.912893489
12,Arunachal Pradesh,2024-05-01T00:00:00Z,10970,3000,7754,10754,0.980309936
13,Nagaland,2024-05-01T00:00:00Z,6770,2137,4558,6695,0.988921713
14,Manipur,2024-05-01T00:00:00Z,8878,2476,6216,8692,0.979049335
15,Mizoram,2024-05-01T00:00:00Z,6322,1364,4824,6188,0.978804176
16,Tripura,2024-05-01T00:00:00Z,20519,8877,11336,20213,0.985086993
17,Meghalaya,2024-05-01T00:00:00Z,14494,4566,9647,14213,0.980612667
18,Assam,2024-05-01T00:00:00Z,129298,51396,73589,124985,0.966642949
19,West Bengal,2024-05-01T00:00:00Z,423216,239569,173324,412893,0.9756082
20,Jharkhand,2024-05-01T00:00:00Z,138439,65784,70436,136220,0.98397128
21,Odisha,2024-05-01T00:00:00Z,181910,78183,99435,177618,0.976405915
22,Chhattisgarh,2024-05-01T00:00:00Z,80911,46658,33499,80157,0.990681119
23,Madhya Pradesh,2024-05-01T00:00:00Z,225984,124318,97369,221687,0.980985379
24,Gujarat,2024-05-01T00:00:00Z,674602,577658,92130,669788,0.992863941
25,Daman and Diu,2024-05-01T00:00:00Z,0,0,,0,
26,Dadra and Nagar Haveli,2024-05-01T00:00:00Z,12014,9768,2159,11927,0.992758448
27,Maharashtra,2024-05-01T00:00:00Z,910737,655700,241337,897037,0.984957238
29,Karnataka,2024-05-01T00:00:00Z,717455,433181,271968,705149,0.982847705
30,Goa,2024-05-01T00:00:00Z,24747,15842,8747,24589,0.993615388
31,Lakshadweep,2024-05-01T00:00:00Z,211,103,103,206,0.976303318
32,Kerala,2024-05-01T00:00:00Z,293812,180114,110076,290190,0.987672389
33,Tamil Nadu,2024-05-01T00:00:00Z,959446,584532,363023,947555,0.98760639
34,Puducherry,2024-05-01T00:00:00Z,19101,10472,8426,18898,0.989372284
35,Andaman and Nicobar Islands,2024-05-01T00:00:00Z,3731,1648,2049,3697,0.990887162
36,Telangana,2024-05-01T00:00:00Z,368428,191507,170265,361772,0.981934055
37,Andhra Pradesh,2024-05-01T00:00:00Z,269495,140352,123117,263469,0.977639659
38,Ladakh,2024-05-01T00:00:00Z,2553,982,1522,2504,0.980806894
97,Other Territory,2024-05-01T00:00:00Z,80,60,5,65,0.8125
1,Jammu and Kashmir,2024-06-01T00:00:00Z,129395,48090,80746,128836,0.995679895
2,Himachal Pradesh,2024-06-01T00:00:00Z,108402,62835,44811,107646,0.993025959
3,Punjab,2024-06-01T00:00:00Z,363483,261322,98975,360297,0.991234803
4,Chandigarh,2024-06-01T00:00:00Z,28677,21864,6776,28640,0.998709767
5,Uttarakhand,2024-06-01T00:00:00Z,164995,83169,80279,163448,0.990623958
6,Haryana,2024-06-01T00:00:00Z,517862,366841,146604,513445,0.991470701
7,Delhi,2024-06-01T00:00:00Z,776551,566600,201202,767802,0.988733515
8,Rajasthan,2024-06-01T00:00:00Z,731481,458283,268378,726661,0.993410629
9,Uttar Pradesh,2024-06-01T00:00:00Z,1536859,728595,792101,1520696,0.989483095
10,Bihar,2024-06-01T00:00:00Z,505864,252711,242974,495685,0.979877991
11,Sikkim,2024-06-01T00:00:00Z,9947,4308,5415,9723,0.977480647
12,Arunachal Pradesh,2024-06-01T00:00:00Z,14288,3829,10460,14289,1.000069989
13,Nagaland,2024-06-01T00:00:00Z,8074,2567,5426,7993,0.989967798
14,Manipur,2024-06-01T00:00:00Z,11255,3239,7834,11073,0.983829409
15,Mizoram,2024-06-01T00:00:00Z,7266,1494,5607,7101,0.977291495
16,Tripura,2024-06-01T00:00:00Z,27924,11447,16251,27698,0.991906604
17,Meghalaya,2024-06-01T00:00:00Z,27473,8409,18786,27195,0.989880974
18,Assam,2024-06-01T00:00:00Z,186733,69094,114903,183997,0.985348064
19,West Bengal,2024-06-01T00:00:00Z,688530,382684,297454,680138,0.987811715
20,Jharkhand,2024-06-01T00:00:00Z,184711,84135,98198,182333,0.987125834
21,Odisha,2024-06-01T00:00:00Z,304709,116467,183797,300264,0.985412311
22,Chhattisgarh,2024-06-01T00:00:00Z,142260,70590,71649,142239,0.999852383
23,Madhya Pradesh,2024-06-01T00:00:00Z,469379,214918,250990,465908,0.992605123
24,Gujarat,2024-06-01T00:00:00Z,1077651,897971,179575,1077546,0.999902566
25,Daman and Diu,2024-06-01T00:00:00Z,0,0,,0,
26,Dadra and Nagar Haveli,2024-06-01T00:00:00Z,14733,11823,2843,14666,0.995452386
27,Maharashtra,2024-06-01T00:00:00Z,1579599,1081189,487002,1568191,0.992777914
29,Karnataka,2024-06-01T00:00:00Z,885615,527014,350063,877077,0.990359242
30,Goa,2024-06-01T00:00:00Z,37604,24042,13608,37650,1.001223274
31,Lakshadweep,2024-06-01T00:00:00Z,253,130,121,251,0.992094862
32,Kerala,2024-06-01T00:00:00Z,351809,211736,137043,348779,0.991387372
33,Tamil Nadu,2024-06-01T00:00:00Z,1062442,651571,400220,1051791,0.989974982
34,Puducherry,2024-06-01T00:00:00Z,21195,11671,9312,20983,0.989997641
35,Andaman and Nicobar Islands,2024-06-01T00:00:00Z,4602,1918,2665,4583,0.99587136
36,Telangana,2024-06-01T00:00:00Z,437654,225541,204693,430234,0.983045968
37,Andhra Pradesh,2024-06-01T00:00:00Z,320759,163207,151343,314550,0.980642788
38,Ladakh,2024-06-01T00:00:00Z,7561,2866,4739,7605,1.005819336
97,Other Territory,2024-06-01T00:00:00Z,83,65,4,69,0.831325301
1,Jammu and Kashmir,2024-07-01T00:00:00Z,72583,30336,42256,72592,1.000123996
2,Himachal Pradesh,2024-07-01T00:00:00Z,46539,31055,14946,46001,0.988439803
3,Punjab,2024-07-01T00:00:00Z,177513,136810,39624,176434,0.993921572
4,Chandigarh,2024-07-01T00:00:00Z,17606,13952,3617,17569,0.997898444
5,Uttarakhand,2024-07-01T00:00:00Z,91074,51022,39130,90152,0.989876364
6,Haryana,2024-07-01T00:00:00Z,307768,228518,76829,305347,0.992133685
7,Delhi,2024-07-01T00:00:00Z,446959,328796,112393,441189,0.987090539
8,Rajasthan,2024-07-01T00:00:00Z,324758,227946,94270,322216,0.992172633
9,Uttar Pradesh,2024-07-01T00:00:00Z,1011292,507584,492105,999689,0.988526558
10,Bihar,2024-07-01T00:00:00Z,293000,162010,122826,284836,0.972136519
11,Sikkim,2024-07-01T00:00:00Z,6587,2811,3583,6394,0.970699863
12,Arunachal Pradesh,2024-07-01T00:00:00Z,10910,2903,8038,10941,1.00284143
13,Nagaland,2024-07-01T00:00:00Z,6748,2167,4528,6695,0.992145821
14,Manipur,2024-07-01T00:00:00Z,8944,2692,6083,8775,0.981104651
15,Mizoram,2024-07-01T00:00:00Z,6403,1310,4935,6245,0.975324067
16,Tripura,2024-07-01T00:00:00Z,20481,8835,11484,20319,0.99209023
17,Meghalaya,2024-07-01T00:00:00Z,14274,4206,9855,14061,0.985077764
18,Assam,2024-07-01T00:00:00Z,126872,50527,73851,124378,0.980342392
19,West Bengal,2024-07-01T00:00:00Z,417505,240801,172036,412837,0.988819296
20,Jharkhand,2024-07-01T00:00:00Z,138323,64155,72036,136191,0.9845868
21,Odisha,2024-07-01T00:00:00Z,179361,77306,99708,177014,0.986914658
22,Chhattisgarh,2024-07-01T00:00:00Z,79665,45936,33550,79486,0.997753091
23,Madhya Pradesh,2024-07-01T00:00:00Z,220673,120403,98261,218664,0.990896032
24,Gujarat,2024-07-01T00:00:00Z,670885,572255,98292,670547,0.999496188
25,Daman and Diu,2024-07-01T00:00:00Z,0,0,,0,
26,Dadra and Nagar Haveli,2024-07-01T00:00:00Z,12053,9745,2207,11952,0.991620343
27,Maharashtra,2024-07-01T00:00:00Z,901122,645444,250377,895821,0.994117334
29,Karnataka,2024-07-01T00:00:00Z,713906,422238,283386,705624,0.988399033
30,Goa,2024-07-01T00:00:00Z,24596,15401,9240,24641,1.001829566
31,Lakshadweep,2024-07-01T00:00:00Z,206,113,99,212,1.029126214
32,Kerala,2024-07-01T00:00:00Z,293831,177404,114545,291949,0.993594958
33,Tamil Nadu,2024-07-01T00:00:00Z,959218,576771,373671,950442,0.990850881
34,Puducherry,2024-07-01T00:00:00Z,19210,10246,8795,19041,0.991202499
35,Andaman and Nicobar Islands,2024-07-01T00:00:00Z,3744,1631,2093,3724,0.99465812
36,Telangana,2024-07-01T00:00:00Z,368991,187437,176332,363769,0.985847893
37,Andhra Pradesh,2024-07-01T00:00:00Z,267358,136150,127266,263416,0.985255725
38,Ladakh,2024-07-01T00:00:00Z,2328,859,1485,2344,1.006872852
97,Other Territory,2024-07-01T00:00:00Z,65,59,12,71,1.092307692
1,Jammu and Kashmir,2024-08-01T00:00:00Z,74384,57957,15268,73225,0.984418692
2,Himachal Pradesh,2024-08-01T00:00:00Z,48300,38705,7934,46639,0.965610766
3,Punjab,2024-08-01T00:00:00Z,182324,150072,28100,178172,0.977227354
4,Chandigarh,2024-08-01T00:00:00Z,17849,15162,2532,17694,0.99131604
5,Uttarakhand,2024-08-01T00:00:00Z,93800,72783,17851,90634,0.966247335
6,Haryana,2024-08-01T00:00:00Z,314114,257561,50168,307729,0.979672985
7,Delhi,2024-08-01T00:00:00Z,453618,369347,71527,440874,0.971905877
8,Rajasthan,2024-08-01T00:00:00Z,336053,270886,54690,325576,0.96882337
9,Uttar Pradesh,2024-08-01T00:00:00Z,1030498,826318,178403,1004721,0.974985881
10,Bihar,2024-08-01T00:00:00Z,302979,228060,57266,285326,0.941735236
11,Sikkim,2024-08-01T00:00:00Z,6643,4793,1599,6392,0.962215866
12,Arunachal Pradesh,2024-08-01T00:00:00Z,11256,7639,3403,11042,0.980987918
13,Nagaland,2024-08-01T00:00:00Z,6876,5166,1569,6735,0.979493892
14,Manipur,2024-08-01T00:00:00Z,10422,6077,2782,8859,0.850028785
15,Mizoram,2024-08-01T00:00:00Z,6540,5107,1225,6332,0.968195719
16,Tripura,2024-08-01T00:00:00Z,20934,16399,4021,20420,0.975446642
17,Meghalaya,2024-08-01T00:00:00Z,14651,11313,2948,14261,0.973380657
18,Assam,2024-08-01T00:00:00Z,129739,92861,32217,125078,0.964074026
19,West Bengal,2024-08-01T00:00:00Z,426115,348665,65980,414645,0.973082384
20,Jharkhand,2024-08-01T00:00:00Z,139858,111552,24991,136543,0.976297387
21,Odisha,2024-08-01T00:00:00Z,184404,140533,37497,178030,0.965434589
22,Chhattisgarh,2024-08-01T00:00:00Z,81657,60017,20303,80320,0.983626633
23,Madhya Pradesh,2024-08-01T00:00:00Z,228851,174950,46776,221726,0.968866206
24,Gujarat,2024-08-01T00:00:00Z,679851,602785,74507,677292,0.99623594
25,Daman and Diu,2024-08-01T00:00:00Z,0,0,,0,
26,Dadra and Nagar Haveli,2024-08-01T00:00:00Z,12107,9861,2097,11958,0.98769307
27,Maharashtra,2024-08-01T00:00:00Z,923866,729229,175478,904707,0.979262144
29,Karnataka,2024-08-01T00:00:00Z,721933,580623,126225,706848,0.979104709
30,Goa,2024-08-01T00:00:00Z,25148,18952,5851,24803,0.986281215
31,Lakshadweep,2024-08-01T00:00:00Z,216,163,51,214,0.990740741
32,Kerala,2024-08-01T00:00:00Z,297227,227545,65576,293121,0.986185643
33,Tamil Nadu,2024-08-01T00:00:00Z,961845,799607,149479,949086,0.986734869
34,Puducherry,2024-08-01T00:00:00Z,19384,15025,4008,19033,0.981892282
35,Andaman and Nicobar Islands,2024-08-01T00:00:00Z,3795,2635,1107,3742,0.986034256
36,Telangana,2024-08-01T00:00:00Z,375659,285499,77982,363481,0.967582302
37,Andhra Pradesh,2024-08-01T00:00:00Z,269851,207004,56177,263181,0.975282656
38,Ladakh,2024-08-01T00:00:00Z,2515,1710,718,2428,0.965407555
97,Other Territory,2024-08-01T00:00:00Z,65,66,10,76,1.169230769
1,Jammu and Kashmir,2024-09-01T00:00:00Z,130621,46421,82989,129410,0.990728903
2,Himachal Pradesh,2024-09-01T00:00:00Z,109219,60928,46982,107910,0.988014906
3,Punjab,2024-09-01T00:00:00Z,365690,253932,107909,361841,0.989474692
4,Chandigarh,2024-09-01T00:00:00Z,28890,21527,7245,28772,0.995915542
5,Uttarakhand,2024-09-01T00:00:00Z,166352,79483,84175,163658,0.983805425
6,Haryana,2024-09-01T00:00:00Z,523203,355090,163700,518790,0.991565415
7,Delhi,2024-09-01T00:00:00Z,775718,548463,216429,764892,0.986043897
8,Rajasthan,2024-09-01T00:00:00Z,736224,436446,289882,726328,0.986558439
9,Uttar Pradesh,2024-09-01T00:00:00Z,1557879,713486,819792,1533278,0.984208658
10,Bihar,2024-09-01T00:00:00Z,514622,200085,293780,493865,0.959665541
11,Sikkim,2024-09-01T00:00:00Z,9927,3900,5787,9687,0.975823512
12,Arunachal Pradesh,2024-09-01T00:00:00Z,14831,3703,10887,14590,0.983750253
13,Nagaland,2024-09-01T00:00:00Z,8219,2504,5580,8084,0.983574644
14,Manipur,2024-09-01T00:00:00Z,11673,3166,8016,11182,0.95793712
15,Mizoram,2024-09-01T00:00:00Z,7473,1534,5742,7276,0.973638432
16,Tripura,2024-09-01T00:00:00Z,28211,10131,17777,27908,0.989259509
17,Meghalaya,2024-09-01T00:00:00Z,28023,7421,19890,27311,0.974592299
18,Assam,2024-09-01T00:00:00Z,188270,61488,122763,184251,0.978652998
19,West Bengal,2024-09-01T00:00:00Z,693825,355174,328522,683696,0.985401218
20,Jharkhand,2024-09-01T00:00:00Z,187429,77340,105796,183136,0.977095327
21,Odisha,2024-09-01T00:00:00Z,307610,111125,191127,302252,0.982581841
22,Chhattisgarh,2024-09-01T00:00:00Z,144167,67349,76277,143626,0.996247408
23,Madhya Pradesh,2024-09-01T00:00:00Z,476427,202702,267925,470627,0.987826047
24,Gujarat,2024-09-01T00:00:00Z,1091619,886642,204043,1090685,0.99914439
25,Daman and Diu,2024-09-01T00:00:00Z,0,0,,0,
26,Dadra and Nagar Haveli,2024-09-01T00:00:00Z,14785,11647,3021,14668,0.992086574
27,Maharashtra,2024-09-01T00:00:00Z,1592928,1053626,528816,1582442,0.993417154
29,Karnataka,2024-09-01T00:00:00Z,896229,496815,383391,880206,0.982121757
30,Goa,2024-09-01T00:00:00Z,38035,23468,14472,37940,0.997502301
31,Lakshadweep,2024-09-01T00:00:00Z,266,133,132,265,0.996240602
32,Kerala,2024-09-01T00:00:00Z,355500,210470,141072,351542,0.988866385
33,Tamil Nadu,2024-09-01T00:00:00Z,1065577,622390,431185,1053575,0.988736619
34,Puducherry,2024-09-01T00:00:00Z,21463,10925,10178,21103,0.983226949
35,Andaman and Nicobar Islands,2024-09-01T00:00:00Z,4656,1853,2752,4605,0.989046392
36,Telangana,2024-09-01T00:00:00Z,443838,217162,214834,431996,0.973319094
37,Andhra Pradesh,2024-09-01T00:00:00Z,321990,155123,160474,315597,0.980145346
38,Ladakh,2024-09-01T00:00:00Z,7764,2566,5215,7781,1.002189593
97,Other Territory,2024-09-01T00:00:00Z,85,83,28,111,1.305882353
1,Jammu and Kashmir,2024-10-01T00:00:00Z,72721,30680,41417,72097,0.99141926
2,Himachal Pradesh,2024-10-01T00:00:00Z,46763,30862,15173,46035,0.984432137
3,Punjab,2024-10-01T00:00:00Z,180670,137161,39079,176240,0.975480157
4,Chandigarh,2024-10-01T00:00:00Z,17747,14049,3680,17729,0.998985744
5,Uttarakhand,2024-10-01T00:00:00Z,92175,51506,39072,90578,0.982674261
6,Haryana,2024-10-01T00:00:00Z,312916,230193,78714,308907,0.987188255
7,Delhi,2024-10-01T00:00:00Z,444751,323377,112173,435550,0.97931202
8,Rajasthan,2024-10-01T00:00:00Z,328692,228451,95253,323704,0.984824699
9,Uttar Pradesh,2024-10-01T00:00:00Z,1025067,510524,500736,1011260,0.986530637
10,Bihar,2024-10-01T00:00:00Z,295766,125505,158146,283651,0.959038564
11,Sikkim,2024-10-01T00:00:00Z,6546,2607,3712,6319,0.965322334
12,Arunachal Pradesh,2024-10-01T00:00:00Z,11222,3160,7825,10985,0.97888077
13,Nagaland,2024-10-01T00:00:00Z,6901,2236,4498,6734,0.975800609
14,Manipur,2024-10-01T00:00:00Z,9370,2630,6123,8753,0.934151547
15,Mizoram,2024-10-01T00:00:00Z,6660,1374,5107,6481,0.973123123
16,Tripura,2024-10-01T00:00:00Z,20778,8948,11521,20469,0.985128501
17,Meghalaya,2024-10-01T00:00:00Z,14346,4482,9508,13990,0.97518472
18,Assam,2024-10-01T00:00:00Z,127800,50345,74088,124433,0.973654147
19,West Bengal,2024-10-01T00:00:00Z,421441,243878,170279,414157,0.982716442
20,Jharkhand,2024-10-01T00:00:00Z,139419,63245,73575,136820,0.981358351
21,Odisha,2024-10-01T00:00:00Z,180656,79211,97986,177197,0.980853113
22,Chhattisgarh,2024-10-01T00:00:00Z,80917,45824,35152,80976,1.000729142
23,Madhya Pradesh,2024-10-01T00:00:00Z,224544,123134,98673,221807,0.987810852
24,Gujarat,2024-10-01T00:00:00Z,681949,561289,120218,681507,0.999351858
25,Daman and Diu,2024-10-01T00:00:00Z,0,0,,0,
26,Dadra and Nagar Haveli,2024-10-01T00:00:00Z,12076,9626,2356,11982,0.992215966
27,Maharashtra,2024-10-01T00:00:00Z,914936,652346,255529,907875,0.99228252
29,Karnataka,2024-10-01T00:00:00Z,721282,428965,278496,707461,0.980838285
30,Goa,2024-10-01T00:00:00Z,24962,15971,8939,24910,0.997916834
31,Lakshadweep,2024-10-01T00:00:00Z,219,113,109,222,1.01369863
32,Kerala,2024-10-01T00:00:00Z,298328,179641,114184,293825,0.984905875
33,Tamil Nadu,2024-10-01T00:00:00Z,963364,582893,370753,953646,0.989912432
34,Puducherry,2024-10-01T00:00:00Z,19423,10320,8761,19081,0.982392009
35,Andaman and Nicobar Islands,2024-10-01T00:00:00Z,3765,1687,2038,3725,0.98937583
36,Telangana,2024-10-01T00:00:00Z,373881,193121,171243,364364,0.974545377
37,Andhra Pradesh,2024-10-01T00:00:00Z,270238,138591,126806,265397,0.982086161
38,Ladakh,2024-10-01T00:00:00Z,2401,909,1492,2401,1
97,Other Territory,2024-10-01T00:00:00Z,89,78,41,119,1.337078652
1,Jammu and Kashmir,2024-11-01T00:00:00Z,75395,32189,40871,73060,0.969029777
2,Himachal Pradesh,2024-11-01T00:00:00Z,48248,32344,14320,46664,0.967169624
3,Punjab,2024-11-01T00:00:00Z,177912,141016,36159,177175,0.995857503
4,Chandigarh,2024-11-01T00:00:00Z,17458,14418,3323,17741,1.016210333
5,Uttarakhand,2024-11-01T00:00:00Z,92508,54241,37629,91870,0.993103299
6,Haryana,2024-11-01T00:00:00Z,301692,238517,73177,311694,1.033153017
7,Delhi,2024-11-01T00:00:00Z,446623,332265,103461,435726,0.975601346
8,Rajasthan,2024-11-01T00:00:00Z,328715,239133,90372,329505,1.002403298
9,Uttar Pradesh,2024-11-01T00:00:00Z,1002813,535789,487232,1023021,1.020151314
10,Bihar,2024-11-01T00:00:00Z,306317,141469,145129,286598,0.935625512
11,Sikkim,2024-11-01T00:00:00Z,6879,2794,3533,6327,0.919755778
12,Arunachal Pradesh,2024-11-01T00:00:00Z,11070,3202,7872,11074,1.000361337
13,Nagaland,2024-11-01T00:00:00Z,6881,2306,4434,6740,0.979508792
14,Manipur,2024-11-01T00:00:00Z,10330,2619,6112,8731,0.845208132
15,Mizoram,2024-11-01T00:00:00Z,6362,1636,4858,6494,1.020748192
16,Tripura,2024-11-01T00:00:00Z,20633,9059,11536,20595,0.99815829
17,Meghalaya,2024-11-01T00:00:00Z,14998,4973,9133,14106,0.940525403
18,Assam,2024-11-01T00:00:00Z,132952,53241,71562,124803,0.938707203
19,West Bengal,2024-11-01T00:00:00Z,413376,254501,163118,417619,1.010264263
20,Jharkhand,2024-11-01T00:00:00Z,136643,68114,69528,137642,1.007311022
21,Odisha,2024-11-01T00:00:00Z,181318,82844,96648,179492,0.989929295
22,Chhattisgarh,2024-11-01T00:00:00Z,79924,49058,33054,82112,1.027376007
23,Madhya Pradesh,2024-11-01T00:00:00Z,224084,130645,94755,225400,1.005872798
24,Gujarat,2024-11-01T00:00:00Z,648655,598190,89238,687428,1.059774456
25,Daman and Diu,2024-11-01T00:00:00Z,1,0,,0,
26,Dadra and Nagar Haveli,2024-11-01T00:00:00Z,12008,10000,2020,12020,1.000999334
27,Maharashtra,2024-11-01T00:00:00Z,888208,684264,232356,916620,1.031988003
29,Karnataka,2024-11-01T00:00:00Z,703942,452468,258987,711455,1.010672754
30,Goa,2024-11-01T00:00:00Z,24559,16860,8203,25063,1.020522008
31,Lakshadweep,2024-11-01T00:00:00Z,206,124,99,223,1.082524272
32,Kerala,2024-11-01T00:00:00Z,293286,186155,107667,293822,1.001827568
33,Tamil Nadu,2024-11-01T00:00:00Z,946294,617519,337352,954871,1.009063779
34,Puducherry,2024-11-01T00:00:00Z,18832,10643,8430,19073,1.012797366
35,Andaman and Nicobar Islands,2024-11-01T00:00:00Z,3653,1814,1928,3742,1.024363537
36,Telangana,2024-11-01T00:00:00Z,357723,203496,162937,366433,1.024348448
37,Andhra Pradesh,2024-11-01T00:00:00Z,264651,145135,122589,267724,1.011611519
38,Ladakh,2024-11-01T00:00:00Z,2567,1031,1451,2482,0.966887417
97,Other Territory,2024-11-01T00:00:00Z,66,88,57,145,2.196969697
1,Jammu and Kashmir,2024-12-01T00:00:00Z,132270,52938,77664,130602,0.987389431
2,Himachal Pradesh,2024-12-01T00:00:00Z,110196,69536,38937,108473,0.984364224
3,Punjab,2024-12-01T00:00:00Z,363376,267973,91252,359225,0.988576571
4,Chandigarh,2024-12-01T00:00:00Z,28933,22725,6013,28738,0.993260291
5,Uttarakhand,2024-12-01T00:00:00Z,168400,89412,75846,165258,0.981342043
6,Haryana,2024-12-01T00:00:00Z,530087,390157,132239,522396,0.985491061
7,Delhi,2024-12-01T00:00:00Z,770483,585828,172690,758518,0.98447078
8,Rajasthan,2024-12-01T00:00:00Z,745574,485866,245527,731393,0.980979755
9,Uttar Pradesh,2024-12-01T00:00:00Z,1584961,803462,751162,1554624,0.980859466
10,Bihar,2024-12-01T00:00:00Z,519490,228790,267518,496308,0.955375464
11,Sikkim,2024-12-01T00:00:00Z,9949,4511,5060,9571,0.962006232
12,Arunachal Pradesh,2024-12-01T00:00:00Z,15149,4416,10194,14610,0.964420094
13,Nagaland,2024-12-01T00:00:00Z,8297,2738,5268,8006,0.964927082
14,Manipur,2024-12-01T00:00:00Z,11727,3480,7550,11030,0.940564509
15,Mizoram,2024-12-01T00:00:00Z,7657,1630,5735,7365,0.96186496
16,Tripura,2024-12-01T00:00:00Z,28478,12015,15909,27924,0.980546387
17,Meghalaya,2024-12-01T00:00:00Z,27948,9039,18067,27106,0.969872621
18,Assam,2024-12-01T00:00:00Z,189830,73253,109388,182641,0.962129274
19,West Bengal,2024-12-01T00:00:00Z,700018,403986,282963,686949,0.98133048
20,Jharkhand,2024-12-01T00:00:00Z,188424,90107,94045,184152,0.977327729
21,Odisha,2024-12-01T00:00:00Z,311830,131238,172467,303705,0.973944136
22,Chhattisgarh,2024-12-01T00:00:00Z,147023,77813,67159,144972,0.986049802
23,Madhya Pradesh,2024-12-01T00:00:00Z,484390,245167,230262,475429,0.981500444
24,Gujarat,2024-12-01T00:00:00Z,1107071,942363,163513,1105876,0.998920575
25,Daman and Diu,2024-12-01T00:00:00Z,0,0,,0,
26,Dadra and Nagar Haveli,2024-12-01T00:00:00Z,14849,12268,2446,14714,0.990908479
27,Maharashtra,2024-12-01T00:00:00Z,1610673,1157673,436450,1594123,0.989724792
29,Karnataka,2024-12-01T00:00:00Z,903787,558374,326336,884710,0.97889215
30,Goa,2024-12-01T00:00:00Z,38569,25755,12339,38094,0.98768441
31,Lakshadweep,2024-12-01T00:00:00Z,282,156,116,272,0.964539007
32,Kerala,2024-12-01T00:00:00Z,357015,219257,130038,349295,0.978376259
33,Tamil Nadu,2024-12-01T00:00:00Z,1071657,701231,355682,1056913,0.986241867
34,Puducherry,2024-12-01T00:00:00Z,21570,12194,8842,21036,0.975243394
35,Andaman and Nicobar Islands,2024-12-01T00:00:00Z,4752,2244,2384,4628,0.973905724
36,Telangana,2024-12-01T00:00:00Z,447335,239637,194660,434297,0.970854058
37,Andhra Pradesh,2024-12-01T00:00:00Z,326184,169850,150233,320083,0.981295833
38,Ladakh,2024-12-01T00:00:00Z,7981,3094,4791,7885,0.987971432
97,Other Territory,2024-12-01T00:00:00Z,117,117,45,162,1.384615385
1,Jammu and Kashmir,2025-01-01T00:00:00Z,73561,32247,40048,72295,0.982789794
2,Himachal Pradesh,2025-01-01T00:00:00Z,47206,32612,13322,45934,0.973054273
3,Punjab,2025-01-01T00:00:00Z,179534,141738,34188,175926,0.979903528
4,Chandigarh,2025-01-01T00:00:00Z,17858,14550,3050,17600,0.985552693
5,Uttarakhand,2025-01-01T00:00:00Z,94024,55087,36545,91632,0.974559687
6,Haryana,2025-01-01T00:00:00Z,317508,242597,68692,311289,0.980413092
7,Delhi,2025-01-01T00:00:00Z,444563,334697,100501,435198,0.978934369
8,Rajasthan,2025-01-01T00:00:00Z,334329,240934,85948,326882,0.977725534
9,Uttar Pradesh,2025-01-01T00:00:00Z,1051416,543528,483562,1027090,0.976863582
10,Bihar,2025-01-01T00:00:00Z,299668,141288,144755,286043,0.954533017
11,Sikkim,2025-01-01T00:00:00Z,6437,2801,3304,6105,0.948423178
12,Arunachal Pradesh,2025-01-01T00:00:00Z,11422,3282,7623,10905,0.954736473
13,Nagaland,2025-01-01T00:00:00Z,6958,2318,4320,6638,0.954009773
14,Manipur,2025-01-01T00:00:00Z,9359,2682,5926,8608,0.919756384
15,Mizoram,2025-01-01T00:00:00Z,6786,1488,5016,6504,0.958443855
16,Tripura,2025-01-01T00:00:00Z,21086,8966,11568,20534,0.973821493
17,Meghalaya,2025-01-01T00:00:00Z,14478,4896,8927,13823,0.954758945
18,Assam,2025-01-01T00:00:00Z,128733,54661,68355,123016,0.955590253
19,West Bengal,2025-01-01T00:00:00Z,428584,256724,161827,418551,0.976590353
20,Jharkhand,2025-01-01T00:00:00Z,141887,68791,68584,137375,0.968200047
21,Odisha,2025-01-01T00:00:00Z,184055,82344,95620,177964,0.966906631
22,Chhattisgarh,2025-01-01T00:00:00Z,81694,48505,32746,81251,0.994577325
23,Madhya Pradesh,2025-01-01T00:00:00Z,227629,132627,90441,223068,0.97996301
24,Gujarat,2025-01-01T00:00:00Z,697202,608985,86364,695349,0.997342234
25,Daman and Diu,2025-01-01T00:00:00Z,0,0,,0,
26,Dadra and Nagar Haveli,2025-01-01T00:00:00Z,12178,10073,1952,12025,0.987436361
27,Maharashtra,2025-01-01T00:00:00Z,933166,699194,219555,918749,0.984550444
29,Karnataka,2025-01-01T00:00:00Z,732294,456372,255367,711739,0.971930673
30,Goa,2025-01-01T00:00:00Z,25488,17028,7720,24748,0.970966729
31,Lakshadweep,2025-01-01T00:00:00Z,235,125,98,223,0.94893617
32,Kerala,2025-01-01T00:00:00Z,300800,186627,104396,291023,0.967496676
33,Tamil Nadu,2025-01-01T00:00:00Z,970535,624418,330367,954785,0.983771837
34,Puducherry,2025-01-01T00:00:00Z,19570,10938,7983,18921,0.966836995
35,Andaman and Nicobar Islands,2025-01-01T00:00:00Z,3858,1758,1889,3647,0.94530845
36,Telangana,2025-01-01T00:00:00Z,379419,207492,158474,365966,0.964543157
37,Andhra Pradesh,2025-01-01T00:00:00Z,274208,147489,121200,268689,0.979872943
38,Ladakh,2025-01-01T00:00:00Z,2437,982,1372,2354,0.965941732
97,Other Territory,2025-01-01T00:00:00Z,148,124,31,155,1.047297297
1,Jammu and Kashmir,2025-02-01T00:00:00Z,75582,32972,39636,72608,0.960652007
2,Himachal Pradesh,2025-02-01T00:00:00Z,48813,33564,12634,46198,0.946428206
3,Punjab,2025-02-01T00:00:00Z,184469,144433,33554,177987,0.964861305
4,Chandigarh,2025-02-01T00:00:00Z,18026,14638,2888,17526,0.972262288
5,Uttarakhand,2025-02-01T00:00:00Z,96514,56465,35677,92142,0.954700872
6,Haryana,2025-02-01T00:00:00Z,324414,246520,66458,312978,0.964748747
7,Delhi,2025-02-01T00:00:00Z,453397,341887,94222,436109,0.961870061
8,Rajasthan,2025-02-01T00:00:00Z,348862,246661,84691,331352,0.949808234
9,Uttar Pradesh,2025-02-01T00:00:00Z,1075670,559988,473773,1033761,0.961039166
10,Bihar,2025-02-01T00:00:00Z,313772,144573,142508,287081,0.914935048
11,Sikkim,2025-02-01T00:00:00Z,6564,3009,3071,6080,0.926264473
12,Arunachal Pradesh,2025-02-01T00:00:00Z,11689,3477,7179,10656,0.911626315
13,Nagaland,2025-02-01T00:00:00Z,7049,2395,4152,6547,0.928784225
14,Manipur,2025-02-01T00:00:00Z,9570,2797,5616,8413,0.879101358
15,Mizoram,2025-02-01T00:00:00Z,7025,1504,4961,6465,0.920284698
16,Tripura,2025-02-01T00:00:00Z,21405,9210,11279,20489,0.95720626
17,Meghalaya,2025-02-01T00:00:00Z,14902,4947,8785,13732,0.921487049
18,Assam,2025-02-01T00:00:00Z,132099,55568,66316,121884,0.922671633
19,West Bengal,2025-02-01T00:00:00Z,438333,261340,158301,419641,0.957356622
20,Jharkhand,2025-02-01T00:00:00Z,143795,70237,66710,136947,0.952376647
21,Odisha,2025-02-01T00:00:00Z,188792,84547,93291,177838,0.941978474
22,Chhattisgarh,2025-02-01T00:00:00Z,83957,50557,31114,81671,0.972771776
23,Madhya Pradesh,2025-02-01T00:00:00Z,234918,136465,88836,225301,0.959062311
24,Gujarat,2025-02-01T00:00:00Z,707985,619097,83980,703077,0.99306765
25,Daman and Diu,2025-02-01T00:00:00Z,0,0,,1,
26,Dadra and Nagar Haveli,2025-02-01T00:00:00Z,12308,10236,1737,11973,0.97278193
27,Maharashtra,2025-02-01T00:00:00Z,952259,710998,210241,921239,0.967424829
29,Karnataka,2025-02-01T00:00:00Z,740889,464200,244258,708458,0.956226911
30,Goa,2025-02-01T00:00:00Z,25933,17332,7236,24568,0.947364362
31,Lakshadweep,2025-02-01T00:00:00Z,242,144,77,221,0.91322314
32,Kerala,2025-02-01T00:00:00Z,303731,190044,98065,288109,0.94856633
33,Tamil Nadu,2025-02-01T00:00:00Z,973311,633505,319743,953248,0.979386856
34,Puducherry,2025-02-01T00:00:00Z,19671,11208,7568,18776,0.954501551
35,Andaman and Nicobar Islands,2025-02-01T00:00:00Z,3902,1872,1660,3532,0.905176832
36,Telangana,2025-02-01T00:00:00Z,384239,211660,151979,363639,0.946387535
37,Andhra Pradesh,2025-02-01T00:00:00Z,277741,150970,117785,268755,0.967646116
38,Ladakh,2025-02-01T00:00:00Z,2592,1028,1371,2399,0.925540123
97,Other Territory,2025-02-01T00:00:00Z,170,120,18,138,0.811764706
1,Jammu and Kashmir,2025-03-01T00:00:00Z,134150,45564,77559,123123,0.917800969
2,Himachal Pradesh,2025-03-01T00:00:00Z,111276,62688,41081,103769,0.932537115
3,Punjab,2025-03-01T00:00:00Z,368393,256834,89734,346568,0.940756203
4,Chandigarh,2025-03-01T00:00:00Z,29023,21711,5790,27501,0.947558833
5,Uttarakhand,2025-03-01T00:00:00Z,171502,84708,72596,157304,0.917213793
6,Haryana,2025-03-01T00:00:00Z,538701,371675,133997,505672,0.938687695
7,Delhi,2025-03-01T00:00:00Z,780218,561818,171707,733525,0.940153906
8,Rajasthan,2025-03-01T00:00:00Z,757181,455477,246299,701776,0.926827271
9,Uttar Pradesh,2025-03-01T00:00:00Z,1620029,745782,754922,1500704,0.926343911
10,Bihar,2025-03-01T00:00:00Z,528004,184755,274602,459357,0.869987727
11,Sikkim,2025-03-01T00:00:00Z,10109,4056,4653,8709,0.861509546
12,Arunachal Pradesh,2025-03-01T00:00:00Z,15725,3938,8266,12204,0.77608903
13,Nagaland,2025-03-01T00:00:00Z,8436,2656,4427,7083,0.839615932
14,Manipur,2025-03-01T00:00:00Z,11968,3150,6361,9511,0.79470254
15,Mizoram,2025-03-01T00:00:00Z,7878,1516,5441,6957,0.883092155
16,Tripura,2025-03-01T00:00:00Z,28924,10970,14809,25779,0.891266768
17,Meghalaya,2025-03-01T00:00:00Z,28105,7763,17196,24959,0.888062622
18,Assam,2025-03-01T00:00:00Z,192460,68378,92430,160808,0.835539852
19,West Bengal,2025-03-01T00:00:00Z,711748,375318,281218,656536,0.922427601
20,Jharkhand,2025-03-01T00:00:00Z,191754,84206,88793,172999,0.902192392
21,Odisha,2025-03-01T00:00:00Z,315967,120401,160299,280700,0.888383914
22,Chhattisgarh,2025-03-01T00:00:00Z,148810,70588,61714,132302,0.889066595
23,Madhya Pradesh,2025-03-01T00:00:00Z,492680,220352,224828,445180,0.903588536
24,Gujarat,2025-03-01T00:00:00Z,1132408,927230,172561,1099791,0.971196777
25,Daman and Diu,2025-03-01T00:00:00Z,1,0,,0,
26,Dadra and Nagar Haveli,2025-03-01T00:00:00Z,15013,12096,2126,14222,0.947312329
27,Maharashtra,2025-03-01T00:00:00Z,1640364,1119036,392935,1511971,0.921728958
29,Karnataka,2025-03-01T00:00:00Z,918028,532375,307579,839954,0.914954664
30,Goa,2025-03-01T00:00:00Z,39379,24339,10596,34935,0.887147972
31,Lakshadweep,2025-03-01T00:00:00Z,297,155,105,260,0.875420875
32,Kerala,2025-03-01T00:00:00Z,361393,209985,116218,326203,0.90262678
33,Tamil Nadu,2025-03-01T00:00:00Z,1078355,671586,350826,1022412,0.948121908
34,Puducherry,2025-03-01T00:00:00Z,21792,11818,8178,19996,0.917584435
35,Andaman and Nicobar Islands,2025-03-01T00:00:00Z,4852,1982,1990,3972,0.818631492
36,Telangana,2025-03-01T00:00:00Z,454173,229882,177716,407598,0.897450971
37,Andhra Pradesh,2025-03-01T00:00:00Z,331328,161972,143670,305642,0.922475613
38,Ladakh,2025-03-01T00:00:00Z,8179,2883,4599,7482,0.914781758
97,Other Territory,2025-03-01T00:00:00Z,87,85,12,97,1.114942529
