STATE CD,STATE,Month,No. of Tax Payers eligible to File,No. Tax Payers filed by Due Date,No. of Tax Payers filed after due date,Total Returns Filed,Filing %age as on 30th Apr 2025
1,Jammu and Kashmir,2017-07-01T00:00:00Z,52455,26501,22947,49448,0.942674673529692
2,Himachal Pradesh,2017-07-01T00:00:00Z,53013,31134,19999,51133,0.964537000358403
3,Punjab,2017-07-01T00:00:00Z,220786,156554,56528,213082,0.965106483200928
4,Chandigarh,2017-07-01T00:00:00Z,20632,14826,5853,20679,1.00227801473439
5,Uttarakhand,2017-07-01T00:00:00Z,85370,34316,47257,81573,0.955523017453438
6,Haryana,2017-07-01T00:00:00Z,260418,159587,97619,257206,0.987665983150166
7,Delhi,2017-07-01T00:00:00Z,442968,307172,141369,448541,1.01258104422893
8,Rajasthan,2017-07-01T00:00:00Z,399525,251205,139876,391081,0.97886490207121
9,Uttar Pradesh,2017-07-01T00:00:00Z,738006,398357,319847,718204,0.973168239824608
10,Bihar,2017-07-01T00:00:00Z,187455,83443,92030,175473,0.936080659358246
11,Sikkim,2017-07-01T00:00:00Z,3154,1941,1091,3032,0.961318960050729
12,Arunachal Pradesh,2017-07-01T00:00:00Z,4103,1212,2554,3766,0.91786497684621
13,Nagaland,2017-07-01T00:00:00Z,3917,934,2538,3472,0.886392647434261
14,Manipur,2017-07-01T00:00:00Z,4283,1431,2410,3841,0.896801307494747
15,Mizoram,2017-07-01T00:00:00Z,2451,796,1476,2272,0.926968584251326
16,Tripura,2017-07-01T00:00:00Z,13528,5590,7311,12901,0.953651685393258
17,Meghalaya,2017-07-01T00:00:00Z,11989,3931,7096,11027,0.919759779798148
18,Assam,2017-07-01T00:00:00Z,97283,37502,48828,86330,0.88741095566543
19,West Bengal,2017-07-01T00:00:00Z,347020,219688,106240,325928,0.939219641519221
20,Jharkhand,2017-07-01T00:00:00Z,82880,46423,34150,80573,0.972164575289575
21,Odisha,2017-07-01T00:00:00Z,139875,45509,89517,135026,0.965333333333333
22,Chhattisgarh,2017-07-01T00:00:00Z,83399,34671,44566,79237,0.950095324883991
23,Madhya Pradesh,2017-07-01T00:00:00Z,257308,106142,148956,255098,0.991411071556267
24,Gujarat,2017-07-01T00:00:00Z,564539,311664,244012,555676,0.98430046462689
25,Daman and Diu,2017-07-01T00:00:00Z,4349,2952,1375,4327,0.994941365831226
26,Dadra and Nagar Haveli,2017-07-01T00:00:00Z,5291,3187,1996,5183,0.97958797958798
27,Maharashtra,2017-07-01T00:00:00Z,914892,582682,319658,902340,0.986280347844336
29,Karnataka,2017-07-01T00:00:00Z,503407,264970,234886,499856,0.992946065509618
30,Goa,2017-07-01T00:00:00Z,22196,10043,11687,21730,0.979005226166877
31,Lakshadweep,2017-07-01T00:00:00Z,90,25,49,74,0.822222222222222
32,Kerala,2017-07-01T00:00:00Z,215930,113438,101727,215165,0.996457185198907
33,Tamil Nadu,2017-07-01T00:00:00Z,624866,312517,291129,603646,0.966040719130182
34,Puducherry,2017-07-01T00:00:00Z,14080,7676,6292,13968,0.992045454545455
35,Andaman and Nicobar Islands,2017-07-01T00:00:00Z,2489,703,1472,2175,0.873844917637605
36,Telangana,2017-07-01T00:00:00Z,201614,82109,111977,194086,0.962661323122402
37,Andhra Pradesh,2017-07-01T00:00:00Z,198028,105432,84068,189500,0.956935382875149
38,Ladakh,2017-07-01T00:00:00Z,,,,0,
97,Other Territory,2017-07-01T00:00:00Z,,,,0,
1,Jammu and Kashmir,2017-08-01T00:00:00Z,58371,20534,35122,55656,0.953487176851519
2,Himachal Pradesh,2017-08-01T00:00:00Z,58745,21838,33932,55770,0.949357392118478
3,Punjab,2017-08-01T00:00:00Z,239311,146224,85976,232200,0.970285528036739
4,Chandigarh,2017-08-01T00:00:00Z,22318,12862,9409,22271,0.997894076530155
5,Uttarakhand,2017-08-01T00:00:00Z,94845,26778,62069,88847,0.93675997680426
6,Haryana,2017-08-01T00:00:00Z,286641,130400,150716,281116,0.980725018402811
7,Delhi,2017-08-01T00:00:00Z,492379,214872,276666,491538,0.998291966148028
8,Rajasthan,2017-08-01T00:00:00Z,422945,180075,230383,410458,0.970476066628049
9,Uttar Pradesh,2017-08-01T00:00:00Z,835866,353698,446735,800433,0.957609234015979
10,Bihar,2017-08-01T00:00:00Z,213585,56009,138266,194275,0.909591029332584
11,Sikkim,2017-08-01T00:00:00Z,3593,1444,1970,3414,0.950180907319788
12,Arunachal Pradesh,2017-08-01T00:00:00Z,5300,716,3916,4632,0.873962264150943
13,Nagaland,2017-08-01T00:00:00Z,4679,564,3400,3964,0.84718957042103
14,Manipur,2017-08-01T00:00:00Z,5619,787,4032,4819,0.857625912084001
15,Mizoram,2017-08-01T00:00:00Z,2976,562,2116,2678,0.89986559139785
16,Tripura,2017-08-01T00:00:00Z,15567,3316,11254,14570,0.935954262221366
17,Meghalaya,2017-08-01T00:00:00Z,13712,2678,9605,12283,0.89578471411902
18,Assam,2017-08-01T00:00:00Z,111825,20779,74076,94855,0.848245025709814
19,West Bengal,2017-08-01T00:00:00Z,405036,135795,244804,380599,0.939667091320278
20,Jharkhand,2017-08-01T00:00:00Z,95439,33373,57278,90651,0.949831829755132
21,Odisha,2017-08-01T00:00:00Z,154796,43923,101804,145727,0.941413214811752
22,Chhattisgarh,2017-08-01T00:00:00Z,90219,26288,58778,85066,0.942883428102728
23,Madhya Pradesh,2017-08-01T00:00:00Z,276943,72970,197069,270039,0.975070682414793
24,Gujarat,2017-08-01T00:00:00Z,641658,248716,381768,630484,0.982585738820369
25,Daman and Diu,2017-08-01T00:00:00Z,4781,2112,2597,4709,0.98494038903995
26,Dadra and Nagar Haveli,2017-08-01T00:00:00Z,6053,2491,3354,5845,0.965636874277218
27,Maharashtra,2017-08-01T00:00:00Z,1006222,420286,566733,987019,0.98091574225171
29,Karnataka,2017-08-01T00:00:00Z,530355,209672,309526,519198,0.978963147325848
30,Goa,2017-08-01T00:00:00Z,23786,8001,15165,23166,0.973934247036072
31,Lakshadweep,2017-08-01T00:00:00Z,220,56,115,171,0.777272727272727
32,Kerala,2017-08-01T00:00:00Z,227531,52149,173189,225338,0.990361752904
33,Tamil Nadu,2017-08-01T00:00:00Z,673862,202444,440648,643092,0.954337831781581
34,Puducherry,2017-08-01T00:00:00Z,15013,5280,9599,14879,0.991074402184773
35,Andaman and Nicobar Islands,2017-08-01T00:00:00Z,3574,347,2624,2971,0.831281477336318
36,Telangana,2017-08-01T00:00:00Z,223860,63297,148210,211507,0.944818189940141
37,Andhra Pradesh,2017-08-01T00:00:00Z,209596,72423,128965,201388,0.960838947308155
38,Ladakh,2017-08-01T00:00:00Z,,,,0,
97,Other Territory,2017-08-01T00:00:00Z,21,0,20,20,0.952380952380952
1,Jammu and Kashmir,2017-09-01T00:00:00Z,62528,28171,31409,59580,0.952853121801433
2,Himachal Pradesh,2017-09-01T00:00:00Z,61691,30755,28219,58974,0.955957919307517
3,Punjab,2017-09-01T00:00:00Z,247374,175334,67649,242983,0.982249549265485
4,Chandigarh,2017-09-01T00:00:00Z,23418,15474,7824,23298,0.994875736612862
5,Uttarakhand,2017-09-01T00:00:00Z,100078,36786,56716,93502,0.934291252822798
6,Haryana,2017-09-01T00:00:00Z,302837,170439,125921,296360,0.978612256758586
7,Delhi,2017-09-01T00:00:00Z,521051,290005,226532,516537,0.99133674054939
8,Rajasthan,2017-09-01T00:00:00Z,435929,225342,199989,425331,0.97568870160049
9,Uttar Pradesh,2017-09-01T00:00:00Z,887856,446715,403648,850363,0.957771305256708
10,Bihar,2017-09-01T00:00:00Z,222312,78700,125338,204038,0.917800208715679
11,Sikkim,2017-09-01T00:00:00Z,3804,1527,2112,3639,0.956624605678234
12,Arunachal Pradesh,2017-09-01T00:00:00Z,6068,1075,4130,5205,0.857778510217535
13,Nagaland,2017-09-01T00:00:00Z,4915,772,3465,4237,0.86205493387589
14,Manipur,2017-09-01T00:00:00Z,6564,1211,4274,5485,0.835618525289458
15,Mizoram,2017-09-01T00:00:00Z,3300,789,2132,2921,0.885151515151515
16,Tripura,2017-09-01T00:00:00Z,16398,5532,9798,15330,0.934870106110501
17,Meghalaya,2017-09-01T00:00:00Z,14696,3598,9464,13062,0.888813282525857
18,Assam,2017-09-01T00:00:00Z,114311,29949,69256,99205,0.867851737803011
19,West Bengal,2017-09-01T00:00:00Z,416031,206247,195209,401456,0.964966552973216
20,Jharkhand,2017-09-01T00:00:00Z,100685,50897,45424,96321,0.956656900233401
21,Odisha,2017-09-01T00:00:00Z,162133,64338,87659,151997,0.937483424102435
22,Chhattisgarh,2017-09-01T00:00:00Z,93983,30665,57697,88362,0.940191311194578
23,Madhya Pradesh,2017-09-01T00:00:00Z,290350,114822,166085,280907,0.967477182710522
24,Gujarat,2017-09-01T00:00:00Z,682019,348917,322779,671696,0.984864058039439
25,Daman and Diu,2017-09-01T00:00:00Z,5056,2739,2212,4951,0.979232594936709
26,Dadra and Nagar Haveli,2017-09-01T00:00:00Z,6403,3363,2827,6190,0.966734343276589
27,Maharashtra,2017-09-01T00:00:00Z,1060520,557237,484892,1042129,0.982658507147437
29,Karnataka,2017-09-01T00:00:00Z,553919,285816,252314,538130,0.971495832423152
30,Goa,2017-09-01T00:00:00Z,25339,11312,13110,24422,0.963810726548009
31,Lakshadweep,2017-09-01T00:00:00Z,258,64,121,185,0.717054263565892
32,Kerala,2017-09-01T00:00:00Z,233233,117016,114214,231230,0.99141202145494
33,Tamil Nadu,2017-09-01T00:00:00Z,700632,324032,341468,665500,0.949856700807271
34,Puducherry,2017-09-01T00:00:00Z,15568,8023,7401,15424,0.990750256937307
35,Andaman and Nicobar Islands,2017-09-01T00:00:00Z,3908,416,2818,3234,0.827533265097237
36,Telangana,2017-09-01T00:00:00Z,234895,90635,131868,222503,0.947244513506035
37,Andhra Pradesh,2017-09-01T00:00:00Z,216950,109070,99995,209065,0.963655220096797
38,Ladakh,2017-09-01T00:00:00Z,,,,0,
97,Other Territory,2017-09-01T00:00:00Z,25,0,24,24,0.96
1,Jammu and Kashmir,2017-10-01T00:00:00Z,62319,33108,25905,59013,0.9469503682665
2,Himachal Pradesh,2017-10-01T00:00:00Z,58791,31696,24017,55713,0.947645047711384
3,Punjab,2017-10-01T00:00:00Z,247069,184296,56495,240791,0.974590094265165
4,Chandigarh,2017-10-01T00:00:00Z,23532,15725,7336,23061,0.979984701682815
5,Uttarakhand,2017-10-01T00:00:00Z,94880,42018,45603,87621,0.923492833052277
6,Haryana,2017-10-01T00:00:00Z,306332,193777,102610,296387,0.967535223221864
7,Delhi,2017-10-01T00:00:00Z,532973,312738,206746,519484,0.974691025624187
8,Rajasthan,2017-10-01T00:00:00Z,418736,252332,153445,405777,0.969052099652287
9,Uttar Pradesh,2017-10-01T00:00:00Z,809536,486652,282944,769596,0.950663095896909
10,Bihar,2017-10-01T00:00:00Z,205062,92955,93922,186877,0.911319503369713
11,Sikkim,2017-10-01T00:00:00Z,3745,1818,1756,3574,0.9543391188251
12,Arunachal Pradesh,2017-10-01T00:00:00Z,6212,1478,3899,5377,0.865582743077914
13,Nagaland,2017-10-01T00:00:00Z,4750,938,3132,4070,0.856842105263158
14,Manipur,2017-10-01T00:00:00Z,6945,1425,4291,5716,0.823038156947444
15,Mizoram,2017-10-01T00:00:00Z,3491,1012,2043,3055,0.875107419077628
16,Tripura,2017-10-01T00:00:00Z,16060,7554,7351,14905,0.928082191780822
17,Meghalaya,2017-10-01T00:00:00Z,14641,5305,7717,13022,0.889420121576395
18,Assam,2017-10-01T00:00:00Z,110497,37783,57611,95394,0.863317556132746
19,West Bengal,2017-10-01T00:00:00Z,422302,243472,159554,403026,0.954354940303385
20,Jharkhand,2017-10-01T00:00:00Z,101040,56454,39353,95807,0.948208630245447
21,Odisha,2017-10-01T00:00:00Z,159167,75101,71281,146382,0.919675560888878
22,Chhattisgarh,2017-10-01T00:00:00Z,87850,34199,47652,81851,0.931713147410359
23,Madhya Pradesh,2017-10-01T00:00:00Z,274212,135768,126721,262489,0.957248406342538
24,Gujarat,2017-10-01T00:00:00Z,673475,390745,271269,662014,0.982982293329374
25,Daman and Diu,2017-10-01T00:00:00Z,5091,2853,2098,4951,0.97250049106266
26,Dadra and Nagar Haveli,2017-10-01T00:00:00Z,6534,3614,2643,6257,0.957606366697276
27,Maharashtra,2017-10-01T00:00:00Z,1054857,585598,445717,1031315,0.977682283001393
29,Karnataka,2017-10-01T00:00:00Z,537199,317680,196417,514097,0.95699545233703
30,Goa,2017-10-01T00:00:00Z,25168,12599,11384,23983,0.952916401780038
31,Lakshadweep,2017-10-01T00:00:00Z,250,69,107,176,0.704
32,Kerala,2017-10-01T00:00:00Z,227665,131417,92190,223607,0.982175564974853
33,Tamil Nadu,2017-10-01T00:00:00Z,688720,395873,252481,648354,0.941389824602161
34,Puducherry,2017-10-01T00:00:00Z,15548,9073,6091,15164,0.975302289683561
35,Andaman and Nicobar Islands,2017-10-01T00:00:00Z,3837,606,2563,3169,0.825905655459995
36,Telangana,2017-10-01T00:00:00Z,230496,111055,105116,216171,0.937851416076635
37,Andhra Pradesh,2017-10-01T00:00:00Z,208658,118928,79287,198215,0.949951595433676
38,Ladakh,2017-10-01T00:00:00Z,,,,0,
97,Other Territory,2017-10-01T00:00:00Z,31,10,18,28,0.903225806451613
1,Jammu and Kashmir,2017-11-01T00:00:00Z,64586,36389,24262,60651,0.939073483417459
2,Himachal Pradesh,2017-11-01T00:00:00Z,59931,35381,21006,56387,0.940865328461064
3,Punjab,2017-11-01T00:00:00Z,250968,195847,47580,243427,0.969952344522011
4,Chandigarh,2017-11-01T00:00:00Z,23908,17463,5776,23239,0.97201773464949
5,Uttarakhand,2017-11-01T00:00:00Z,97711,50544,38453,88997,0.910818638638434
6,Haryana,2017-11-01T00:00:00Z,314476,216728,84753,301481,0.958677291748814
7,Delhi,2017-11-01T00:00:00Z,546473,356584,169629,526213,0.962925890208665
8,Rajasthan,2017-11-01T00:00:00Z,427452,284148,126999,411147,0.961855366216558
9,Uttar Pradesh,2017-11-01T00:00:00Z,834136,559528,224743,784271,0.940219580500062
10,Bihar,2017-11-01T00:00:00Z,214100,106382,85124,191506,0.894469873890705
11,Sikkim,2017-11-01T00:00:00Z,3884,1943,1735,3678,0.946961894953656
12,Arunachal Pradesh,2017-11-01T00:00:00Z,6518,1666,3942,5608,0.860386621663087
13,Nagaland,2017-11-01T00:00:00Z,4877,970,3134,4104,0.84150092269838
14,Manipur,2017-11-01T00:00:00Z,7331,1703,4243,5946,0.811076251534579
15,Mizoram,2017-11-01T00:00:00Z,3656,1167,1981,3148,0.861050328227571
16,Tripura,2017-11-01T00:00:00Z,16663,8320,6879,15199,0.912140670947608
17,Meghalaya,2017-11-01T00:00:00Z,15103,5702,7517,13219,0.875256571542078
18,Assam,2017-11-01T00:00:00Z,113702,42970,53880,96850,0.851788007247014
19,West Bengal,2017-11-01T00:00:00Z,436034,272747,140055,412802,0.946719751212061
20,Jharkhand,2017-11-01T00:00:00Z,104889,63541,34885,98426,0.938382480527033
21,Odisha,2017-11-01T00:00:00Z,164732,86492,62441,148933,0.904092708156278
22,Chhattisgarh,2017-11-01T00:00:00Z,90015,41022,41534,82556,0.917136032883408
23,Madhya Pradesh,2017-11-01T00:00:00Z,281366,163840,101581,265421,0.943330039876886
24,Gujarat,2017-11-01T00:00:00Z,688205,467824,206582,674406,0.979949288366112
25,Daman and Diu,2017-11-01T00:00:00Z,5195,3065,1951,5016,0.965543792107796
26,Dadra and Nagar Haveli,2017-11-01T00:00:00Z,6703,4003,2353,6356,0.948232134864986
27,Maharashtra,2017-11-01T00:00:00Z,1076657,666974,379739,1046713,0.972187985588725
29,Karnataka,2017-11-01T00:00:00Z,549345,347652,170927,518579,0.943995121462833
30,Goa,2017-11-01T00:00:00Z,25951,13476,11008,24484,0.94347038649763
31,Lakshadweep,2017-11-01T00:00:00Z,254,61,113,174,0.68503937007874
32,Kerala,2017-11-01T00:00:00Z,232586,139038,87866,226904,0.975570326674864
33,Tamil Nadu,2017-11-01T00:00:00Z,702649,428565,224450,653015,0.929361601596245
34,Puducherry,2017-11-01T00:00:00Z,15726,9554,5747,15301,0.972974691593539
35,Andaman and Nicobar Islands,2017-11-01T00:00:00Z,3971,676,2551,3227,0.812641651976832
36,Telangana,2017-11-01T00:00:00Z,237791,123033,96002,219035,0.921124012262869
37,Andhra Pradesh,2017-11-01T00:00:00Z,214751,129425,70862,200287,0.932647577892536
38,Ladakh,2017-11-01T00:00:00Z,,,,0,
97,Other Territory,2017-11-01T00:00:00Z,35,13,20,33,0.942857142857143
1,Jammu and Kashmir,2017-12-01T00:00:00Z,66074,42030,19780,61810,0.935466295365802
2,Himachal Pradesh,2017-12-01T00:00:00Z,60956,41404,15735,57139,0.937381061749459
3,Punjab,2017-12-01T00:00:00Z,254559,211686,34212,245898,0.965976453395873
4,Chandigarh,2017-12-01T00:00:00Z,24261,19033,4387,23420,0.96533531181732
5,Uttarakhand,2017-12-01T00:00:00Z,99756,58927,31355,90282,0.905028268976302
6,Haryana,2017-12-01T00:00:00Z,321480,240271,66376,306647,0.95386027124549
7,Delhi,2017-12-01T00:00:00Z,558644,400879,132872,533751,0.955440316194213
8,Rajasthan,2017-12-01T00:00:00Z,433360,314825,100690,415515,0.958821764814473
9,Uttar Pradesh,2017-12-01T00:00:00Z,847512,621454,171851,793305,0.936039843683629
10,Bihar,2017-12-01T00:00:00Z,219776,122495,73021,195516,0.889614880605708
11,Sikkim,2017-12-01T00:00:00Z,4003,2321,1437,3758,0.938795903072695
12,Arunachal Pradesh,2017-12-01T00:00:00Z,6705,2022,3770,5792,0.863832960477256
13,Nagaland,2017-12-01T00:00:00Z,4778,1260,2804,4064,0.850565089995814
14,Manipur,2017-12-01T00:00:00Z,7712,2101,4109,6210,0.805238589211618
15,Mizoram,2017-12-01T00:00:00Z,3748,1312,1883,3195,0.852454642475987
16,Tripura,2017-12-01T00:00:00Z,16864,8900,6447,15347,0.910045066413662
17,Meghalaya,2017-12-01T00:00:00Z,15398,6252,7130,13382,0.869073905702039
18,Assam,2017-12-01T00:00:00Z,114563,48429,48849,97278,0.849122316978431
19,West Bengal,2017-12-01T00:00:00Z,443892,294267,124925,419192,0.944355834302037
20,Jharkhand,2017-12-01T00:00:00Z,108087,70612,30334,100946,0.933932850389039
21,Odisha,2017-12-01T00:00:00Z,168723,97072,54494,151566,0.898312618907914
22,Chhattisgarh,2017-12-01T00:00:00Z,90937,48492,34615,83107,0.913896433794825
23,Madhya Pradesh,2017-12-01T00:00:00Z,286853,186782,82124,268906,0.937434853391807
24,Gujarat,2017-12-01T00:00:00Z,698869,524420,160001,684421,0.979326597688551
25,Daman and Diu,2017-12-01T00:00:00Z,5254,3438,1611,5049,0.960982108869433
26,Dadra and Nagar Haveli,2017-12-01T00:00:00Z,6809,4527,1919,6446,0.946688206785137
27,Maharashtra,2017-12-01T00:00:00Z,1094504,742207,319125,1061332,0.96969220761185
29,Karnataka,2017-12-01T00:00:00Z,556414,380553,142487,523040,0.940019481896573
30,Goa,2017-12-01T00:00:00Z,26231,15466,9225,24691,0.941290839083527
31,Lakshadweep,2017-12-01T00:00:00Z,253,67,100,167,0.660079051383399
32,Kerala,2017-12-01T00:00:00Z,234754,150254,78433,228687,0.974155924925667
33,Tamil Nadu,2017-12-01T00:00:00Z,712131,453712,204498,658210,0.924282189653308
34,Puducherry,2017-12-01T00:00:00Z,15975,9994,5475,15469,0.968325508607199
35,Andaman and Nicobar Islands,2017-12-01T00:00:00Z,4016,882,2359,3241,0.807021912350598
36,Telangana,2017-12-01T00:00:00Z,241225,137227,83968,221195,0.916965488651674
37,Andhra Pradesh,2017-12-01T00:00:00Z,215764,140154,61315,201469,0.933747056969652
38,Ladakh,2017-12-01T00:00:00Z,,,,0,
97,Other Territory,2017-12-01T00:00:00Z,36,22,13,35,0.972222222222222
1,Jammu and Kashmir,2018-01-01T00:00:00Z,68002,42155,21197,63352,0.931619658245346
2,Himachal Pradesh,2018-01-01T00:00:00Z,63084,42168,16690,58858,0.933009954980661
3,Punjab,2018-01-01T00:00:00Z,257888,208263,40183,248446,0.963387206849485
4,Chandigarh,2018-01-01T00:00:00Z,24572,18534,5089,23623,0.961378805144066
5,Uttarakhand,2018-01-01T00:00:00Z,102558,60515,31802,92317,0.900144308586361
6,Haryana,2018-01-01T00:00:00Z,329345,234939,78387,313326,0.951361034781157
7,Delhi,2018-01-01T00:00:00Z,570701,386553,155701,542254,0.950154283942029
8,Rajasthan,2018-01-01T00:00:00Z,442318,309691,112649,422340,0.954833400404234
9,Uttar Pradesh,2018-01-01T00:00:00Z,871836,620590,189342,809932,0.92899582031483
10,Bihar,2018-01-01T00:00:00Z,227120,126359,74259,200618,0.883312786192321
11,Sikkim,2018-01-01T00:00:00Z,4104,2296,1553,3849,0.937865497076023
12,Arunachal Pradesh,2018-01-01T00:00:00Z,6982,2222,3769,5991,0.858063592093956
13,Nagaland,2018-01-01T00:00:00Z,4855,1533,2559,4092,0.842842430484037
14,Manipur,2018-01-01T00:00:00Z,7971,2230,4145,6375,0.799774181407603
15,Mizoram,2018-01-01T00:00:00Z,3817,1558,1686,3244,0.849882106366256
16,Tripura,2018-01-01T00:00:00Z,17122,9277,6253,15530,0.907020207919636
17,Meghalaya,2018-01-01T00:00:00Z,15791,6482,7139,13621,0.862579950604775
18,Assam,2018-01-01T00:00:00Z,116010,50569,47558,98127,0.845849495733126
19,West Bengal,2018-01-01T00:00:00Z,453793,306431,120927,427358,0.941746567267455
20,Jharkhand,2018-01-01T00:00:00Z,111749,72363,31386,103749,0.928410992492103
21,Odisha,2018-01-01T00:00:00Z,174193,100133,55394,155527,0.89284299598721
22,Chhattisgarh,2018-01-01T00:00:00Z,92590,49384,34705,84089,0.908186629225618
23,Madhya Pradesh,2018-01-01T00:00:00Z,294248,185757,88648,274405,0.932563687773579
24,Gujarat,2018-01-01T00:00:00Z,712579,520899,175955,696854,0.97793227136921
25,Daman and Diu,2018-01-01T00:00:00Z,5330,3334,1759,5093,0.955534709193246
26,Dadra and Nagar Haveli,2018-01-01T00:00:00Z,6964,4365,2203,6568,0.943136128661689
27,Maharashtra,2018-01-01T00:00:00Z,1114066,724962,353134,1078096,0.967712864408392
29,Karnataka,2018-01-01T00:00:00Z,568190,380462,151207,531669,0.935723965574896
30,Goa,2018-01-01T00:00:00Z,26753,15607,9479,25086,0.937689231114268
31,Lakshadweep,2018-01-01T00:00:00Z,257,73,96,169,0.657587548638132
32,Kerala,2018-01-01T00:00:00Z,238699,142300,89757,232057,0.972174160763137
33,Tamil Nadu,2018-01-01T00:00:00Z,722496,458744,206154,664898,0.920279143413943
34,Puducherry,2018-01-01T00:00:00Z,16258,10082,5605,15687,0.964878828884242
35,Andaman and Nicobar Islands,2018-01-01T00:00:00Z,4109,919,2376,3295,0.801898272085666
36,Telangana,2018-01-01T00:00:00Z,247652,137576,88219,225795,0.911743091111721
37,Andhra Pradesh,2018-01-01T00:00:00Z,219257,141222,62888,204110,0.930916686810455
38,Ladakh,2018-01-01T00:00:00Z,,,,0,
97,Other Territory,2018-01-01T00:00:00Z,43,27,13,40,0.930232558139535
1,Jammu and Kashmir,2018-02-01T00:00:00Z,69822,42923,21866,64789,0.927916702472
2,Himachal Pradesh,2018-02-01T00:00:00Z,65105,43294,17384,60678,0.932002150372475
3,Punjab,2018-02-01T00:00:00Z,261849,209508,42302,251810,0.961661110029063
4,Chandigarh,2018-02-01T00:00:00Z,24962,18998,4967,23965,0.960059290120984
5,Uttarakhand,2018-02-01T00:00:00Z,105004,62029,32139,94168,0.896803931278808
6,Haryana,2018-02-01T00:00:00Z,337143,240084,80017,320101,0.949451716334019
7,Delhi,2018-02-01T00:00:00Z,582444,389890,161168,551058,0.946113274409214
8,Rajasthan,2018-02-01T00:00:00Z,449574,310935,117842,428777,0.953740652261919
9,Uttar Pradesh,2018-02-01T00:00:00Z,895908,630707,198360,829067,0.925393009103613
10,Bihar,2018-02-01T00:00:00Z,234730,125500,80561,206061,0.877863928769224
11,Sikkim,2018-02-01T00:00:00Z,4277,2380,1601,3981,0.930792611643675
12,Arunachal Pradesh,2018-02-01T00:00:00Z,7381,2406,3866,6272,0.849749356455765
13,Nagaland,2018-02-01T00:00:00Z,4849,1405,2644,4049,0.835017529387503
14,Manipur,2018-02-01T00:00:00Z,8210,2382,4111,6493,0.790864799025579
15,Mizoram,2018-02-01T00:00:00Z,3954,1641,1691,3332,0.842690945877592
16,Tripura,2018-02-01T00:00:00Z,17347,9247,6423,15670,0.903326223554505
17,Meghalaya,2018-02-01T00:00:00Z,15996,6623,7119,13742,0.859089772443111
18,Assam,2018-02-01T00:00:00Z,119071,50255,49557,99812,0.838256166488902
19,West Bengal,2018-02-01T00:00:00Z,463943,310097,125910,436007,0.939785706433765
20,Jharkhand,2018-02-01T00:00:00Z,115174,70747,35852,106599,0.92554743258027
21,Odisha,2018-02-01T00:00:00Z,178748,101524,57507,159031,0.889693870700651
22,Chhattisgarh,2018-02-01T00:00:00Z,93525,49195,35713,84908,0.907864207431168
23,Madhya Pradesh,2018-02-01T00:00:00Z,299740,183727,94993,278720,0.929872556215387
24,Gujarat,2018-02-01T00:00:00Z,723682,531204,176001,707205,0.977231712271412
25,Daman and Diu,2018-02-01T00:00:00Z,5406,3462,1702,5164,0.955234924158343
26,Dadra and Nagar Haveli,2018-02-01T00:00:00Z,7075,4517,2137,6654,0.940494699646643
27,Maharashtra,2018-02-01T00:00:00Z,1133258,741702,353264,1094966,0.966210695181503
29,Karnataka,2018-02-01T00:00:00Z,579378,380599,159350,539949,0.931945983451218
30,Goa,2018-02-01T00:00:00Z,27195,15535,9890,25425,0.934914506343078
31,Lakshadweep,2018-02-01T00:00:00Z,260,64,101,165,0.634615384615385
32,Kerala,2018-02-01T00:00:00Z,242006,140239,94826,235065,0.97131889292001
33,Tamil Nadu,2018-02-01T00:00:00Z,737038,461515,213433,674948,0.915757396497874
34,Puducherry,2018-02-01T00:00:00Z,16534,10324,5628,15952,0.964799806459417
35,Andaman and Nicobar Islands,2018-02-01T00:00:00Z,4182,911,2424,3335,0.797465327594452
36,Telangana,2018-02-01T00:00:00Z,253873,142081,88350,230431,0.907662492663655
37,Andhra Pradesh,2018-02-01T00:00:00Z,223004,138121,68839,206960,0.928055102150634
38,Ladakh,2018-02-01T00:00:00Z,,,,0,
97,Other Territory,2018-02-01T00:00:00Z,49,29,14,43,0.877551020408163
1,Jammu and Kashmir,2018-03-01T00:00:00Z,71741,41278,25075,66353,0.924896502697203
2,Himachal Pradesh,2018-03-01T00:00:00Z,67470,43082,19786,62868,0.931791907514451
3,Punjab,2018-03-01T00:00:00Z,264808,203351,51021,254372,0.960590314492009
4,Chandigarh,2018-03-01T00:00:00Z,25208,18533,5668,24201,0.960052364328785
5,Uttarakhand,2018-03-01T00:00:00Z,107596,60565,35817,96382,0.895776794676382
6,Haryana,2018-03-01T00:00:00Z,343982,234211,91726,325937,0.947540859696147
7,Delhi,2018-03-01T00:00:00Z,592372,379848,178229,558077,0.942105636323121
8,Rajasthan,2018-03-01T00:00:00Z,455889,291092,143457,434549,0.953190359934107
9,Uttar Pradesh,2018-03-01T00:00:00Z,913159,620120,225416,845536,0.925946083869293
10,Bihar,2018-03-01T00:00:00Z,238741,117767,91963,209730,0.87848337738386
11,Sikkim,2018-03-01T00:00:00Z,4449,2334,1795,4129,0.928073724432457
12,Arunachal Pradesh,2018-03-01T00:00:00Z,8072,2292,4494,6786,0.840683845391477
13,Nagaland,2018-03-01T00:00:00Z,4904,1430,2642,4072,0.830342577487765
14,Manipur,2018-03-01T00:00:00Z,8603,2704,4044,6748,0.784377542717657
15,Mizoram,2018-03-01T00:00:00Z,4048,1662,1721,3383,0.835721343873518
16,Tripura,2018-03-01T00:00:00Z,17562,8747,7075,15822,0.900922446190639
17,Meghalaya,2018-03-01T00:00:00Z,16327,7153,6832,13985,0.85655662399706
18,Assam,2018-03-01T00:00:00Z,122022,44666,57295,101961,0.835595220534002
19,West Bengal,2018-03-01T00:00:00Z,472982,298307,144993,443300,0.93724496915316
20,Jharkhand,2018-03-01T00:00:00Z,117217,66374,41901,108275,0.923714137027906
21,Odisha,2018-03-01T00:00:00Z,183516,96060,66205,162265,0.884200832624948
22,Chhattisgarh,2018-03-01T00:00:00Z,94349,43008,42491,85499,0.906199323787216
23,Madhya Pradesh,2018-03-01T00:00:00Z,304929,168076,114415,282491,0.926415657415333
24,Gujarat,2018-03-01T00:00:00Z,733311,516484,199492,715976,0.976360643710513
25,Daman and Diu,2018-03-01T00:00:00Z,5460,3309,1895,5204,0.953113553113553
26,Dadra and Nagar Haveli,2018-03-01T00:00:00Z,7150,4294,2418,6712,0.938741258741259
27,Maharashtra,2018-03-01T00:00:00Z,1148243,730896,377845,1108741,0.965597874317544
29,Karnataka,2018-03-01T00:00:00Z,590015,372103,175668,547771,0.928401820292705
30,Goa,2018-03-01T00:00:00Z,27578,15496,10222,25718,0.93255493509319
31,Lakshadweep,2018-03-01T00:00:00Z,265,63,109,172,0.649056603773585
32,Kerala,2018-03-01T00:00:00Z,245761,130090,108286,238376,0.969950480344725
33,Tamil Nadu,2018-03-01T00:00:00Z,750910,453857,230694,684551,0.911628557350415
34,Puducherry,2018-03-01T00:00:00Z,16887,10322,5920,16242,0.961804938710251
35,Andaman and Nicobar Islands,2018-03-01T00:00:00Z,4246,953,2416,3369,0.793452661328309
36,Telangana,2018-03-01T00:00:00Z,259182,140387,94045,234432,0.904507257448434
37,Andhra Pradesh,2018-03-01T00:00:00Z,226630,128969,81526,210495,0.928804659577285
38,Ladakh,2018-03-01T00:00:00Z,,,,0,
97,Other Territory,2018-03-01T00:00:00Z,49,26,17,43,0.877551020408163
1,Jammu and Kashmir,2018-04-01T00:00:00Z,72923,25835,41988,67823,0.930063217366263
2,Himachal Pradesh,2018-04-01T00:00:00Z,69050,31904,33356,65260,0.945112237509051
3,Punjab,2018-04-01T00:00:00Z,272274,114352,142856,257208,0.944666034950087
4,Chandigarh,2018-04-01T00:00:00Z,26258,11339,12984,24323,0.926308172747353
5,Uttarakhand,2018-04-01T00:00:00Z,111971,43545,54915,98460,0.879334827767904
6,Haryana,2018-04-01T00:00:00Z,360761,154097,177451,331548,0.919023952145603
7,Delhi,2018-04-01T00:00:00Z,623319,217422,345200,562622,0.902622894537147
8,Rajasthan,2018-04-01T00:00:00Z,468999,197238,242291,439529,0.937164045125896
9,Uttar Pradesh,2018-04-01T00:00:00Z,942586,450409,416723,867132,0.919950009866474
10,Bihar,2018-04-01T00:00:00Z,240037,80364,135926,216290,0.901069418464653
11,Sikkim,2018-04-01T00:00:00Z,4627,1580,2744,4324,0.934514804408904
12,Arunachal Pradesh,2018-04-01T00:00:00Z,8478,1756,5303,7059,0.832625619249823
13,Nagaland,2018-04-01T00:00:00Z,5114,888,3324,4212,0.823621431364881
14,Manipur,2018-04-01T00:00:00Z,8990,1670,5205,6875,0.764738598442714
15,Mizoram,2018-04-01T00:00:00Z,4276,1306,2138,3444,0.805425631431244
16,Tripura,2018-04-01T00:00:00Z,17899,7031,9174,16205,0.90535784122018
17,Meghalaya,2018-04-01T00:00:00Z,17088,6082,8480,14562,0.852176966292135
18,Assam,2018-04-01T00:00:00Z,126325,28557,75947,104504,0.827263012072037
19,West Bengal,2018-04-01T00:00:00Z,480142,213214,238628,451842,0.941059103348593
20,Jharkhand,2018-04-01T00:00:00Z,120029,41166,69304,110470,0.920360912779412
21,Odisha,2018-04-01T00:00:00Z,186559,75404,90367,165771,0.888571443886384
22,Chhattisgarh,2018-04-01T00:00:00Z,94342,25807,60649,86456,0.916410506455237
23,Madhya Pradesh,2018-04-01T00:00:00Z,307116,104736,182282,287018,0.934558928873781
24,Gujarat,2018-04-01T00:00:00Z,763767,321428,401523,722951,0.946559618312915
25,Daman and Diu,2018-04-01T00:00:00Z,5554,2005,3195,5200,0.936262153402953
26,Dadra and Nagar Haveli,2018-04-01T00:00:00Z,7237,2472,4302,6774,0.936023214038966
27,Maharashtra,2018-04-01T00:00:00Z,1232934,482101,635145,1117246,0.906168537813054
29,Karnataka,2018-04-01T00:00:00Z,617485,195567,356665,552232,0.894324558491299
30,Goa,2018-04-01T00:00:00Z,27947,9495,16288,25783,0.922567717465202
31,Lakshadweep,2018-04-01T00:00:00Z,269,32,141,173,0.643122676579926
32,Kerala,2018-04-01T00:00:00Z,252153,84905,154100,239005,0.947857055041979
33,Tamil Nadu,2018-04-01T00:00:00Z,812490,305086,385633,690719,0.850126155398836
34,Puducherry,2018-04-01T00:00:00Z,18797,6729,9635,16364,0.870564451774219
35,Andaman and Nicobar Islands,2018-04-01T00:00:00Z,4376,648,2733,3381,0.772623400365631
36,Telangana,2018-04-01T00:00:00Z,265527,92872,145427,238299,0.897456755810144
37,Andhra Pradesh,2018-04-01T00:00:00Z,240045,93259,119202,212461,0.885088212626799
38,Ladakh,2018-04-01T00:00:00Z,,,,0,
97,Other Territory,2018-04-01T00:00:00Z,54,17,29,46,0.851851851851852
1,Jammu and Kashmir,2018-05-01T00:00:00Z,75470,44513,24979,69492,0.92078971776865
2,Himachal Pradesh,2018-05-01T00:00:00Z,72862,48591,18815,67406,0.925118717575691
3,Punjab,2018-05-01T00:00:00Z,280783,217583,43641,261224,0.930341224361874
4,Chandigarh,2018-05-01T00:00:00Z,27036,19415,5287,24702,0.913670661340435
5,Uttarakhand,2018-05-01T00:00:00Z,115537,66131,34576,100707,0.871642850342315
6,Haryana,2018-05-01T00:00:00Z,372922,254189,84734,338923,0.908830801079046
7,Delhi,2018-05-01T00:00:00Z,639783,403765,167929,571694,0.893574852723502
8,Rajasthan,2018-05-01T00:00:00Z,489282,324757,123081,447838,0.915296291300314
9,Uttar Pradesh,2018-05-01T00:00:00Z,980551,674423,214859,889282,0.906920700708071
10,Bihar,2018-05-01T00:00:00Z,252071,134502,87807,222309,0.88193009112512
11,Sikkim,2018-05-01T00:00:00Z,4804,2588,1879,4467,0.92985012489592
12,Arunachal Pradesh,2018-05-01T00:00:00Z,8658,2591,4651,7242,0.836451836451836
13,Nagaland,2018-05-01T00:00:00Z,5254,1746,2621,4367,0.831176246669204
14,Manipur,2018-05-01T00:00:00Z,9148,3028,4032,7060,0.771753388718846
15,Mizoram,2018-05-01T00:00:00Z,4461,1870,1673,3543,0.794216543375925
16,Tripura,2018-05-01T00:00:00Z,18755,10424,6388,16812,0.896400959744068
17,Meghalaya,2018-05-01T00:00:00Z,18578,9011,6869,15880,0.854774464420282
18,Assam,2018-05-01T00:00:00Z,130935,54797,52708,107505,0.821056249283996
19,West Bengal,2018-05-01T00:00:00Z,500010,321596,139566,461162,0.922305553888922
20,Jharkhand,2018-05-01T00:00:00Z,124262,72001,41010,113011,0.909457436706314
21,Odisha,2018-05-01T00:00:00Z,195689,105290,64620,169910,0.868265462034146
22,Chhattisgarh,2018-05-01T00:00:00Z,98062,49453,38288,87741,0.894750260039567
23,Madhya Pradesh,2018-05-01T00:00:00Z,319200,193818,98424,292242,0.915545112781955
24,Gujarat,2018-05-01T00:00:00Z,790674,565218,169961,735179,0.929813045578835
25,Daman and Diu,2018-05-01T00:00:00Z,5631,3544,1717,5261,0.934292310424436
26,Dadra and Nagar Haveli,2018-05-01T00:00:00Z,7379,4494,2365,6859,0.929529746578127
27,Maharashtra,2018-05-01T00:00:00Z,1268548,771718,364099,1135817,0.895367774810256
29,Karnataka,2018-05-01T00:00:00Z,636289,395763,165020,560783,0.881333796435268
30,Goa,2018-05-01T00:00:00Z,28752,16053,10110,26163,0.90995409015025
31,Lakshadweep,2018-05-01T00:00:00Z,272,59,115,174,0.639705882352941
32,Kerala,2018-05-01T00:00:00Z,258924,150374,92843,243217,0.939337411750166
33,Tamil Nadu,2018-05-01T00:00:00Z,835051,490520,210945,701465,0.840026537301315
34,Puducherry,2018-05-01T00:00:00Z,19351,11037,5581,16618,0.858766988786109
35,Andaman and Nicobar Islands,2018-05-01T00:00:00Z,4455,1067,2356,3423,0.768350168350168
36,Telangana,2018-05-01T00:00:00Z,275203,150189,93143,243332,0.884190942685945
37,Andhra Pradesh,2018-05-01T00:00:00Z,247611,150291,65546,215837,0.871677752603883
38,Ladakh,2018-05-01T00:00:00Z,,,,0,
97,Other Territory,2018-05-01T00:00:00Z,56,31,16,47,0.839285714285714
1,Jammu and Kashmir,2018-06-01T00:00:00Z,77492,45901,24671,70572,0.910700459402261
2,Himachal Pradesh,2018-06-01T00:00:00Z,75206,48706,20108,68814,0.915006781373827
3,Punjab,2018-06-01T00:00:00Z,284602,215329,48749,264078,0.927885257306695
4,Chandigarh,2018-06-01T00:00:00Z,27243,19508,5465,24973,0.916675843335903
5,Uttarakhand,2018-06-01T00:00:00Z,118806,67038,35438,102476,0.862549029510294
6,Haryana,2018-06-01T00:00:00Z,381930,254451,89752,344203,0.90122011886995
7,Delhi,2018-06-01T00:00:00Z,653936,404902,174489,579391,0.886005664162854
8,Rajasthan,2018-06-01T00:00:00Z,500417,323793,130661,454454,0.9081506023976
9,Uttar Pradesh,2018-06-01T00:00:00Z,1006440,680700,222969,903669,0.897886610230118
10,Bihar,2018-06-01T00:00:00Z,260084,137946,88626,226572,0.871149320988604
11,Sikkim,2018-06-01T00:00:00Z,5002,2697,1883,4580,0.915633746501399
12,Arunachal Pradesh,2018-06-01T00:00:00Z,9000,2698,4683,7381,0.820111111111111
13,Nagaland,2018-06-01T00:00:00Z,5450,1834,2619,4453,0.817064220183486
14,Manipur,2018-06-01T00:00:00Z,9439,2891,4285,7176,0.760250026485857
15,Mizoram,2018-06-01T00:00:00Z,4577,1926,1678,3604,0.787415337557352
16,Tripura,2018-06-01T00:00:00Z,19474,10932,6355,17287,0.887696415733799
17,Meghalaya,2018-06-01T00:00:00Z,20216,10247,6857,17104,0.846062524732885
18,Assam,2018-06-01T00:00:00Z,136177,56914,53029,109943,0.807353664715774
19,West Bengal,2018-06-01T00:00:00Z,511502,332871,135587,468458,0.915847836372096
20,Jharkhand,2018-06-01T00:00:00Z,127212,73289,41461,114750,0.90203754362796
21,Odisha,2018-06-01T00:00:00Z,200801,107707,65224,172931,0.861205870488693
22,Chhattisgarh,2018-06-01T00:00:00Z,98284,50933,38132,89065,0.906200398844166
23,Madhya Pradesh,2018-06-01T00:00:00Z,322204,196216,100013,296229,0.919383372025177
24,Gujarat,2018-06-01T00:00:00Z,801034,563877,180397,744274,0.929141584502031
25,Daman and Diu,2018-06-01T00:00:00Z,5679,3499,1803,5302,0.933615073076246
26,Dadra and Nagar Haveli,2018-06-01T00:00:00Z,7494,4551,2380,6931,0.924873231918868
27,Maharashtra,2018-06-01T00:00:00Z,1291465,783942,366188,1150130,0.890562268431587
29,Karnataka,2018-06-01T00:00:00Z,650458,402115,166900,569015,0.874791300898751
30,Goa,2018-06-01T00:00:00Z,29346,16448,10056,26504,0.903155455598719
31,Lakshadweep,2018-06-01T00:00:00Z,277,60,115,175,0.631768953068592
32,Kerala,2018-06-01T00:00:00Z,263762,150902,95387,246289,0.933754672773182
33,Tamil Nadu,2018-06-01T00:00:00Z,852643,498870,210855,709725,0.832382368705308
34,Puducherry,2018-06-01T00:00:00Z,19723,11294,5457,16751,0.849312984840035
35,Andaman and Nicobar Islands,2018-06-01T00:00:00Z,4559,1207,2247,3454,0.757622285588945
36,Telangana,2018-06-01T00:00:00Z,282140,152268,95378,247646,0.877741546749841
37,Andhra Pradesh,2018-06-01T00:00:00Z,252576,151822,66760,218582,0.865410807044216
38,Ladakh,2018-06-01T00:00:00Z,,,,0,
97,Other Territory,2018-06-01T00:00:00Z,60,39,12,51,0.85
1,Jammu and Kashmir,2018-07-01T00:00:00Z,78995,49998,21808,71806,0.908994240141781
2,Himachal Pradesh,2018-07-01T00:00:00Z,76985,54820,15477,70297,0.913125933623433
3,Punjab,2018-07-01T00:00:00Z,287287,232762,33917,266679,0.928266855096123
4,Chandigarh,2018-07-01T00:00:00Z,27105,21142,3990,25132,0.927209002029146
5,Uttarakhand,2018-07-01T00:00:00Z,120793,75202,28772,103974,0.860761799110876
6,Haryana,2018-07-01T00:00:00Z,389114,280221,68337,348558,0.895773475125542
7,Delhi,2018-07-01T00:00:00Z,665507,446459,138738,585197,0.879325085987075
8,Rajasthan,2018-07-01T00:00:00Z,507666,359076,100267,459343,0.904813400936836
9,Uttar Pradesh,2018-07-01T00:00:00Z,1025384,742098,174891,916989,0.894288383668948
10,Bihar,2018-07-01T00:00:00Z,266099,158675,72493,231168,0.868729307513369
11,Sikkim,2018-07-01T00:00:00Z,5165,3182,1526,4708,0.911519845111326
12,Arunachal Pradesh,2018-07-01T00:00:00Z,9200,3260,4247,7507,0.815978260869565
13,Nagaland,2018-07-01T00:00:00Z,5613,2278,2291,4569,0.814003206841261
14,Manipur,2018-07-01T00:00:00Z,9686,4264,3037,7301,0.753768325418129
15,Mizoram,2018-07-01T00:00:00Z,4676,2202,1462,3664,0.783575705731394
16,Tripura,2018-07-01T00:00:00Z,20054,12784,5037,17821,0.888650643263189
17,Meghalaya,2018-07-01T00:00:00Z,21462,12237,5904,18141,0.845261392228124
18,Assam,2018-07-01T00:00:00Z,139635,66948,45384,112332,0.804468793640563
19,West Bengal,2018-07-01T00:00:00Z,521022,364490,111780,476270,0.914107273781146
20,Jharkhand,2018-07-01T00:00:00Z,129431,84966,31662,116628,0.901082430020629
21,Odisha,2018-07-01T00:00:00Z,205957,126142,50495,176637,0.857640187029331
22,Chhattisgarh,2018-07-01T00:00:00Z,99303,60697,29630,90327,0.909609981571554
23,Madhya Pradesh,2018-07-01T00:00:00Z,325000,224045,76102,300147,0.923529230769231
24,Gujarat,2018-07-01T00:00:00Z,811485,613437,138430,751867,0.926532221790914
25,Daman and Diu,2018-07-01T00:00:00Z,5745,3960,1390,5350,0.93124456048738
26,Dadra and Nagar Haveli,2018-07-01T00:00:00Z,7598,5003,2001,7004,0.921821531982101
27,Maharashtra,2018-07-01T00:00:00Z,1304709,858057,303521,1161578,0.890296610201968
29,Karnataka,2018-07-01T00:00:00Z,663657,444551,133581,578132,0.871130719633787
30,Goa,2018-07-01T00:00:00Z,29813,18214,8642,26856,0.900815080669507
31,Lakshadweep,2018-07-01T00:00:00Z,279,60,116,176,0.630824372759857
32,Kerala,2018-07-01T00:00:00Z,267922,146964,102642,249606,0.931636819671397
33,Tamil Nadu,2018-07-01T00:00:00Z,868359,547547,171728,719275,0.828315247495564
34,Puducherry,2018-07-01T00:00:00Z,19929,12401,4547,16948,0.850418987405289
35,Andaman and Nicobar Islands,2018-07-01T00:00:00Z,4602,1463,2006,3469,0.753802694480661
36,Telangana,2018-07-01T00:00:00Z,288291,172595,79776,252371,0.87540367198421
37,Andhra Pradesh,2018-07-01T00:00:00Z,256692,171406,50449,221855,0.86428482383557
38,Ladakh,2018-07-01T00:00:00Z,,,,0,
97,Other Territory,2018-07-01T00:00:00Z,62,44,9,53,0.854838709677419
1,Jammu and Kashmir,2018-08-01T00:00:00Z,80214,47009,25858,72867,0.908407509910988
2,Himachal Pradesh,2018-08-01T00:00:00Z,78385,48848,22526,71374,0.910556866747464
3,Punjab,2018-08-01T00:00:00Z,289432,212773,56370,269143,0.929900632963874
4,Chandigarh,2018-08-01T00:00:00Z,27027,18479,6798,25277,0.935249935249935
5,Uttarakhand,2018-08-01T00:00:00Z,122691,68074,37328,105402,0.859085018461012
6,Haryana,2018-08-01T00:00:00Z,396878,244035,109792,353827,0.891525859332087
7,Delhi,2018-08-01T00:00:00Z,676767,394582,197136,591718,0.874330456420009
8,Rajasthan,2018-08-01T00:00:00Z,515229,319734,145517,465251,0.902998472523868
9,Uttar Pradesh,2018-08-01T00:00:00Z,1044299,676291,254575,930866,0.891378810091746
10,Bihar,2018-08-01T00:00:00Z,271330,144832,90212,235044,0.866266170346073
11,Sikkim,2018-08-01T00:00:00Z,5413,2892,2013,4905,0.906151856641419
12,Arunachal Pradesh,2018-08-01T00:00:00Z,9390,2915,4725,7640,0.813631522896699
13,Nagaland,2018-08-01T00:00:00Z,5760,2104,2573,4677,0.811979166666667
14,Manipur,2018-08-01T00:00:00Z,9887,3715,3666,7381,0.746535855163346
15,Mizoram,2018-08-01T00:00:00Z,4739,2069,1644,3713,0.783498628402617
16,Tripura,2018-08-01T00:00:00Z,20636,11878,6407,18285,0.886072882341539
17,Meghalaya,2018-08-01T00:00:00Z,22076,11601,7008,18609,0.842951621670593
18,Assam,2018-08-01T00:00:00Z,142710,58301,56000,114301,0.800931959918716
19,West Bengal,2018-08-01T00:00:00Z,529985,329185,154192,483377,0.912057888430805
20,Jharkhand,2018-08-01T00:00:00Z,131933,76030,42463,118493,0.898130111495987
21,Odisha,2018-08-01T00:00:00Z,211137,109068,71095,180163,0.853299042801593
22,Chhattisgarh,2018-08-01T00:00:00Z,100790,51304,40157,91461,0.907441214406191
23,Madhya Pradesh,2018-08-01T00:00:00Z,327986,196206,107871,304077,0.92710359588519
24,Gujarat,2018-08-01T00:00:00Z,819064,556651,204461,761112,0.929246066241466
25,Daman and Diu,2018-08-01T00:00:00Z,5805,3362,2040,5402,0.930577088716624
26,Dadra and Nagar Haveli,2018-08-01T00:00:00Z,7702,4320,2756,7076,0.918722409763698
27,Maharashtra,2018-08-01T00:00:00Z,1322652,728353,444910,1173263,0.887053435068333
29,Karnataka,2018-08-01T00:00:00Z,677316,402088,185231,587319,0.867127013092855
30,Goa,2018-08-01T00:00:00Z,30274,15660,11549,27209,0.898758010173747
31,Lakshadweep,2018-08-01T00:00:00Z,280,59,116,175,0.625
32,Kerala,2018-08-01T00:00:00Z,271146,107133,145060,252193,0.930100388720468
33,Tamil Nadu,2018-08-01T00:00:00Z,879806,497659,229867,727526,0.826916388385621
34,Puducherry,2018-08-01T00:00:00Z,20172,10882,6189,17071,0.846272060281578
35,Andaman and Nicobar Islands,2018-08-01T00:00:00Z,4626,1167,2323,3490,0.754431474275832
36,Telangana,2018-08-01T00:00:00Z,293969,144053,112574,256627,0.87297300055448
37,Andhra Pradesh,2018-08-01T00:00:00Z,257705,146891,78552,225443,0.874810345162104
38,Ladakh,2018-08-01T00:00:00Z,,,,0,
97,Other Territory,2018-08-01T00:00:00Z,62,37,15,52,0.838709677419355
1,Jammu and Kashmir,2018-09-01T00:00:00Z,81069,50507,23192,73699,0.909089787711702
2,Himachal Pradesh,2018-09-01T00:00:00Z,79070,54882,17328,72210,0.913241431642848
3,Punjab,2018-09-01T00:00:00Z,289976,228333,42491,270824,0.933953154743841
4,Chandigarh,2018-09-01T00:00:00Z,27051,20876,4559,25435,0.940260988503198
5,Uttarakhand,2018-09-01T00:00:00Z,122477,76925,29747,106672,0.870955363047756
6,Haryana,2018-09-01T00:00:00Z,399083,278671,79598,358269,0.897730547279639
7,Delhi,2018-09-01T00:00:00Z,674957,441412,155655,597067,0.884600056003568
8,Rajasthan,2018-09-01T00:00:00Z,511436,360304,110350,470654,0.920259817455166
9,Uttar Pradesh,2018-09-01T00:00:00Z,1050898,755637,187458,943095,0.897418208046832
10,Bihar,2018-09-01T00:00:00Z,274935,158657,80251,238908,0.868961754596541
11,Sikkim,2018-09-01T00:00:00Z,5567,3198,1866,5064,0.909646128974313
12,Arunachal Pradesh,2018-09-01T00:00:00Z,9574,3382,4380,7762,0.810737413829121
13,Nagaland,2018-09-01T00:00:00Z,5857,2383,2352,4735,0.808434352057367
14,Manipur,2018-09-01T00:00:00Z,9988,4239,3212,7451,0.74599519423308
15,Mizoram,2018-09-01T00:00:00Z,4810,2315,1457,3772,0.784199584199584
16,Tripura,2018-09-01T00:00:00Z,21050,12766,5833,18599,0.883562945368171
17,Meghalaya,2018-09-01T00:00:00Z,22408,12811,6007,18818,0.839789360942521
18,Assam,2018-09-01T00:00:00Z,144015,62978,52705,115683,0.803270492657015
19,West Bengal,2018-09-01T00:00:00Z,536002,355979,132912,488891,0.912106671243764
20,Jharkhand,2018-09-01T00:00:00Z,133208,83320,36529,119849,0.89971323043661
21,Odisha,2018-09-01T00:00:00Z,214949,126293,56755,183048,0.851588051119103
22,Chhattisgarh,2018-09-01T00:00:00Z,101382,59609,32790,92399,0.911394527628179
23,Madhya Pradesh,2018-09-01T00:00:00Z,328946,220025,87637,307662,0.935296370832903
24,Gujarat,2018-09-01T00:00:00Z,823883,614476,153420,767896,0.932044962694946
25,Daman and Diu,2018-09-01T00:00:00Z,5864,3886,1554,5440,0.927694406548431
26,Dadra and Nagar Haveli,2018-09-01T00:00:00Z,7783,5028,2101,7129,0.915970705383528
27,Maharashtra,2018-09-01T00:00:00Z,1322160,847451,336074,1183525,0.895145065650148
29,Karnataka,2018-09-01T00:00:00Z,682420,444087,150797,594884,0.87172708888954
30,Goa,2018-09-01T00:00:00Z,30576,18211,9261,27472,0.898482469911041
31,Lakshadweep,2018-09-01T00:00:00Z,281,66,111,177,0.629893238434164
32,Kerala,2018-09-01T00:00:00Z,273181,167335,87398,254733,0.932469681273588
33,Tamil Nadu,2018-09-01T00:00:00Z,882248,548063,187211,735274,0.833409653521459
34,Puducherry,2018-09-01T00:00:00Z,20242,12663,4523,17186,0.849026776010276
35,Andaman and Nicobar Islands,2018-09-01T00:00:00Z,4663,1379,2131,3510,0.752734291228823
36,Telangana,2018-09-01T00:00:00Z,298180,170367,90060,260427,0.8733885572473
37,Andhra Pradesh,2018-09-01T00:00:00Z,256988,160692,67719,228411,0.888800255264837
38,Ladakh,2018-09-01T00:00:00Z,,,,0,
97,Other Territory,2018-09-01T00:00:00Z,62,48,3,51,0.82258064516129
1,Jammu and Kashmir,2018-10-01T00:00:00Z,82347,48213,26439,74652,0.906553972822325
2,Himachal Pradesh,2018-10-01T00:00:00Z,80106,52335,21084,73419,0.91652310688338
3,Punjab,2018-10-01T00:00:00Z,291913,216623,56459,273082,0.935491053841384
4,Chandigarh,2018-10-01T00:00:00Z,27070,19409,6281,25690,0.949021056520133
5,Uttarakhand,2018-10-01T00:00:00Z,123042,69251,38753,108004,0.877781570520635
6,Haryana,2018-10-01T00:00:00Z,405863,255866,106410,362276,0.89260661848949
7,Delhi,2018-10-01T00:00:00Z,682591,400791,200946,601737,0.88154839428003
8,Rajasthan,2018-10-01T00:00:00Z,520284,331550,143314,474864,0.912701524551976
9,Uttar Pradesh,2018-10-01T00:00:00Z,1062525,701749,256092,957841,0.901476200559987
10,Bihar,2018-10-01T00:00:00Z,280869,143889,99922,243811,0.868059486807017
11,Sikkim,2018-10-01T00:00:00Z,5796,3006,2247,5253,0.906314699792961
12,Arunachal Pradesh,2018-10-01T00:00:00Z,9762,3097,4785,7882,0.807416513009629
13,Nagaland,2018-10-01T00:00:00Z,5986,2160,2671,4831,0.807049782826595
14,Manipur,2018-10-01T00:00:00Z,10094,3756,3779,7535,0.746483059243115
15,Mizoram,2018-10-01T00:00:00Z,4912,2112,1763,3875,0.788884364820847
16,Tripura,2018-10-01T00:00:00Z,21400,12608,6224,18832,0.88
17,Meghalaya,2018-10-01T00:00:00Z,22678,12112,6828,18940,0.835170649969133
18,Assam,2018-10-01T00:00:00Z,146365,60479,56498,116977,0.799214293034537
19,West Bengal,2018-10-01T00:00:00Z,543072,345509,148506,494015,0.909667594720405
20,Jharkhand,2018-10-01T00:00:00Z,135208,77173,44525,121698,0.900079876930359
21,Odisha,2018-10-01T00:00:00Z,218841,120935,65109,186044,0.850133201730937
22,Chhattisgarh,2018-10-01T00:00:00Z,101856,51189,42293,93482,0.91778589381087
23,Madhya Pradesh,2018-10-01T00:00:00Z,332480,200845,111141,311986,0.938360202117421
24,Gujarat,2018-10-01T00:00:00Z,827687,547550,226172,773722,0.934800232455022
25,Daman and Diu,2018-10-01T00:00:00Z,5907,3472,2021,5493,0.929913661757237
26,Dadra and Nagar Haveli,2018-10-01T00:00:00Z,7895,4492,2710,7202,0.91222292590247
27,Maharashtra,2018-10-01T00:00:00Z,1336822,783560,409230,1192790,0.892257907185848
29,Karnataka,2018-10-01T00:00:00Z,691854,417683,185361,603044,0.87163476687278
30,Goa,2018-10-01T00:00:00Z,30975,16857,10890,27747,0.895786924939467
31,Lakshadweep,2018-10-01T00:00:00Z,284,57,122,179,0.630281690140845
32,Kerala,2018-10-01T00:00:00Z,276472,142046,115255,257301,0.930658439190949
33,Tamil Nadu,2018-10-01T00:00:00Z,877145,500862,242214,743076,0.847152979267966
34,Puducherry,2018-10-01T00:00:00Z,20402,11218,6141,17359,0.850847956082737
35,Andaman and Nicobar Islands,2018-10-01T00:00:00Z,4719,1191,2348,3539,0.749947022674295
36,Telangana,2018-10-01T00:00:00Z,302892,161549,102624,264173,0.872168957912391
37,Andhra Pradesh,2018-10-01T00:00:00Z,259488,157429,74785,232214,0.894893020101122
38,Ladakh,2018-10-01T00:00:00Z,,,,0,
97,Other Territory,2018-10-01T00:00:00Z,62,42,8,50,0.806451612903226
1,Jammu and Kashmir,2018-11-01T00:00:00Z,83494,50329,24509,74838,0.896327879847654
2,Himachal Pradesh,2018-11-01T00:00:00Z,81318,54809,18867,73676,0.906023266681424
3,Punjab,2018-11-01T00:00:00Z,293460,222370,51070,273440,0.931779458870033
4,Chandigarh,2018-11-01T00:00:00Z,27088,20036,5624,25660,0.947282929710573
5,Uttarakhand,2018-11-01T00:00:00Z,123517,74326,33129,107455,0.869961219913048
6,Haryana,2018-11-01T00:00:00Z,411169,269657,93544,363201,0.883337508421112
7,Delhi,2018-11-01T00:00:00Z,691377,426402,173115,599517,0.867134718106041
8,Rajasthan,2018-11-01T00:00:00Z,524911,355301,119107,474408,0.903787499214153
9,Uttar Pradesh,2018-11-01T00:00:00Z,1073550,737803,218687,956490,0.89095989939919
10,Bihar,2018-11-01T00:00:00Z,283871,159756,83189,242945,0.855828880019446
11,Sikkim,2018-11-01T00:00:00Z,6001,3269,2128,5397,0.899350108315281
12,Arunachal Pradesh,2018-11-01T00:00:00Z,9940,3374,4500,7874,0.79215291750503
13,Nagaland,2018-11-01T00:00:00Z,6045,2350,2509,4859,0.803804797353184
14,Manipur,2018-11-01T00:00:00Z,10242,3760,3777,7537,0.735891427455575
15,Mizoram,2018-11-01T00:00:00Z,5025,2211,1733,3944,0.784875621890547
16,Tripura,2018-11-01T00:00:00Z,21800,13282,5648,18930,0.868348623853211
17,Meghalaya,2018-11-01T00:00:00Z,22963,12255,6681,18936,0.824630928014632
18,Assam,2018-11-01T00:00:00Z,148564,65336,51185,116521,0.784315177297326
19,West Bengal,2018-11-01T00:00:00Z,550247,366358,129112,495470,0.900450161472939
20,Jharkhand,2018-11-01T00:00:00Z,137094,82956,38816,121772,0.888237267860009
21,Odisha,2018-11-01T00:00:00Z,222034,127070,58853,185923,0.83736274624607
22,Chhattisgarh,2018-11-01T00:00:00Z,101556,57598,35538,93136,0.917090078380401
23,Madhya Pradesh,2018-11-01T00:00:00Z,334405,218058,93760,311818,0.932456153466605
24,Gujarat,2018-11-01T00:00:00Z,833066,603739,170617,774356,0.929525391745672
25,Daman and Diu,2018-11-01T00:00:00Z,5920,3647,1831,5478,0.925337837837838
26,Dadra and Nagar Haveli,2018-11-01T00:00:00Z,7953,4772,2424,7196,0.904815792782598
27,Maharashtra,2018-11-01T00:00:00Z,1349209,839408,349871,1189279,0.881463879947436
29,Karnataka,2018-11-01T00:00:00Z,698331,440879,162981,603860,0.864718879728954
30,Goa,2018-11-01T00:00:00Z,31465,17280,10666,27946,0.888161449229302
31,Lakshadweep,2018-11-01T00:00:00Z,284,68,107,175,0.616197183098592
32,Kerala,2018-11-01T00:00:00Z,279758,161244,97458,258702,0.924734949492061
33,Tamil Nadu,2018-11-01T00:00:00Z,875890,536845,204982,741827,0.846940825902796
34,Puducherry,2018-11-01T00:00:00Z,20463,11813,5437,17250,0.842984899574842
35,Andaman and Nicobar Islands,2018-11-01T00:00:00Z,4722,1273,2219,3492,0.739517153748412
36,Telangana,2018-11-01T00:00:00Z,305036,173665,90712,264377,0.866707536159666
37,Andhra Pradesh,2018-11-01T00:00:00Z,264815,167020,67478,234498,0.885516303834753
38,Ladakh,2018-11-01T00:00:00Z,,,,0,
97,Other Territory,2018-11-01T00:00:00Z,62,42,7,49,0.790322580645161
1,Jammu and Kashmir,2018-12-01T00:00:00Z,84692,52012,23675,75687,0.893673546497898
2,Himachal Pradesh,2018-12-01T00:00:00Z,82700,54247,20475,74722,0.903530834340992
3,Punjab,2018-12-01T00:00:00Z,294776,221141,54278,275419,0.934333188590659
4,Chandigarh,2018-12-01T00:00:00Z,27347,19856,6006,25862,0.945697882765934
5,Uttarakhand,2018-12-01T00:00:00Z,123658,74438,34399,108837,0.880145239289007
6,Haryana,2018-12-01T00:00:00Z,416803,268109,99513,367622,0.88200420822307
7,Delhi,2018-12-01T00:00:00Z,700345,422173,181876,604049,0.86250205255981
8,Rajasthan,2018-12-01T00:00:00Z,530594,351397,127464,478861,0.902499839802184
9,Uttar Pradesh,2018-12-01T00:00:00Z,1080975,734114,233168,967282,0.894823654571105
10,Bihar,2018-12-01T00:00:00Z,287360,164682,82599,247281,0.860526865256125
11,Sikkim,2018-12-01T00:00:00Z,6197,3349,2197,5546,0.894949168952719
12,Arunachal Pradesh,2018-12-01T00:00:00Z,10144,3285,4698,7983,0.786967665615142
13,Nagaland,2018-12-01T00:00:00Z,6085,2169,2704,4873,0.800821692686935
14,Manipur,2018-12-01T00:00:00Z,10385,3559,4048,7607,0.732498796340876
15,Mizoram,2018-12-01T00:00:00Z,5062,2090,1897,3987,0.787633346503358
16,Tripura,2018-12-01T00:00:00Z,22208,13173,6028,19201,0.864598342939481
17,Meghalaya,2018-12-01T00:00:00Z,23182,11614,7390,19004,0.819773962557156
18,Assam,2018-12-01T00:00:00Z,150627,62413,55062,117475,0.779906656841071
19,West Bengal,2018-12-01T00:00:00Z,558638,364619,137210,501829,0.898308027738894
20,Jharkhand,2018-12-01T00:00:00Z,139370,84088,39523,123611,0.886926885269427
21,Odisha,2018-12-01T00:00:00Z,223141,126902,61496,188398,0.844300240655012
22,Chhattisgarh,2018-12-01T00:00:00Z,101564,55863,37900,93763,0.923191288251743
23,Madhya Pradesh,2018-12-01T00:00:00Z,335747,216039,98651,314690,0.937283132835141
24,Gujarat,2018-12-01T00:00:00Z,838229,594756,188030,782786,0.933856977031336
25,Daman and Diu,2018-12-01T00:00:00Z,5942,3560,1942,5502,0.92595085829687
26,Dadra and Nagar Haveli,2018-12-01T00:00:00Z,7963,4719,2556,7275,0.913600401858596
27,Maharashtra,2018-12-01T00:00:00Z,1349417,830474,371062,1201536,0.89041119238901
29,Karnataka,2018-12-01T00:00:00Z,700400,436829,175087,611916,0.873666476299258
30,Goa,2018-12-01T00:00:00Z,31956,17446,10837,28283,0.885060708474152
31,Lakshadweep,2018-12-01T00:00:00Z,203,70,88,158,0.778325123152709
32,Kerala,2018-12-01T00:00:00Z,281909,157990,102818,260808,0.925149605014384
33,Tamil Nadu,2018-12-01T00:00:00Z,865402,500468,247623,748091,0.864443345404795
34,Puducherry,2018-12-01T00:00:00Z,20448,10979,6334,17313,0.84668427230047
35,Andaman and Nicobar Islands,2018-12-01T00:00:00Z,4471,1263,2230,3493,0.78125698948781
36,Telangana,2018-12-01T00:00:00Z,305678,169651,97388,267039,0.873595744541642
37,Andhra Pradesh,2018-12-01T00:00:00Z,268317,159880,77991,237871,0.886529739077286
38,Ladakh,2018-12-01T00:00:00Z,,,,0,
97,Other Territory,2018-12-01T00:00:00Z,62,39,10,49,0.790322580645161
1,Jammu and Kashmir,2019-01-01T00:00:00Z,86258,38272,38519,76791,0.890247861067959
2,Himachal Pradesh,2019-01-01T00:00:00Z,84114,50257,25444,75701,0.899980978196257
3,Punjab,2019-01-01T00:00:00Z,297867,194747,82332,277079,0.930210463059016
4,Chandigarh,2019-01-01T00:00:00Z,27519,17279,8638,25917,0.941785675351575
5,Uttarakhand,2019-01-01T00:00:00Z,124350,68508,41625,110133,0.885669481302775
6,Haryana,2019-01-01T00:00:00Z,418669,238314,131223,369537,0.882647150851866
7,Delhi,2019-01-01T00:00:00Z,710945,378344,229699,608043,0.855260252199537
8,Rajasthan,2019-01-01T00:00:00Z,538347,321323,162514,483837,0.89874560460075
9,Uttar Pradesh,2019-01-01T00:00:00Z,1090269,654207,321352,975559,0.894787433193093
10,Bihar,2019-01-01T00:00:00Z,294065,151961,100104,252065,0.857174434223726
11,Sikkim,2019-01-01T00:00:00Z,6390,2998,2663,5661,0.885915492957747
12,Arunachal Pradesh,2019-01-01T00:00:00Z,10345,3283,4795,8078,0.780860318994683
13,Nagaland,2019-01-01T00:00:00Z,6118,2151,2759,4910,0.802549852893102
14,Manipur,2019-01-01T00:00:00Z,10603,3294,4396,7690,0.725266434028105
15,Mizoram,2019-01-01T00:00:00Z,5081,2138,1893,4031,0.793347766187758
16,Tripura,2019-01-01T00:00:00Z,22621,12580,6839,19419,0.858450112727112
17,Meghalaya,2019-01-01T00:00:00Z,23430,11396,7694,19090,0.814767392232181
18,Assam,2019-01-01T00:00:00Z,152840,59330,58970,118300,0.774012038733316
19,West Bengal,2019-01-01T00:00:00Z,568213,343480,164911,508391,0.894719057818107
20,Jharkhand,2019-01-01T00:00:00Z,141663,75782,49370,125152,0.883448748085245
21,Odisha,2019-01-01T00:00:00Z,220757,119357,71338,190695,0.863823117726731
22,Chhattisgarh,2019-01-01T00:00:00Z,99909,51529,42976,94505,0.945910778808716
23,Madhya Pradesh,2019-01-01T00:00:00Z,338656,199418,118603,318021,0.939067962770481
24,Gujarat,2019-01-01T00:00:00Z,846900,571108,217549,788657,0.931228008029283
25,Daman and Diu,2019-01-01T00:00:00Z,5969,3322,2184,5506,0.922432568269392
26,Dadra and Nagar Haveli,2019-01-01T00:00:00Z,8057,4422,2890,7312,0.907533821521658
27,Maharashtra,2019-01-01T00:00:00Z,1347780,750943,460587,1211530,0.898907833622698
29,Karnataka,2019-01-01T00:00:00Z,698615,406813,212559,619372,0.886571287475935
30,Goa,2019-01-01T00:00:00Z,32499,16216,12446,28662,0.881934828763962
31,Lakshadweep,2019-01-01T00:00:00Z,197,59,96,155,0.786802030456853
32,Kerala,2019-01-01T00:00:00Z,285037,143591,119196,262787,0.921939958672032
33,Tamil Nadu,2019-01-01T00:00:00Z,863602,500278,252677,752955,0.871877323118751
34,Puducherry,2019-01-01T00:00:00Z,20536,10136,7167,17303,0.842569146864044
35,Andaman and Nicobar Islands,2019-01-01T00:00:00Z,4344,1282,2199,3481,0.80133517495396
36,Telangana,2019-01-01T00:00:00Z,308055,161704,107780,269484,0.874791839119638
37,Andhra Pradesh,2019-01-01T00:00:00Z,271955,156149,83920,240069,0.882752661285875
38,Ladakh,2019-01-01T00:00:00Z,,,,0,
97,Other Territory,2019-01-01T00:00:00Z,64,30,21,51,0.796875
1,Jammu and Kashmir,2019-02-01T00:00:00Z,87367,58457,19104,77561,0.887760825025467
2,Himachal Pradesh,2019-02-01T00:00:00Z,85293,61666,14915,76581,0.897857971932046
3,Punjab,2019-02-01T00:00:00Z,300089,243210,35508,278718,0.928784460610019
4,Chandigarh,2019-02-01T00:00:00Z,27639,21889,4114,26003,0.940808278157676
5,Uttarakhand,2019-02-01T00:00:00Z,126171,82580,28906,111486,0.883610338350334
6,Haryana,2019-02-01T00:00:00Z,419885,295280,76784,372064,0.886109291829906
7,Delhi,2019-02-01T00:00:00Z,719691,466283,145956,612239,0.850697035255408
8,Rajasthan,2019-02-01T00:00:00Z,545177,388285,100786,489071,0.89708663424906
9,Uttar Pradesh,2019-02-01T00:00:00Z,1099973,786853,196026,982879,0.893548296185452
10,Bihar,2019-02-01T00:00:00Z,298702,180476,75464,255940,0.856840596982946
11,Sikkim,2019-02-01T00:00:00Z,6600,3875,1946,5821,0.881969696969697
12,Arunachal Pradesh,2019-02-01T00:00:00Z,10561,3991,4193,8184,0.774926616797652
13,Nagaland,2019-02-01T00:00:00Z,6243,2765,2237,5002,0.801217363447061
14,Manipur,2019-02-01T00:00:00Z,10741,4498,3219,7717,0.718461968159389
15,Mizoram,2019-02-01T00:00:00Z,5100,2613,1494,4107,0.805294117647059
16,Tripura,2019-02-01T00:00:00Z,22940,14877,4724,19601,0.854446381865737
17,Meghalaya,2019-02-01T00:00:00Z,23576,13571,5568,19139,0.811800135731252
18,Assam,2019-02-01T00:00:00Z,154902,73047,46411,119458,0.771184361725478
19,West Bengal,2019-02-01T00:00:00Z,575661,400044,113626,513670,0.892313358035372
20,Jharkhand,2019-02-01T00:00:00Z,143606,89545,36952,126497,0.880861523891759
21,Odisha,2019-02-01T00:00:00Z,218783,143361,49105,192466,0.879711860610742
22,Chhattisgarh,2019-02-01T00:00:00Z,100881,62422,32834,95256,0.944241234722098
23,Madhya Pradesh,2019-02-01T00:00:00Z,341978,242399,78483,320882,0.938311821228266
24,Gujarat,2019-02-01T00:00:00Z,854421,661347,134157,795504,0.931044531911084
25,Daman and Diu,2019-02-01T00:00:00Z,5972,4042,1460,5502,0.921299397186872
26,Dadra and Nagar Haveli,2019-02-01T00:00:00Z,8066,5517,1832,7349,0.911108356062485
27,Maharashtra,2019-02-01T00:00:00Z,1364152,927675,293469,1221144,0.895167107477759
29,Karnataka,2019-02-01T00:00:00Z,701194,503036,123238,626274,0.893153677869463
30,Goa,2019-02-01T00:00:00Z,32886,19796,9114,28910,0.879097488292891
31,Lakshadweep,2019-02-01T00:00:00Z,202,82,77,159,0.787128712871287
32,Kerala,2019-02-01T00:00:00Z,287794,192669,72071,264740,0.91989409091225
33,Tamil Nadu,2019-02-01T00:00:00Z,853803,603737,156022,759759,0.889852811479932
34,Puducherry,2019-02-01T00:00:00Z,20618,13304,4108,17412,0.844504801629644
35,Andaman and Nicobar Islands,2019-02-01T00:00:00Z,4029,1490,1971,3461,0.859022089848598
36,Telangana,2019-02-01T00:00:00Z,313476,199345,73451,272796,0.870229299850706
37,Andhra Pradesh,2019-02-01T00:00:00Z,276045,189178,53614,242792,0.879537756525204
38,Ladakh,2019-02-01T00:00:00Z,,,,0,
97,Other Territory,2019-02-01T00:00:00Z,66,49,3,52,0.787878787878788
1,Jammu and Kashmir,2019-03-01T00:00:00Z,88878,42179,36322,78501,0.883244447444812
2,Himachal Pradesh,2019-03-01T00:00:00Z,86666,47265,30234,77499,0.894226109431611
3,Punjab,2019-03-01T00:00:00Z,302783,180946,99758,280704,0.927079789816469
4,Chandigarh,2019-03-01T00:00:00Z,27600,16890,9195,26085,0.945108695652174
5,Uttarakhand,2019-03-01T00:00:00Z,128280,65668,47268,112936,0.880386654193951
6,Haryana,2019-03-01T00:00:00Z,421476,227071,147793,374864,0.88940770055709
7,Delhi,2019-03-01T00:00:00Z,730364,350449,266659,617108,0.844932116040769
8,Rajasthan,2019-03-01T00:00:00Z,551432,283715,209648,493363,0.894694178067287
9,Uttar Pradesh,2019-03-01T00:00:00Z,1108438,611866,378163,990029,0.893174900174841
10,Bihar,2019-03-01T00:00:00Z,304255,133011,125432,258443,0.849428932967412
11,Sikkim,2019-03-01T00:00:00Z,6793,3009,2956,5965,0.878109818931253
12,Arunachal Pradesh,2019-03-01T00:00:00Z,10737,2524,5813,8337,0.776473875384186
13,Nagaland,2019-03-01T00:00:00Z,6354,1992,3066,5058,0.796033994334278
14,Manipur,2019-03-01T00:00:00Z,10929,2891,4861,7752,0.709305517430689
15,Mizoram,2019-03-01T00:00:00Z,5225,2069,2126,4195,0.802870813397129
16,Tripura,2019-03-01T00:00:00Z,23427,10288,9616,19904,0.84961796218039
17,Meghalaya,2019-03-01T00:00:00Z,23703,11005,8218,19223,0.81099438889592
18,Assam,2019-03-01T00:00:00Z,157244,47303,73010,120313,0.765135712650403
19,West Bengal,2019-03-01T00:00:00Z,582519,309372,208882,518254,0.889677418247302
20,Jharkhand,2019-03-01T00:00:00Z,146064,64816,62925,127741,0.874554989593603
21,Odisha,2019-03-01T00:00:00Z,218115,111427,82434,193861,0.888801778878115
22,Chhattisgarh,2019-03-01T00:00:00Z,102281,41207,54723,95930,0.937906356019202
23,Madhya Pradesh,2019-03-01T00:00:00Z,346732,163377,160604,323981,0.9343844813862
24,Gujarat,2019-03-01T00:00:00Z,864165,521541,281086,802627,0.928789062273987
25,Daman and Diu,2019-03-01T00:00:00Z,6007,3112,2415,5527,0.920093224571334
26,Dadra and Nagar Haveli,2019-03-01T00:00:00Z,8172,4090,3314,7404,0.906020558002937
27,Maharashtra,2019-03-01T00:00:00Z,1384075,718062,511392,1229454,0.888285678160504
29,Karnataka,2019-03-01T00:00:00Z,706472,374899,257161,632060,0.894670984837333
30,Goa,2019-03-01T00:00:00Z,33254,15871,13237,29108,0.875323269381127
31,Lakshadweep,2019-03-01T00:00:00Z,210,61,103,164,0.780952380952381
32,Kerala,2019-03-01T00:00:00Z,291194,130752,136531,267283,0.917886357548576
33,Tamil Nadu,2019-03-01T00:00:00Z,867754,428146,338864,767010,0.88390258068531
34,Puducherry,2019-03-01T00:00:00Z,20839,9462,8070,17532,0.841307164451269
35,Andaman and Nicobar Islands,2019-03-01T00:00:00Z,3923,1193,2252,3445,0.87815447361713
36,Telangana,2019-03-01T00:00:00Z,319463,146426,129313,275739,0.863132819763165
37,Andhra Pradesh,2019-03-01T00:00:00Z,279089,130838,114199,245037,0.877988741942535
38,Ladakh,2019-03-01T00:00:00Z,,,,0,
97,Other Territory,2019-03-01T00:00:00Z,66,34,18,52,0.787878787878788
1,Jammu and Kashmir,2019-04-01T00:00:00Z,89187,53407,78332,78385,0.878883693811878
2,Himachal Pradesh,2019-04-01T00:00:00Z,87028,54886,76735,76776,0.882198832559636
3,Punjab,2019-04-01T00:00:00Z,305087,221602,279876,279912,0.917482554156683
4,Chandigarh,2019-04-01T00:00:00Z,27554,19710,25814,25820,0.937069028090296
5,Uttarakhand,2019-04-01T00:00:00Z,128920,75376,111410,111511,0.864962767607819
6,Haryana,2019-04-01T00:00:00Z,422912,269729,373644,373719,0.883680292826877
7,Delhi,2019-04-01T00:00:00Z,740341,422298,615933,616099,0.832182737414246
8,Rajasthan,2019-04-01T00:00:00Z,553708,348235,487170,487372,0.880196782419615
9,Uttar Pradesh,2019-04-01T00:00:00Z,1113803,712174,977646,978078,0.878142723623478
10,Bihar,2019-04-01T00:00:00Z,305442,156163,256179,256447,0.839593114241002
11,Sikkim,2019-04-01T00:00:00Z,6884,3469,5948,5976,0.868099941894248
12,Arunachal Pradesh,2019-04-01T00:00:00Z,10828,2947,8222,8276,0.764314739564093
13,Nagaland,2019-04-01T00:00:00Z,6395,2281,5019,5032,0.786864738076622
14,Manipur,2019-04-01T00:00:00Z,10976,3637,7600,7621,0.694333090379009
15,Mizoram,2019-04-01T00:00:00Z,5303,2373,4208,4214,0.794644540825948
16,Tripura,2019-04-01T00:00:00Z,23557,12881,19763,19789,0.840047544254362
17,Meghalaya,2019-04-01T00:00:00Z,23763,12230,19070,19110,0.804191389976013
18,Assam,2019-04-01T00:00:00Z,157863,60268,119095,119298,0.755705896885274
19,West Bengal,2019-04-01T00:00:00Z,584818,357699,516434,516686,0.883498797916617
20,Jharkhand,2019-04-01T00:00:00Z,147229,77652,127210,127288,0.864557933559285
21,Odisha,2019-04-01T00:00:00Z,219024,64540,192952,193143,0.881834867411791
22,Chhattisgarh,2019-04-01T00:00:00Z,102946,49906,95037,95108,0.923862996133895
23,Madhya Pradesh,2019-04-01T00:00:00Z,348621,201498,322477,322614,0.925400363145077
24,Gujarat,2019-04-01T00:00:00Z,869012,596606,798628,798829,0.919238169323324
25,Daman and Diu,2019-04-01T00:00:00Z,6022,3542,5463,5467,0.907837927598804
26,Dadra and Nagar Haveli,2019-04-01T00:00:00Z,8237,4745,7383,7385,0.896564283112784
27,Maharashtra,2019-04-01T00:00:00Z,1389687,800820,1213488,1214368,0.873842814964809
29,Karnataka,2019-04-01T00:00:00Z,708544,437287,627302,627872,0.886143979766959
30,Goa,2019-04-01T00:00:00Z,33353,17206,28561,28616,0.857973795460678
31,Lakshadweep,2019-04-01T00:00:00Z,213,78,161,164,0.769953051643193
32,Kerala,2019-04-01T00:00:00Z,292296,157526,263483,263615,0.901876864548266
33,Tamil Nadu,2019-04-01T00:00:00Z,876798,520806,762739,763435,0.870707962381301
34,Puducherry,2019-04-01T00:00:00Z,20906,11355,17282,17293,0.827178800344399
35,Andaman and Nicobar Islands,2019-04-01T00:00:00Z,3739,1253,3341,3351,0.896228938218775
36,Telangana,2019-04-01T00:00:00Z,322065,167798,275094,275269,0.854700138170866
37,Andhra Pradesh,2019-04-01T00:00:00Z,280184,157948,241970,242159,0.864285612311909
38,Ladakh,2019-04-01T00:00:00Z,0,0,0,,0
97,Other Territory,2019-04-01T00:00:00Z,68,47,54,54,0.794117647058824
1,Jammu and Kashmir,2019-05-01T00:00:00Z,90152,55801,23340,79141,0.877861833348123
2,Himachal Pradesh,2019-05-01T00:00:00Z,87431,58269,19013,77282,0.883919891114136
3,Punjab,2019-05-01T00:00:00Z,307464,233708,47824,281532,0.915658418546562
4,Chandigarh,2019-05-01T00:00:00Z,27558,20499,5367,25866,0.938602220770738
5,Uttarakhand,2019-05-01T00:00:00Z,128392,79157,33387,112544,0.876565518100816
6,Haryana,2019-05-01T00:00:00Z,423730,286627,89246,375873,0.887057796238171
7,Delhi,2019-05-01T00:00:00Z,752005,450318,171506,621824,0.826888119094953
8,Rajasthan,2019-05-01T00:00:00Z,557836,372067,119018,491085,0.880339382901068
9,Uttar Pradesh,2019-05-01T00:00:00Z,1112907,757325,228413,985738,0.885732590414114
10,Bihar,2019-05-01T00:00:00Z,307632,167178,91588,258766,0.841154366255786
11,Sikkim,2019-05-01T00:00:00Z,6969,3620,2370,5990,0.859520734682164
12,Arunachal Pradesh,2019-05-01T00:00:00Z,10989,3345,4981,8326,0.757666757666758
13,Nagaland,2019-05-01T00:00:00Z,6422,2543,2548,5091,0.79274369355341
14,Manipur,2019-05-01T00:00:00Z,10987,3753,3892,7645,0.695822335487394
15,Mizoram,2019-05-01T00:00:00Z,5386,2467,1812,4279,0.794467137021909
16,Tripura,2019-05-01T00:00:00Z,23734,13919,6022,19941,0.840187073396815
17,Meghalaya,2019-05-01T00:00:00Z,24195,13350,6126,19476,0.804959702417855
18,Assam,2019-05-01T00:00:00Z,159240,67851,52342,120193,0.754791509670937
19,West Bengal,2019-05-01T00:00:00Z,588402,379797,139552,519349,0.88264315892876
20,Jharkhand,2019-05-01T00:00:00Z,148553,83688,44419,128107,0.862365620350986
21,Odisha,2019-05-01T00:00:00Z,219645,127511,67217,194728,0.886557854720117
22,Chhattisgarh,2019-05-01T00:00:00Z,103880,57001,38766,95767,0.921900269541779
23,Madhya Pradesh,2019-05-01T00:00:00Z,351108,222954,101273,324227,0.923439511489342
24,Gujarat,2019-05-01T00:00:00Z,871303,632635,172482,805117,0.924037906445863
25,Daman and Diu,2019-05-01T00:00:00Z,5992,3757,1721,5478,0.914218958611482
26,Dadra and Nagar Haveli,2019-05-01T00:00:00Z,8305,5064,2374,7438,0.895605057194461
27,Maharashtra,2019-05-01T00:00:00Z,1398033,845165,374584,1219749,0.8724751132484
29,Karnataka,2019-05-01T00:00:00Z,707340,464963,167141,632104,0.893635309752029
30,Goa,2019-05-01T00:00:00Z,33480,18371,10366,28737,0.858333333333333
31,Lakshadweep,2019-05-01T00:00:00Z,216,77,90,167,0.773148148148148
32,Kerala,2019-05-01T00:00:00Z,292465,170827,94509,265336,0.90724018258595
33,Tamil Nadu,2019-05-01T00:00:00Z,885438,551534,217149,768683,0.868138706493284
34,Puducherry,2019-05-01T00:00:00Z,20875,12002,5356,17358,0.831520958083832
35,Andaman and Nicobar Islands,2019-05-01T00:00:00Z,3772,1257,2099,3356,0.889713679745493
36,Telangana,2019-05-01T00:00:00Z,324349,180031,97750,277781,0.856426256902287
37,Andhra Pradesh,2019-05-01T00:00:00Z,279810,169929,73512,243441,0.870022515278225
38,Ladakh,2019-05-01T00:00:00Z,0,0,0,,0
97,Other Territory,2019-05-01T00:00:00Z,68,48,6,54,0.794117647058824
1,Jammu and Kashmir,2019-06-01T00:00:00Z,90874,58011,21633,79644,0.876422299007417
2,Himachal Pradesh,2019-06-01T00:00:00Z,88064,59218,18575,77793,0.883368913517442
3,Punjab,2019-06-01T00:00:00Z,308875,236113,46303,282416,0.914337515176042
4,Chandigarh,2019-06-01T00:00:00Z,27619,20687,5233,25920,0.938484376697201
5,Uttarakhand,2019-06-01T00:00:00Z,129422,81379,31889,113268,0.875183508213441
6,Haryana,2019-06-01T00:00:00Z,423764,289880,86695,376575,0.888643207068085
7,Delhi,2019-06-01T00:00:00Z,759157,461103,164526,625629,0.824110164300665
8,Rajasthan,2019-06-01T00:00:00Z,560439,380086,114145,494231,0.881864038726784
9,Uttar Pradesh,2019-06-01T00:00:00Z,1118687,769580,221662,991242,0.886076266194208
10,Bihar,2019-06-01T00:00:00Z,313451,174259,86389,260648,0.831543048195731
11,Sikkim,2019-06-01T00:00:00Z,7029,3767,2256,6023,0.85687864561104
12,Arunachal Pradesh,2019-06-01T00:00:00Z,11143,3632,4749,8381,0.752131382930988
13,Nagaland,2019-06-01T00:00:00Z,6463,2718,2423,5141,0.795451028933932
14,Manipur,2019-06-01T00:00:00Z,10941,4013,3682,7695,0.703317795448314
15,Mizoram,2019-06-01T00:00:00Z,5454,2519,1814,4333,0.794462779611294
16,Tripura,2019-06-01T00:00:00Z,24026,14633,5499,20132,0.837925580620994
17,Meghalaya,2019-06-01T00:00:00Z,24878,13738,6342,20080,0.807138837527132
18,Assam,2019-06-01T00:00:00Z,161175,70248,51163,121411,0.753286800062044
19,West Bengal,2019-06-01T00:00:00Z,593424,390452,131510,521962,0.879576828709321
20,Jharkhand,2019-06-01T00:00:00Z,149800,87020,41903,128923,0.860634178905207
21,Odisha,2019-06-01T00:00:00Z,219769,133474,62204,195678,0.890380353917068
22,Chhattisgarh,2019-06-01T00:00:00Z,104773,59363,37048,96411,0.92018936176305
23,Madhya Pradesh,2019-06-01T00:00:00Z,353290,229174,96817,325991,0.922729202638059
24,Gujarat,2019-06-01T00:00:00Z,877062,648228,161967,810195,0.923760235878421
25,Daman and Diu,2019-06-01T00:00:00Z,5816,3782,1695,5477,0.941712517193948
26,Dadra and Nagar Haveli,2019-06-01T00:00:00Z,8364,5257,2211,7468,0.892874222859876
27,Maharashtra,2019-06-01T00:00:00Z,1405014,868912,355758,1224670,0.871642560145308
29,Karnataka,2019-06-01T00:00:00Z,710827,476857,160030,636887,0.895980315885581
30,Goa,2019-06-01T00:00:00Z,33757,18735,10134,28869,0.855200402879403
31,Lakshadweep,2019-06-01T00:00:00Z,219,87,81,168,0.767123287671233
32,Kerala,2019-06-01T00:00:00Z,295913,177080,89888,266968,0.902184087890698
33,Tamil Nadu,2019-06-01T00:00:00Z,894344,566944,206212,773156,0.864495093610512
34,Puducherry,2019-06-01T00:00:00Z,20879,12169,5235,17404,0.833564825901624
35,Andaman and Nicobar Islands,2019-06-01T00:00:00Z,3826,1292,2087,3379,0.883167799268165
36,Telangana,2019-06-01T00:00:00Z,327844,187115,92253,279368,0.852136991983992
37,Andhra Pradesh,2019-06-01T00:00:00Z,281946,177091,67963,245054,0.869152249012222
38,Ladakh,2019-06-01T00:00:00Z,0,0,0,,0
97,Other Territory,2019-06-01T00:00:00Z,71,48,9,57,0.802816901408451
1,Jammu and Kashmir,2019-07-01T00:00:00Z,91798,24045,55432,79477,0.865781389572758
2,Himachal Pradesh,2019-07-01T00:00:00Z,89185,63275,15456,78731,0.882782979200538
3,Punjab,2019-07-01T00:00:00Z,310093,247086,36693,283779,0.915141586556291
4,Chandigarh,2019-07-01T00:00:00Z,27665,21850,4082,25932,0.937357672148925
5,Uttarakhand,2019-07-01T00:00:00Z,131061,86489,28025,114514,0.873745813018366
6,Haryana,2019-07-01T00:00:00Z,424544,307634,70749,378383,0.891269220622597
7,Delhi,2019-07-01T00:00:00Z,765931,490239,140239,630478,0.823152477181365
8,Rajasthan,2019-07-01T00:00:00Z,561513,402141,96165,498306,0.887434485043089
9,Uttar Pradesh,2019-07-01T00:00:00Z,1127309,821714,178343,1000057,0.887118793516241
10,Bihar,2019-07-01T00:00:00Z,317629,190532,74067,264599,0.833044211957976
11,Sikkim,2019-07-01T00:00:00Z,7130,4169,1966,6135,0.860448807854138
12,Arunachal Pradesh,2019-07-01T00:00:00Z,11396,4233,4315,8548,0.75008775008775
13,Nagaland,2019-07-01T00:00:00Z,6516,2991,2234,5225,0.801872314303254
14,Manipur,2019-07-01T00:00:00Z,10837,4656,3112,7768,0.716803543416075
15,Mizoram,2019-07-01T00:00:00Z,5617,2890,1549,4439,0.790279508634502
16,Tripura,2019-07-01T00:00:00Z,24393,15743,4654,20397,0.836182511376215
17,Meghalaya,2019-07-01T00:00:00Z,25640,15002,5646,20648,0.805304212168487
18,Assam,2019-07-01T00:00:00Z,163738,77507,45640,123147,0.752097863660238
19,West Bengal,2019-07-01T00:00:00Z,598953,411303,115153,526456,0.878960452656552
20,Jharkhand,2019-07-01T00:00:00Z,151023,94494,35737,130231,0.862325606033518
21,Odisha,2019-07-01T00:00:00Z,219972,147275,50566,197841,0.899391740767007
22,Chhattisgarh,2019-07-01T00:00:00Z,106003,65499,31786,97285,0.917757044611945
23,Madhya Pradesh,2019-07-01T00:00:00Z,356965,245834,82586,328420,0.920034177020156
24,Gujarat,2019-07-01T00:00:00Z,881026,679311,137033,816344,0.926583324442185
25,Daman and Diu,2019-07-01T00:00:00Z,5813,4026,1452,5478,0.942370548769998
26,Dadra and Nagar Haveli,2019-07-01T00:00:00Z,8417,5558,1952,7510,0.892241891410241
27,Maharashtra,2019-07-01T00:00:00Z,1409335,911723,320598,1232321,0.874398918638933
29,Karnataka,2019-07-01T00:00:00Z,713357,506954,137540,644494,0.903466286866184
30,Goa,2019-07-01T00:00:00Z,34090,19770,9315,29085,0.853182751540041
31,Lakshadweep,2019-07-01T00:00:00Z,224,91,80,171,0.763392857142857
32,Kerala,2019-07-01T00:00:00Z,298709,188243,81276,269519,0.902279476011771
33,Tamil Nadu,2019-07-01T00:00:00Z,899235,609457,170521,779978,0.867379494792796
34,Puducherry,2019-07-01T00:00:00Z,21076,13013,4504,17517,0.83113494021636
35,Andaman and Nicobar Islands,2019-07-01T00:00:00Z,3887,1405,1993,3398,0.874196038075637
36,Telangana,2019-07-01T00:00:00Z,331330,203099,80211,283310,0.855068964476504
37,Andhra Pradesh,2019-07-01T00:00:00Z,285278,191174,56287,247461,0.867438077945022
38,Ladakh,2019-07-01T00:00:00Z,0,0,0,,0
97,Other Territory,2019-07-01T00:00:00Z,74,50,9,59,0.797297297297297
1,Jammu and Kashmir,2019-08-01T00:00:00Z,92245,22247,57241,79488,0.861705241476503
2,Himachal Pradesh,2019-08-01T00:00:00Z,89648,59229,20009,79238,0.883879171872211
3,Punjab,2019-08-01T00:00:00Z,310860,232651,52162,284813,0.916209869394583
4,Chandigarh,2019-08-01T00:00:00Z,27609,20501,5440,25941,0.939584917961534
5,Uttarakhand,2019-08-01T00:00:00Z,131538,80958,34520,115478,0.877906004348553
6,Haryana,2019-08-01T00:00:00Z,425499,287072,93071,380143,0.893405154888731
7,Delhi,2019-08-01T00:00:00Z,767326,458504,175727,634231,0.82654699567068
8,Rajasthan,2019-08-01T00:00:00Z,560642,374398,126301,500699,0.893081502991214
9,Uttar Pradesh,2019-08-01T00:00:00Z,1128388,762734,244942,1007676,0.893022612789218
10,Bihar,2019-08-01T00:00:00Z,320572,173788,94174,267962,0.835887101805523
11,Sikkim,2019-08-01T00:00:00Z,7135,3808,2414,6222,0.872039243167484
12,Arunachal Pradesh,2019-08-01T00:00:00Z,11658,4030,4701,8731,0.748927774918511
13,Nagaland,2019-08-01T00:00:00Z,6646,2789,2519,5308,0.798675895275354
14,Manipur,2019-08-01T00:00:00Z,10702,4120,3684,7804,0.729209493552607
15,Mizoram,2019-08-01T00:00:00Z,5716,2673,1817,4490,0.785514345696291
16,Tripura,2019-08-01T00:00:00Z,24459,14331,6257,20588,0.841735148616051
17,Meghalaya,2019-08-01T00:00:00Z,25884,14398,6414,20812,0.804048833256066
18,Assam,2019-08-01T00:00:00Z,165285,70171,54442,124613,0.753928063647639
19,West Bengal,2019-08-01T00:00:00Z,603444,379621,150593,530214,0.878646568695687
20,Jharkhand,2019-08-01T00:00:00Z,151285,84855,46506,131361,0.868301550054533
21,Odisha,2019-08-01T00:00:00Z,220124,132242,67663,199905,0.90814722610892
22,Chhattisgarh,2019-08-01T00:00:00Z,106926,59015,38965,97980,0.916334661354582
23,Madhya Pradesh,2019-08-01T00:00:00Z,358593,225925,104423,330348,0.921233822188386
24,Gujarat,2019-08-01T00:00:00Z,884173,643818,177089,820907,0.928446129886346
25,Daman and Diu,2019-08-01T00:00:00Z,5830,3745,1727,5472,0.938593481989708
26,Dadra and Nagar Haveli,2019-08-01T00:00:00Z,8451,5151,2418,7569,0.895633652822151
27,Maharashtra,2019-08-01T00:00:00Z,1413902,853535,383942,1237477,0.875221196377118
29,Karnataka,2019-08-01T00:00:00Z,709504,479455,170604,650059,0.916216117174815
30,Goa,2019-08-01T00:00:00Z,34201,18287,10927,29214,0.854185550130113
31,Lakshadweep,2019-08-01T00:00:00Z,229,89,85,174,0.759825327510917
32,Kerala,2019-08-01T00:00:00Z,300746,159523,112174,271697,0.903410186669149
33,Tamil Nadu,2019-08-01T00:00:00Z,900188,558796,227190,785986,0.873135389496416
34,Puducherry,2019-08-01T00:00:00Z,21069,12021,5564,17585,0.834638568512981
35,Andaman and Nicobar Islands,2019-08-01T00:00:00Z,3955,1262,2156,3418,0.864222503160556
36,Telangana,2019-08-01T00:00:00Z,334631,186734,99392,286126,0.855049293101954
37,Andhra Pradesh,2019-08-01T00:00:00Z,286753,174695,74186,248881,0.867928147220779
38,Ladakh,2019-08-01T00:00:00Z,0,0,0,,0
97,Other Territory,2019-08-01T00:00:00Z,75,48,12,60,0.8
1,Jammu and Kashmir,2019-09-01T00:00:00Z,92462,20236,59414,79650,0.861434967878696
2,Himachal Pradesh,2019-09-01T00:00:00Z,89912,53664,26236,79900,0.888646676750601
3,Punjab,2019-09-01T00:00:00Z,311089,207659,78528,286187,0.919952168029085
4,Chandigarh,2019-09-01T00:00:00Z,27465,18921,7073,25994,0.946440924813399
5,Uttarakhand,2019-09-01T00:00:00Z,131532,74512,41973,116485,0.885601982787459
6,Haryana,2019-09-01T00:00:00Z,423483,257257,125540,382797,0.903925305148023
7,Delhi,2019-09-01T00:00:00Z,766277,406663,231731,638394,0.833111263942412
8,Rajasthan,2019-09-01T00:00:00Z,559918,337154,167188,504342,0.900742608739137
9,Uttar Pradesh,2019-09-01T00:00:00Z,1126122,708901,308012,1016913,0.903022052672801
10,Bihar,2019-09-01T00:00:00Z,325576,162772,109215,271987,0.835402486669779
11,Sikkim,2019-09-01T00:00:00Z,7195,3362,2937,6299,0.875469075747047
12,Arunachal Pradesh,2019-09-01T00:00:00Z,11960,3821,5118,8939,0.747408026755853
13,Nagaland,2019-09-01T00:00:00Z,6718,2579,2800,5379,0.800684727597499
14,Manipur,2019-09-01T00:00:00Z,10659,3683,4207,7890,0.740219532789192
15,Mizoram,2019-09-01T00:00:00Z,5800,2591,1956,4547,0.783965517241379
16,Tripura,2019-09-01T00:00:00Z,24530,13564,7210,20774,0.846881369751325
17,Meghalaya,2019-09-01T00:00:00Z,26140,13499,7473,20972,0.802295332823259
18,Assam,2019-09-01T00:00:00Z,167059,62683,63415,126098,0.754811174495238
19,West Bengal,2019-09-01T00:00:00Z,607620,354207,179442,533649,0.878261084230276
20,Jharkhand,2019-09-01T00:00:00Z,151326,79658,52805,132463,0.875348585173731
21,Odisha,2019-09-01T00:00:00Z,220841,128709,73340,202049,0.914907105111823
22,Chhattisgarh,2019-09-01T00:00:00Z,107458,52920,45788,98708,0.918572837759869
23,Madhya Pradesh,2019-09-01T00:00:00Z,359995,199446,133104,332550,0.923762830039306
24,Gujarat,2019-09-01T00:00:00Z,884817,603355,222637,825992,0.933517326181572
25,Daman and Diu,2019-09-01T00:00:00Z,5835,3396,2074,5470,0.937446443873179
26,Dadra and Nagar Haveli,2019-09-01T00:00:00Z,8395,4711,2877,7588,0.903871351995235
27,Maharashtra,2019-09-01T00:00:00Z,1416919,768333,476393,1244726,0.878473645988232
29,Karnataka,2019-09-01T00:00:00Z,709880,434314,220721,655035,0.922740463176875
30,Goa,2019-09-01T00:00:00Z,34397,16764,12615,29379,0.854115184463761
31,Lakshadweep,2019-09-01T00:00:00Z,229,83,91,174,0.759825327510917
32,Kerala,2019-09-01T00:00:00Z,301836,149988,123068,273056,0.904650207397395
33,Tamil Nadu,2019-09-01T00:00:00Z,900385,512518,278038,790556,0.878019958129023
34,Puducherry,2019-09-01T00:00:00Z,21025,11043,6687,17730,0.843281807372176
35,Andaman and Nicobar Islands,2019-09-01T00:00:00Z,3994,1229,2206,3435,0.860040060090135
36,Telangana,2019-09-01T00:00:00Z,337626,164671,124366,289037,0.856086320366323
37,Andhra Pradesh,2019-09-01T00:00:00Z,287263,151437,98412,249849,0.869756982277565
38,Ladakh,2019-09-01T00:00:00Z,0,0,0,,0
97,Other Territory,2019-09-01T00:00:00Z,76,50,10,60,0.789473684210526
1,Jammu and Kashmir,2019-10-01T00:00:00Z,92639,22509,57485,79994,0.86350241259081
2,Himachal Pradesh,2019-10-01T00:00:00Z,90006,58497,21821,80318,0.892362731373464
3,Punjab,2019-10-01T00:00:00Z,309832,222827,64624,287451,0.927764078597434
4,Chandigarh,2019-10-01T00:00:00Z,27272,20109,6040,26149,0.958822235259607
5,Uttarakhand,2019-10-01T00:00:00Z,131053,80628,36688,117316,0.895179812747514
6,Haryana,2019-10-01T00:00:00Z,424856,277993,106878,384871,0.9058857589395
7,Delhi,2019-10-01T00:00:00Z,757603,437967,204307,642274,0.847771194147858
8,Rajasthan,2019-10-01T00:00:00Z,561583,364694,143588,508282,0.90508793891553
9,Uttar Pradesh,2019-10-01T00:00:00Z,1126652,754708,271455,1026163,0.910807418794801
10,Bihar,2019-10-01T00:00:00Z,330399,177035,99164,276199,0.835955919963438
11,Sikkim,2019-10-01T00:00:00Z,7314,3756,2624,6380,0.872299699207
12,Arunachal Pradesh,2019-10-01T00:00:00Z,12126,4343,4703,9046,0.746000329869701
13,Nagaland,2019-10-01T00:00:00Z,6744,2853,2597,5450,0.808125741399763
14,Manipur,2019-10-01T00:00:00Z,10496,3947,3989,7936,0.75609756097561
15,Mizoram,2019-10-01T00:00:00Z,5880,2693,1916,4609,0.783843537414966
16,Tripura,2019-10-01T00:00:00Z,24644,15026,5863,20889,0.847630254828762
17,Meghalaya,2019-10-01T00:00:00Z,26255,14402,6650,21052,0.801828223195582
18,Assam,2019-10-01T00:00:00Z,167755,72309,54730,127039,0.757288903460404
19,West Bengal,2019-10-01T00:00:00Z,610678,389631,145971,535602,0.877061233579726
20,Jharkhand,2019-10-01T00:00:00Z,151778,87738,46125,133863,0.881965765789508
21,Odisha,2019-10-01T00:00:00Z,221583,139187,65111,204298,0.921993113190091
22,Chhattisgarh,2019-10-01T00:00:00Z,107867,58652,40911,99563,0.923016307118952
23,Madhya Pradesh,2019-10-01T00:00:00Z,361943,219558,115772,335330,0.926471847777136
24,Gujarat,2019-10-01T00:00:00Z,888089,620614,209115,829729,0.934285865493211
25,Daman and Diu,2019-10-01T00:00:00Z,5838,3592,1892,5484,0.939362795477903
26,Dadra and Nagar Haveli,2019-10-01T00:00:00Z,8265,4853,2735,7588,0.918088324258923
27,Maharashtra,2019-10-01T00:00:00Z,1419473,836609,414399,1251008,0.881318630224034
29,Karnataka,2019-10-01T00:00:00Z,716349,466546,195246,661792,0.92384019521211
30,Goa,2019-10-01T00:00:00Z,34642,18296,11334,29630,0.855320131632123
31,Lakshadweep,2019-10-01T00:00:00Z,235,82,98,180,0.765957446808511
32,Kerala,2019-10-01T00:00:00Z,303421,170691,104551,275242,0.907129038530622
33,Tamil Nadu,2019-10-01T00:00:00Z,896586,563810,232605,796415,0.888275079021979
34,Puducherry,2019-10-01T00:00:00Z,20898,11964,5903,17867,0.854962197339458
35,Andaman and Nicobar Islands,2019-10-01T00:00:00Z,4062,1223,2252,3475,0.855489906450025
36,Telangana,2019-10-01T00:00:00Z,342262,182652,109835,292487,0.854570475249955
37,Andhra Pradesh,2019-10-01T00:00:00Z,287909,170765,80901,251666,0.874116474302644
38,Ladakh,2019-10-01T00:00:00Z,0,0,0,,0
97,Other Territory,2019-10-01T00:00:00Z,77,49,12,61,0.792207792207792
1,Jammu and Kashmir,2019-11-01T00:00:00Z,92563,48036,32305,80341,0.867960200079946
2,Himachal Pradesh,2019-11-01T00:00:00Z,89632,68341,12255,80596,0.899187790074973
3,Punjab,2019-11-01T00:00:00Z,309106,257371,31054,288425,0.933094148932729
4,Chandigarh,2019-11-01T00:00:00Z,27089,22746,3368,26114,0.964007530732032
5,Uttarakhand,2019-11-01T00:00:00Z,129677,95738,22525,118263,0.911981307402238
6,Haryana,2019-11-01T00:00:00Z,424839,326676,60988,387664,0.912496263290329
7,Delhi,2019-11-01T00:00:00Z,756133,522257,124167,646424,0.854907800611797
8,Rajasthan,2019-11-01T00:00:00Z,559753,430679,81101,511780,0.914296127041749
9,Uttar Pradesh,2019-11-01T00:00:00Z,1124411,841108,194982,1036090,0.921451319846569
10,Bihar,2019-11-01T00:00:00Z,333051,215164,64602,279766,0.840009488036367
11,Sikkim,2019-11-01T00:00:00Z,7403,4529,1916,6445,0.870593002836688
12,Arunachal Pradesh,2019-11-01T00:00:00Z,12318,4920,4253,9173,0.74468257834064
13,Nagaland,2019-11-01T00:00:00Z,6735,3372,2130,5502,0.816926503340757
14,Manipur,2019-11-01T00:00:00Z,10527,5057,2915,7972,0.757290776099554
15,Mizoram,2019-11-01T00:00:00Z,5984,3305,1359,4664,0.779411764705882
16,Tripura,2019-11-01T00:00:00Z,24638,16808,4230,21038,0.853884243850962
17,Meghalaya,2019-11-01T00:00:00Z,26357,14392,6655,21047,0.798535493417309
18,Assam,2019-11-01T00:00:00Z,166641,77663,50690,128353,0.770236616438932
19,West Bengal,2019-11-01T00:00:00Z,612549,439168,100021,539189,0.880238152376381
20,Jharkhand,2019-11-01T00:00:00Z,148226,105238,29506,134744,0.90904429722181
21,Odisha,2019-11-01T00:00:00Z,221270,165288,41852,207140,0.936141365752248
22,Chhattisgarh,2019-11-01T00:00:00Z,106953,74020,26273,100293,0.937729656952119
23,Madhya Pradesh,2019-11-01T00:00:00Z,362211,274737,63051,337788,0.932572450864275
24,Gujarat,2019-11-01T00:00:00Z,887648,722699,110917,833616,0.939129024117668
25,Daman and Diu,2019-11-01T00:00:00Z,5842,4248,1265,5513,0.943683669976036
26,Dadra and Nagar Haveli,2019-11-01T00:00:00Z,8043,5864,1712,7576,0.941937088151187
27,Maharashtra,2019-11-01T00:00:00Z,1415447,998265,261004,1259269,0.889661711106103
29,Karnataka,2019-11-01T00:00:00Z,718037,552970,115107,668077,0.93042141282413
30,Goa,2019-11-01T00:00:00Z,34765,21249,8561,29810,0.857471594994966
31,Lakshadweep,2019-11-01T00:00:00Z,241,108,76,184,0.763485477178423
32,Kerala,2019-11-01T00:00:00Z,303850,214813,62688,277501,0.913282869837091
33,Tamil Nadu,2019-11-01T00:00:00Z,888836,665525,136729,802254,0.902589454072517
34,Puducherry,2019-11-01T00:00:00Z,20773,14446,3441,17887,0.861069657728783
35,Andaman and Nicobar Islands,2019-11-01T00:00:00Z,4104,1782,1732,3514,0.856237816764133
36,Telangana,2019-11-01T00:00:00Z,346374,224112,72021,296133,0.854951584125829
37,Andhra Pradesh,2019-11-01T00:00:00Z,286336,207039,46872,253911,0.886758912606169
38,Ladakh,2019-11-01T00:00:00Z,0,0,0,,0
97,Other Territory,2019-11-01T00:00:00Z,78,56,6,62,0.794871794871795
1,Jammu and Kashmir,2019-12-01T00:00:00Z,92194,41704,39181,80885,0.877334750634532
2,Himachal Pradesh,2019-12-01T00:00:00Z,88745,58036,22942,80978,0.912479576314159
3,Punjab,2019-12-01T00:00:00Z,308579,222772,67335,290107,0.940138505860736
4,Chandigarh,2019-12-01T00:00:00Z,27106,20143,6077,26220,0.967313509924002
5,Uttarakhand,2019-12-01T00:00:00Z,128458,81731,37769,119500,0.930265145027947
6,Haryana,2019-12-01T00:00:00Z,424443,277565,112471,390036,0.918936111562683
7,Delhi,2019-12-01T00:00:00Z,746559,455755,195641,651396,0.872531173021824
8,Rajasthan,2019-12-01T00:00:00Z,541872,363953,151499,515452,0.951243098001004
9,Uttar Pradesh,2019-12-01T00:00:00Z,1127354,735013,311742,1046755,0.928506041580551
10,Bihar,2019-12-01T00:00:00Z,332886,188787,96066,284853,0.855707359276149
11,Sikkim,2019-12-01T00:00:00Z,7450,3717,2814,6531,0.876644295302013
12,Arunachal Pradesh,2019-12-01T00:00:00Z,12515,4434,4844,9278,0.741350379544547
13,Nagaland,2019-12-01T00:00:00Z,6694,2830,2712,5542,0.827905587092919
14,Manipur,2019-12-01T00:00:00Z,10173,4113,3906,8019,0.788263049248009
15,Mizoram,2019-12-01T00:00:00Z,6083,2691,2042,4733,0.778070031234588
16,Tripura,2019-12-01T00:00:00Z,24481,13959,7245,21204,0.866141089007802
17,Meghalaya,2019-12-01T00:00:00Z,26428,12913,8140,21053,0.796617224156198
18,Assam,2019-12-01T00:00:00Z,146205,72387,56393,128780,0.880818029479156
19,West Bengal,2019-12-01T00:00:00Z,611342,387577,156252,543829,0.889565905826853
20,Jharkhand,2019-12-01T00:00:00Z,147404,91192,44235,135427,0.918747116767523
21,Odisha,2019-12-01T00:00:00Z,222288,138828,71353,210181,0.945534621751962
22,Chhattisgarh,2019-12-01T00:00:00Z,105112,62580,38470,101050,0.961355506507345
23,Madhya Pradesh,2019-12-01T00:00:00Z,354752,232997,107046,340043,0.958537231643514
24,Gujarat,2019-12-01T00:00:00Z,877839,631577,210297,841874,0.95903007271265
25,Daman and Diu,2019-12-01T00:00:00Z,5767,3611,1908,5519,0.956996705392752
26,Dadra and Nagar Haveli,2019-12-01T00:00:00Z,7976,4945,2664,7609,0.953986960882648
27,Maharashtra,2019-12-01T00:00:00Z,1379433,856173,412991,1269164,0.920062083479227
29,Karnataka,2019-12-01T00:00:00Z,723207,474443,201259,675702,0.934313412342524
30,Goa,2019-12-01T00:00:00Z,35044,18472,11632,30104,0.859034356808584
31,Lakshadweep,2019-12-01T00:00:00Z,247,88,102,190,0.769230769230769
32,Kerala,2019-12-01T00:00:00Z,302709,172320,107011,279331,0.922770713787829
33,Tamil Nadu,2019-12-01T00:00:00Z,877850,553538,256242,809780,0.922458278749217
34,Puducherry,2019-12-01T00:00:00Z,20391,11552,6409,17961,0.880829777843166
35,Andaman and Nicobar Islands,2019-12-01T00:00:00Z,4090,1470,2064,3534,0.864058679706601
36,Telangana,2019-12-01T00:00:00Z,350234,186949,113537,300486,0.857957822484396
37,Andhra Pradesh,2019-12-01T00:00:00Z,286760,174016,82088,256104,0.893095271307016
38,Ladakh,2019-12-01T00:00:00Z,0,0,0,,0
97,Other Territory,2019-12-01T00:00:00Z,76,40,22,62,0.815789473684211
1,Jammu and Kashmir,2020-01-01T00:00:00Z,91657,58255,21524,79779,0.870408152132407
2,Himachal Pradesh,2020-01-01T00:00:00Z,86096,68670,12618,81288,0.944155361456978
3,Punjab,2020-01-01T00:00:00Z,309304,259004,32670,291674,0.943001060445387
4,Chandigarh,2020-01-01T00:00:00Z,27154,22918,3326,26244,0.966487441997496
5,Uttarakhand,2020-01-01T00:00:00Z,129146,97984,22581,120565,0.93355582054419
6,Haryana,2020-01-01T00:00:00Z,424329,328225,63086,391311,0.92218773640265
7,Delhi,2020-01-01T00:00:00Z,745423,535714,119173,654887,0.878544128635687
8,Rajasthan,2020-01-01T00:00:00Z,543495,437636,80622,518258,0.953565350187214
9,Uttar Pradesh,2020-01-01T00:00:00Z,1133999,893078,165944,1059022,0.933882657744848
10,Bihar,2020-01-01T00:00:00Z,332957,226390,63401,289791,0.870355631507973
11,Sikkim,2020-01-01T00:00:00Z,7448,4463,2111,6574,0.88265306122449
12,Arunachal Pradesh,2020-01-01T00:00:00Z,12661,5613,3800,9413,0.743464181344286
13,Nagaland,2020-01-01T00:00:00Z,6757,3618,1979,5597,0.828326180257511
14,Manipur,2020-01-01T00:00:00Z,10240,5167,2908,8075,0.78857421875
15,Mizoram,2020-01-01T00:00:00Z,6170,3332,1431,4763,0.771961102106969
16,Tripura,2020-01-01T00:00:00Z,24312,17155,4251,21406,0.880470549522869
17,Meghalaya,2020-01-01T00:00:00Z,26536,15788,5317,21105,0.7953346397347
18,Assam,2020-01-01T00:00:00Z,144136,90640,38902,129542,0.898748404284842
19,West Bengal,2020-01-01T00:00:00Z,612426,452590,93808,546398,0.89218615800113
20,Jharkhand,2020-01-01T00:00:00Z,144908,109238,27047,136285,0.940493278493941
21,Odisha,2020-01-01T00:00:00Z,223595,167298,44944,212242,0.949225161564436
22,Chhattisgarh,2020-01-01T00:00:00Z,104718,74888,26641,101529,0.969546782788059
23,Madhya Pradesh,2020-01-01T00:00:00Z,347413,278879,63195,342074,0.98463212372594
24,Gujarat,2020-01-01T00:00:00Z,881788,726176,121401,847577,0.96120269271072
25,Daman and Diu,2020-01-01T00:00:00Z,5807,4195,1330,5525,0.951437919752023
26,Dadra and Nagar Haveli,2020-01-01T00:00:00Z,8080,5892,1765,7657,0.947648514851485
27,Maharashtra,2020-01-01T00:00:00Z,1370415,1000210,275101,1275311,0.930602043906408
29,Karnataka,2020-01-01T00:00:00Z,726054,556486,124520,681006,0.937955028138403
30,Goa,2020-01-01T00:00:00Z,35365,21905,8435,30340,0.857910363353598
31,Lakshadweep,2020-01-01T00:00:00Z,250,107,86,193,0.772
32,Kerala,2020-01-01T00:00:00Z,301724,210240,70540,280780,0.930585568267688
33,Tamil Nadu,2020-01-01T00:00:00Z,870770,672358,141702,814060,0.934873732443699
34,Puducherry,2020-01-01T00:00:00Z,19656,14448,3552,18000,0.915750915750916
35,Andaman and Nicobar Islands,2020-01-01T00:00:00Z,3783,1809,1724,3533,0.933914882368491
36,Telangana,2020-01-01T00:00:00Z,351952,225453,77739,303192,0.861458380688276
37,Andhra Pradesh,2020-01-01T00:00:00Z,287132,204971,51794,256765,0.89424027973197
38,Ladakh,2020-01-01T00:00:00Z,0,0,0,2696,0
97,Other Territory,2020-01-01T00:00:00Z,77,53,11,64,0.831168831168831
1,Jammu and Kashmir,2020-02-01T00:00:00Z,91600,50491,29192,79683,0.869901746724891
2,Himachal Pradesh,2020-02-01T00:00:00Z,85952,64425,17381,81806,0.951763775130305
3,Punjab,2020-02-01T00:00:00Z,310694,233143,59876,293019,0.943111228411234
4,Chandigarh,2020-02-01T00:00:00Z,27165,20625,5649,26274,0.967200441744892
5,Uttarakhand,2020-02-01T00:00:00Z,130276,90875,30816,121691,0.934101446160459
6,Haryana,2020-02-01T00:00:00Z,421659,300609,93160,393769,0.93385650490088
7,Delhi,2020-02-01T00:00:00Z,750648,474600,183042,657642,0.876099050420437
8,Rajasthan,2020-02-01T00:00:00Z,547860,390373,132475,522848,0.954346000803125
9,Uttar Pradesh,2020-02-01T00:00:00Z,1144874,831119,239335,1070454,0.934997213667181
10,Bihar,2020-02-01T00:00:00Z,314833,205516,87845,293361,0.931798763153799
11,Sikkim,2020-02-01T00:00:00Z,7399,4302,2317,6619,0.89458034869577
12,Arunachal Pradesh,2020-02-01T00:00:00Z,12621,5380,4198,9578,0.75889390698043
13,Nagaland,2020-02-01T00:00:00Z,6695,3364,2264,5628,0.840627333831217
14,Manipur,2020-02-01T00:00:00Z,10379,4311,3772,8083,0.778784083245014
15,Mizoram,2020-02-01T00:00:00Z,6245,3217,1603,4820,0.771817453963171
16,Tripura,2020-02-01T00:00:00Z,23986,16403,5112,21515,0.896981572584007
17,Meghalaya,2020-02-01T00:00:00Z,26675,14957,6150,21107,0.791265229615745
18,Assam,2020-02-01T00:00:00Z,144942,82103,48669,130772,0.902236756771674
19,West Bengal,2020-02-01T00:00:00Z,611319,415090,134649,549739,0.899266994809584
20,Jharkhand,2020-02-01T00:00:00Z,142935,99175,37903,137078,0.959023332283905
21,Odisha,2020-02-01T00:00:00Z,223670,158639,55494,214133,0.957361291187911
22,Chhattisgarh,2020-02-01T00:00:00Z,105608,67198,34935,102133,0.967095295810924
23,Madhya Pradesh,2020-02-01T00:00:00Z,348074,267788,76509,344297,0.98914885915064
24,Gujarat,2020-02-01T00:00:00Z,886741,714326,139143,853469,0.962478333583312
25,Daman and Diu,2020-02-01T00:00:00Z,5809,4169,1347,5516,0.949561025994147
26,Dadra and Nagar Haveli,2020-02-01T00:00:00Z,8172,5823,1897,7720,0.944689182574645
27,Maharashtra,2020-02-01T00:00:00Z,1375391,943366,338471,1281837,0.931980069667462
29,Karnataka,2020-02-01T00:00:00Z,731853,549635,136686,686321,0.937785320276066
30,Goa,2020-02-01T00:00:00Z,35756,21313,9272,30585,0.855380915091174
31,Lakshadweep,2020-02-01T00:00:00Z,253,102,93,195,0.770750988142293
32,Kerala,2020-02-01T00:00:00Z,302553,198695,83680,282375,0.933307552726299
33,Tamil Nadu,2020-02-01T00:00:00Z,867846,657056,163511,820567,0.945521440439894
34,Puducherry,2020-02-01T00:00:00Z,19500,14061,4011,18072,0.926769230769231
35,Andaman and Nicobar Islands,2020-02-01T00:00:00Z,3822,1626,1935,3561,0.93171114599686
36,Telangana,2020-02-01T00:00:00Z,353580,221606,84481,306087,0.865679619888003
37,Andhra Pradesh,2020-02-01T00:00:00Z,284734,201692,56017,257709,0.905086852992618
38,Ladakh,2020-02-01T00:00:00Z,,2771,17,2788,0
97,Other Territory,2020-02-01T00:00:00Z,79,54,11,65,0.822784810126582
1,Jammu and Kashmir,2020-03-01T00:00:00Z,85741,6664,73444,80108,0.934302142498921
2,Himachal Pradesh,2020-03-01T00:00:00Z,86286,5181,77078,82259,0.953329624736342
3,Punjab,2020-03-01T00:00:00Z,312194,13308,281194,294502,0.943330108842579
4,Chandigarh,2020-03-01T00:00:00Z,27176,1616,24682,26298,0.96769208124816
5,Uttarakhand,2020-03-01T00:00:00Z,131773,10376,111824,122200,0.927352340767836
6,Haryana,2020-03-01T00:00:00Z,423351,26737,367405,394142,0.931005241513543
7,Delhi,2020-03-01T00:00:00Z,752110,43809,610431,654240,0.869872757974233
8,Rajasthan,2020-03-01T00:00:00Z,552190,22784,503356,526140,0.952824209058476
9,Uttar Pradesh,2020-03-01T00:00:00Z,1155076,81270,991898,1073168,0.929088648712293
10,Bihar,2020-03-01T00:00:00Z,320339,22748,273759,296507,0.925603813460116
11,Sikkim,2020-03-01T00:00:00Z,7508,710,6000,6710,0.89371337240277
12,Arunachal Pradesh,2020-03-01T00:00:00Z,12538,704,8951,9655,0.770059020577445
13,Nagaland,2020-03-01T00:00:00Z,6784,507,5161,5668,0.835495283018868
14,Manipur,2020-03-01T00:00:00Z,10531,742,7310,8052,0.764599753109866
15,Mizoram,2020-03-01T00:00:00Z,6256,1365,3498,4863,0.777333759590793
16,Tripura,2020-03-01T00:00:00Z,24205,2139,19441,21580,0.891551332369345
17,Meghalaya,2020-03-01T00:00:00Z,26706,3196,17822,21018,0.787014154122669
18,Assam,2020-03-01T00:00:00Z,145908,7476,123752,131228,0.89938865586534
19,West Bengal,2020-03-01T00:00:00Z,611625,43625,507318,550943,0.900785612098917
20,Jharkhand,2020-03-01T00:00:00Z,143561,12309,125285,137594,0.958435786878052
21,Odisha,2020-03-01T00:00:00Z,223069,20647,193975,214622,0.962132792992303
22,Chhattisgarh,2020-03-01T00:00:00Z,107069,5624,97156,102780,0.959941719825533
23,Madhya Pradesh,2020-03-01T00:00:00Z,351474,15342,330967,346309,0.985304745158959
24,Gujarat,2020-03-01T00:00:00Z,893063,23123,833978,857101,0.959731844225995
25,Daman and Diu,2020-03-01T00:00:00Z,5841,226,5303,5529,0.94658448895737
26,Dadra and Nagar Haveli,2020-03-01T00:00:00Z,8238,361,7387,7748,0.940519543578539
27,Maharashtra,2020-03-01T00:00:00Z,1380633,64155,1217175,1281330,0.928074296355367
29,Karnataka,2020-03-01T00:00:00Z,734800,55406,630768,686174,0.933824169842134
30,Goa,2020-03-01T00:00:00Z,36052,2018,28619,30637,0.849800288472207
31,Lakshadweep,2020-03-01T00:00:00Z,261,21,181,202,0.773946360153257
32,Kerala,2020-03-01T00:00:00Z,304085,11285,272335,283620,0.932699738559942
33,Tamil Nadu,2020-03-01T00:00:00Z,876639,50323,773296,823619,0.93951900383168
34,Puducherry,2020-03-01T00:00:00Z,19681,1443,16669,18112,0.920278441136121
35,Andaman and Nicobar Islands,2020-03-01T00:00:00Z,3877,139,3438,3577,0.922620582924942
36,Telangana,2020-03-01T00:00:00Z,357819,28527,278236,306763,0.857313334395323
37,Andhra Pradesh,2020-03-01T00:00:00Z,283250,23456,233624,257080,0.907608120035305
38,Ladakh,2020-03-01T00:00:00Z,0,0,2910,2910,0
97,Other Territory,2020-03-01T00:00:00Z,81,11,56,67,0.827160493827161
1,Jammu and Kashmir,2020-04-01T00:00:00Z,83362,6915,72302,79217,0.950277104675992
2,Himachal Pradesh,2020-04-01T00:00:00Z,85900,8356,72570,80926,0.94209545983702
3,Punjab,2020-04-01T00:00:00Z,312045,21475,270110,291585,0.934432533769168
4,Chandigarh,2020-04-01T00:00:00Z,27102,2381,23599,25980,0.958600841266327
5,Uttarakhand,2020-04-01T00:00:00Z,131425,16526,103189,119715,0.910899752710672
6,Haryana,2020-04-01T00:00:00Z,423209,38552,350136,388688,0.918430373645173
7,Delhi,2020-04-01T00:00:00Z,750773,50872,593021,643893,0.857640058979212
8,Rajasthan,2020-04-01T00:00:00Z,551496,40057,477693,517750,0.938810072965171
9,Uttar Pradesh,2020-04-01T00:00:00Z,1152209,96701,955243,1051944,0.91298019716909
10,Bihar,2020-04-01T00:00:00Z,319318,26977,264698,291675,0.913431125085338
11,Sikkim,2020-04-01T00:00:00Z,7507,1112,5539,6651,0.885973091781004
12,Arunachal Pradesh,2020-04-01T00:00:00Z,12439,1318,8217,9535,0.766540718707292
13,Nagaland,2020-04-01T00:00:00Z,6695,924,4682,5606,0.837341299477222
14,Manipur,2020-04-01T00:00:00Z,10507,722,7179,7901,0.751974873893595
15,Mizoram,2020-04-01T00:00:00Z,6220,1314,3474,4788,0.769774919614148
16,Tripura,2020-04-01T00:00:00Z,24177,2820,18479,21299,0.880961244157671
17,Meghalaya,2020-04-01T00:00:00Z,26610,4535,16263,20798,0.781585869973694
18,Assam,2020-04-01T00:00:00Z,145681,14258,115114,129372,0.888049917285027
19,West Bengal,2020-04-01T00:00:00Z,611179,44424,501072,545496,0.892530666138725
20,Jharkhand,2020-04-01T00:00:00Z,143479,14433,121746,136179,0.949121474222709
21,Odisha,2020-04-01T00:00:00Z,222881,29275,183065,212340,0.952705703940668
22,Chhattisgarh,2020-04-01T00:00:00Z,106914,9658,91664,101322,0.947696279252483
23,Madhya Pradesh,2020-04-01T00:00:00Z,351098,25016,317959,342975,0.976864009478835
24,Gujarat,2020-04-01T00:00:00Z,892394,37821,808042,845863,0.947858233022634
25,Daman and Diu,2020-04-01T00:00:00Z,5839,453,4986,5439,0.931495119027231
26,Dadra and Nagar Haveli,2020-04-01T00:00:00Z,8243,686,7003,7689,0.932791459420114
27,Maharashtra,2020-04-01T00:00:00Z,1379682,71615,1190163,1261778,0.914542626489292
29,Karnataka,2020-04-01T00:00:00Z,733840,99660,576500,676160,0.921399760165704
30,Goa,2020-04-01T00:00:00Z,36015,4252,25858,30110,0.836040538664445
31,Lakshadweep,2020-04-01T00:00:00Z,261,27,174,201,0.770114942528736
32,Kerala,2020-04-01T00:00:00Z,303568,23755,254678,278433,0.917201417804248
33,Tamil Nadu,2020-04-01T00:00:00Z,875836,90182,721460,811642,0.926705456272636
34,Puducherry,2020-04-01T00:00:00Z,19650,2834,14855,17689,0.900203562340967
35,Andaman and Nicobar Islands,2020-04-01T00:00:00Z,3851,149,3376,3525,0.915346663204363
36,Telangana,2020-04-01T00:00:00Z,357349,41912,260699,302611,0.846822014333327
37,Andhra Pradesh,2020-04-01T00:00:00Z,282611,30367,221878,252245,0.892551953037921
38,Ladakh,2020-04-01T00:00:00Z,2817,825,2068,2893,1.02697905573305
97,Other Territory,2020-04-01T00:00:00Z,81,10,57,67,0.827160493827161
1,Jammu and Kashmir,2020-05-01T00:00:00Z,83081,20447,58727,79174,0.952973604073134
2,Himachal Pradesh,2020-05-01T00:00:00Z,85444,23354,57582,80936,0.94724029773887
3,Punjab,2020-05-01T00:00:00Z,311421,79839,211653,291492,0.936006242353599
4,Chandigarh,2020-05-01T00:00:00Z,26687,7124,18794,25918,0.971184471840222
5,Uttarakhand,2020-05-01T00:00:00Z,130423,36716,83235,119951,0.919707413569692
6,Haryana,2020-05-01T00:00:00Z,421109,110504,278549,389053,0.923877190941063
7,Delhi,2020-05-01T00:00:00Z,738386,157544,484649,642193,0.869725319819173
8,Rajasthan,2020-05-01T00:00:00Z,550123,147042,371894,518936,0.943309041796107
9,Uttar Pradesh,2020-05-01T00:00:00Z,1134246,296243,754251,1050494,0.926160638873754
10,Bihar,2020-05-01T00:00:00Z,318723,74079,219256,293335,0.920344625270219
11,Sikkim,2020-05-01T00:00:00Z,7513,1952,4710,6662,0.886729668574471
12,Arunachal Pradesh,2020-05-01T00:00:00Z,11980,2024,7491,9515,0.79424040066778
13,Nagaland,2020-05-01T00:00:00Z,6654,1406,4199,5605,0.842350465885182
14,Manipur,2020-05-01T00:00:00Z,10513,1321,6555,7876,0.749167697136878
15,Mizoram,2020-05-01T00:00:00Z,6236,1701,3104,4805,0.770525978191148
16,Tripura,2020-05-01T00:00:00Z,24098,6553,14748,21301,0.883932276537472
17,Meghalaya,2020-05-01T00:00:00Z,26470,8702,12047,20749,0.783868530411787
18,Assam,2020-05-01T00:00:00Z,145010,31312,98033,129345,0.89197296738156
19,West Bengal,2020-05-01T00:00:00Z,606429,144542,399789,544331,0.897600543509628
20,Jharkhand,2020-05-01T00:00:00Z,143225,37002,99261,136263,0.951391167743062
21,Odisha,2020-05-01T00:00:00Z,223846,61478,151594,213072,0.951868695442402
22,Chhattisgarh,2020-05-01T00:00:00Z,106827,20125,81381,101506,0.950190494912335
23,Madhya Pradesh,2020-05-01T00:00:00Z,350849,73096,270137,343233,0.978292655814895
24,Gujarat,2020-05-01T00:00:00Z,888497,206979,639051,846030,0.952203552741315
25,Daman and Diu,2020-05-01T00:00:00Z,5819,1228,4200,5428,0.932806324110672
26,Dadra and Nagar Haveli,2020-05-01T00:00:00Z,8217,1726,5955,7681,0.934769380552513
27,Maharashtra,2020-05-01T00:00:00Z,1370063,206895,1054849,1261744,0.920938672163251
29,Karnataka,2020-05-01T00:00:00Z,729493,203693,474042,677735,0.929049353455071
30,Goa,2020-05-01T00:00:00Z,35551,7270,22886,30156,0.84824618154201
31,Lakshadweep,2020-05-01T00:00:00Z,261,44,156,200,0.766283524904215
32,Kerala,2020-05-01T00:00:00Z,301693,52624,226092,278716,0.92383979740995
33,Tamil Nadu,2020-05-01T00:00:00Z,872102,211651,600955,812606,0.931778622225382
34,Puducherry,2020-05-01T00:00:00Z,19392,4800,12811,17611,0.90815800330033
35,Andaman and Nicobar Islands,2020-05-01T00:00:00Z,3844,651,2865,3516,0.914672216441207
36,Telangana,2020-05-01T00:00:00Z,355488,84632,218340,302972,0.852270681429472
37,Andhra Pradesh,2020-05-01T00:00:00Z,279976,70507,181802,252309,0.901180815498471
38,Ladakh,2020-05-01T00:00:00Z,3040,690,2225,2915,0.958881578947369
97,Other Territory,2020-05-01T00:00:00Z,81,16,51,67,0.827160493827161
1,Jammu and Kashmir,2020-06-01T00:00:00Z,83835,27415,52824,80239,0.957106220552275
2,Himachal Pradesh,2020-06-01T00:00:00Z,85305,33677,47911,81588,0.956426938631968
3,Punjab,2020-06-01T00:00:00Z,312776,127403,165091,292494,0.935154871217741
4,Chandigarh,2020-06-01T00:00:00Z,26720,12309,13586,25895,0.969124251497006
5,Uttarakhand,2020-06-01T00:00:00Z,130093,46924,74174,121098,0.930857156034529
6,Haryana,2020-06-01T00:00:00Z,424733,164373,227329,391702,0.922231142859161
7,Delhi,2020-06-01T00:00:00Z,735720,241681,403652,645333,0.877144837709998
8,Rajasthan,2020-06-01T00:00:00Z,556868,213082,312422,525504,0.943677855434322
9,Uttar Pradesh,2020-06-01T00:00:00Z,1134575,408655,647145,1055800,0.930568715157658
10,Bihar,2020-06-01T00:00:00Z,326795,72696,226786,299482,0.916421609877752
11,Sikkim,2020-06-01T00:00:00Z,7574,2307,4404,6711,0.886057565355162
12,Arunachal Pradesh,2020-06-01T00:00:00Z,12071,2464,7095,9559,0.791897937204871
13,Nagaland,2020-06-01T00:00:00Z,6636,1894,3730,5624,0.847498493068113
14,Manipur,2020-06-01T00:00:00Z,10608,2268,5658,7926,0.747171945701358
15,Mizoram,2020-06-01T00:00:00Z,6293,2181,2653,4834,0.768155092960432
16,Tripura,2020-06-01T00:00:00Z,24301,8288,13167,21455,0.88288547796387
17,Meghalaya,2020-06-01T00:00:00Z,25760,9083,11601,20684,0.802950310559006
18,Assam,2020-06-01T00:00:00Z,146684,32596,97934,130530,0.889872106023834
19,West Bengal,2020-06-01T00:00:00Z,606073,185650,359381,545031,0.899282759667565
20,Jharkhand,2020-06-01T00:00:00Z,144577,48201,89063,137264,0.949417957213111
21,Odisha,2020-06-01T00:00:00Z,227236,66911,148627,215538,0.948520480909715
22,Chhattisgarh,2020-06-01T00:00:00Z,107995,34895,67595,102490,0.949025417843419
23,Madhya Pradesh,2020-06-01T00:00:00Z,353115,119678,225943,345621,0.978777452104838
24,Gujarat,2020-06-01T00:00:00Z,888717,396063,454169,850232,0.956696001089211
25,Daman and Diu,2020-06-01T00:00:00Z,5809,2565,2844,5409,0.931141332415218
26,Dadra and Nagar Haveli,2020-06-01T00:00:00Z,8277,3434,4320,7754,0.936812854899118
27,Maharashtra,2020-06-01T00:00:00Z,1376699,357757,909472,1267229,0.920483707767638
29,Karnataka,2020-06-01T00:00:00Z,737436,237400,446458,683858,0.92734555947906
30,Goa,2020-06-01T00:00:00Z,35630,10369,19950,30319,0.850940218916643
31,Lakshadweep,2020-06-01T00:00:00Z,266,67,138,205,0.770676691729323
32,Kerala,2020-06-01T00:00:00Z,303033,73185,207432,280617,0.926027858352061
33,Tamil Nadu,2020-06-01T00:00:00Z,879453,288086,529616,817702,0.929784763938494
34,Puducherry,2020-06-01T00:00:00Z,19399,6955,10776,17731,0.914016186401361
35,Andaman and Nicobar Islands,2020-06-01T00:00:00Z,3825,1058,2484,3542,0.926013071895425
36,Telangana,2020-06-01T00:00:00Z,358237,116669,188384,305053,0.851539623210333
37,Andhra Pradesh,2020-06-01T00:00:00Z,281786,91865,162228,254093,0.901723293563201
38,Ladakh,2020-06-01T00:00:00Z,3108,1133,1824,2957,0.951415701415701
97,Other Territory,2020-06-01T00:00:00Z,81,44,23,67,0.827160493827161
1,Jammu and Kashmir,2020-07-01T00:00:00Z,86377,27314,53971,81285,0.941049121872721
2,Himachal Pradesh,2020-07-01T00:00:00Z,86772,35023,47598,82621,0.95216198773798
3,Punjab,2020-07-01T00:00:00Z,313307,134638,160583,295221,0.942273871953068
4,Chandigarh,2020-07-01T00:00:00Z,26875,12748,13177,25925,0.964651162790698
5,Uttarakhand,2020-07-01T00:00:00Z,132671,51090,72101,123191,0.928545047523573
6,Haryana,2020-07-01T00:00:00Z,432397,177198,219445,396643,0.917312099760174
7,Delhi,2020-07-01T00:00:00Z,744442,260242,390108,650350,0.873607346173376
8,Rajasthan,2020-07-01T00:00:00Z,565483,230484,303720,534204,0.94468622398905
9,Uttar Pradesh,2020-07-01T00:00:00Z,1163634,440961,637340,1078301,0.926666804166946
10,Bihar,2020-07-01T00:00:00Z,336400,84592,220381,304973,0.906578478002378
11,Sikkim,2020-07-01T00:00:00Z,7650,2480,4274,6754,0.882875816993464
12,Arunachal Pradesh,2020-07-01T00:00:00Z,12276,2794,6850,9644,0.785597914630173
13,Nagaland,2020-07-01T00:00:00Z,6730,1759,3925,5684,0.844576523031204
14,Manipur,2020-07-01T00:00:00Z,10870,1660,6389,8049,0.740478380864765
15,Mizoram,2020-07-01T00:00:00Z,6429,1732,3177,4909,0.763571317467724
16,Tripura,2020-07-01T00:00:00Z,24725,8649,13116,21765,0.880283114256825
17,Meghalaya,2020-07-01T00:00:00Z,25696,9066,11871,20937,0.814796077210461
18,Assam,2020-07-01T00:00:00Z,151002,37041,96026,133067,0.881226738718693
19,West Bengal,2020-07-01T00:00:00Z,610188,189699,358912,548611,0.899085199971156
20,Jharkhand,2020-07-01T00:00:00Z,147922,50964,88474,139438,0.942645448276795
21,Odisha,2020-07-01T00:00:00Z,232779,72021,146388,218409,0.938267627234416
22,Chhattisgarh,2020-07-01T00:00:00Z,110315,34826,69303,104129,0.943924217014912
23,Madhya Pradesh,2020-07-01T00:00:00Z,360296,132558,217435,349993,0.971404067766503
24,Gujarat,2020-07-01T00:00:00Z,899174,433675,425207,858882,0.955189985475559
25,Daman and Diu,2020-07-01T00:00:00Z,5794,2307,3063,5370,0.926820849154298
26,Dadra and Nagar Haveli,2020-07-01T00:00:00Z,13062,3735,4068,7803,0.597381717960496
27,Maharashtra,2020-07-01T00:00:00Z,1386159,417917,856666,1274583,0.919507069535313
29,Karnataka,2020-07-01T00:00:00Z,746987,297116,392099,689215,0.922659965969957
30,Goa,2020-07-01T00:00:00Z,35883,11013,19430,30443,0.848396176462392
31,Lakshadweep,2020-07-01T00:00:00Z,273,67,141,208,0.761904761904762
32,Kerala,2020-07-01T00:00:00Z,305881,81296,201442,282738,0.924339857657063
33,Tamil Nadu,2020-07-01T00:00:00Z,900135,335465,493683,829148,0.921137384947813
34,Puducherry,2020-07-01T00:00:00Z,19794,6957,11005,17962,0.907446701020511
35,Andaman and Nicobar Islands,2020-07-01T00:00:00Z,3845,576,2978,3554,0.924317295188557
36,Telangana,2020-07-01T00:00:00Z,364550,117058,191937,308995,0.847606638321218
37,Andhra Pradesh,2020-07-01T00:00:00Z,285895,94592,161872,256464,0.897056611693104
38,Ladakh,2020-07-01T00:00:00Z,3245,1184,1897,3081,0.949460708782743
97,Other Territory,2020-07-01T00:00:00Z,82,51,17,68,0.829268292682927
1,Jammu and Kashmir,2020-08-01T00:00:00Z,87783,45076,36859,81935,0.933381178588109
2,Himachal Pradesh,2020-08-01T00:00:00Z,88104,51906,31742,83648,0.949423408698811
3,Punjab,2020-08-01T00:00:00Z,316396,181512,116001,297513,0.94031846167461
4,Chandigarh,2020-08-01T00:00:00Z,26954,16450,9593,26043,0.966201676931068
5,Uttarakhand,2020-08-01T00:00:00Z,135332,73229,51627,124856,0.922590370348476
6,Haryana,2020-08-01T00:00:00Z,439116,245256,158020,403276,0.918381475509888
7,Delhi,2020-08-01T00:00:00Z,756644,382047,276795,658842,0.87074238347228
8,Rajasthan,2020-08-01T00:00:00Z,572250,330813,209855,540668,0.944810834425513
9,Uttar Pradesh,2020-08-01T00:00:00Z,1186115,681257,412799,1094056,0.92238610927271
10,Bihar,2020-08-01T00:00:00Z,343478,158518,151010,309528,0.901158152778344
11,Sikkim,2020-08-01T00:00:00Z,7695,3248,3522,6770,0.879792072774529
12,Arunachal Pradesh,2020-08-01T00:00:00Z,12473,4103,5659,9762,0.78265052513429
13,Nagaland,2020-08-01T00:00:00Z,6785,2722,3018,5740,0.845983787767133
14,Manipur,2020-08-01T00:00:00Z,11132,3026,5122,8148,0.731943945382681
15,Mizoram,2020-08-01T00:00:00Z,6586,2849,2123,4972,0.75493470999089
16,Tripura,2020-08-01T00:00:00Z,25089,13197,8809,22006,0.877117461835864
17,Meghalaya,2020-08-01T00:00:00Z,25913,13486,7586,21072,0.813182572453981
18,Assam,2020-08-01T00:00:00Z,153079,61053,73901,134954,0.881597083858661
19,West Bengal,2020-08-01T00:00:00Z,613926,310788,240194,550982,0.897472985343511
20,Jharkhand,2020-08-01T00:00:00Z,150500,78655,62350,141005,0.936910299003322
21,Odisha,2020-08-01T00:00:00Z,236990,123443,97413,220856,0.931921178108781
22,Chhattisgarh,2020-08-01T00:00:00Z,111481,47133,58133,105266,0.9442505897866
23,Madhya Pradesh,2020-08-01T00:00:00Z,365792,195704,157687,353391,0.966098219753303
24,Gujarat,2020-08-01T00:00:00Z,909355,586440,280819,867259,0.953707847870194
25,Daman and Diu,2020-08-01T00:00:00Z,,,,3,
26,Dadra and Nagar Haveli,2020-08-01T00:00:00Z,14257,7079,6117,13196,0.925580416637441
27,Maharashtra,2020-08-01T00:00:00Z,1395892,620883,662907,1283790,0.919691494757474
29,Karnataka,2020-08-01T00:00:00Z,758127,427206,268363,695569,0.917483482318925
30,Goa,2020-08-01T00:00:00Z,36112,15141,15470,30611,0.847668365086398
31,Lakshadweep,2020-08-01T00:00:00Z,282,90,127,217,0.769503546099291
32,Kerala,2020-08-01T00:00:00Z,309941,123817,162262,286079,0.923011153735711
33,Tamil Nadu,2020-08-01T00:00:00Z,916182,504046,332918,836964,0.913534647046111
34,Puducherry,2020-08-01T00:00:00Z,20052,10081,8036,18117,0.903500897666068
35,Andaman and Nicobar Islands,2020-08-01T00:00:00Z,3856,1190,2362,3552,0.921161825726141
36,Telangana,2020-08-01T00:00:00Z,368236,171317,140582,311899,0.847008440239412
37,Andhra Pradesh,2020-08-01T00:00:00Z,289101,151173,106832,258005,0.892438974614408
38,Ladakh,2020-08-01T00:00:00Z,3370,1613,1582,3195,0.948071216617211
97,Other Territory,2020-08-01T00:00:00Z,82,54,13,67,0.817073170731707
1,Jammu and Kashmir,2020-09-01T00:00:00Z,88382,57872,24416,82288,0.931049308682764
2,Himachal Pradesh,2020-09-01T00:00:00Z,89380,64989,19511,84500,0.945401655851421
3,Punjab,2020-09-01T00:00:00Z,318929,239265,59997,299262,0.938334237400801
4,Chandigarh,2020-09-01T00:00:00Z,27174,19801,6316,26117,0.961102524471922
5,Uttarakhand,2020-09-01T00:00:00Z,138271,92621,33717,126338,0.913698461716484
6,Haryana,2020-09-01T00:00:00Z,444211,299318,107851,407169,0.91661170029558
7,Delhi,2020-09-01T00:00:00Z,764172,477432,186656,664088,0.869029485508498
8,Rajasthan,2020-09-01T00:00:00Z,582052,418470,129210,547680,0.94094685698185
9,Uttar Pradesh,2020-09-01T00:00:00Z,1210642,852568,256896,1109464,0.916426160665168
10,Bihar,2020-09-01T00:00:00Z,355383,221921,93685,315606,0.888072867863685
11,Sikkim,2020-09-01T00:00:00Z,7706,4478,2298,6776,0.879314819621075
12,Arunachal Pradesh,2020-09-01T00:00:00Z,12614,5048,4732,9780,0.775328999524338
13,Nagaland,2020-09-01T00:00:00Z,6814,3358,2423,5781,0.848400352216026
14,Manipur,2020-09-01T00:00:00Z,11315,3730,4465,8195,0.724259832081308
15,Mizoram,2020-09-01T00:00:00Z,6663,3078,1892,4970,0.745910250637851
16,Tripura,2020-09-01T00:00:00Z,25352,16416,5639,22055,0.869951088671505
17,Meghalaya,2020-09-01T00:00:00Z,25659,14818,6290,21108,0.822635332631825
18,Assam,2020-09-01T00:00:00Z,156081,82975,52584,135559,0.868516987974193
19,West Bengal,2020-09-01T00:00:00Z,616763,404568,147612,552180,0.895287168653113
20,Jharkhand,2020-09-01T00:00:00Z,153397,100945,41349,142294,0.927619184208296
21,Odisha,2020-09-01T00:00:00Z,242455,163684,59850,223534,0.921960776226516
22,Chhattisgarh,2020-09-01T00:00:00Z,113499,63747,42471,106218,0.93584965506304
23,Madhya Pradesh,2020-09-01T00:00:00Z,374326,254856,102591,357447,0.954908288497192
24,Gujarat,2020-09-01T00:00:00Z,919225,679924,196719,876643,0.953676194620468
25,Daman and Diu,2020-09-01T00:00:00Z,,,,0,
26,Dadra and Nagar Haveli,2020-09-01T00:00:00Z,14364,8346,4834,13180,0.917571707045391
27,Maharashtra,2020-09-01T00:00:00Z,1408098,856100,434600,1290700,0.916626541618552
29,Karnataka,2020-09-01T00:00:00Z,768520,505482,196162,701644,0.912980794253891
30,Goa,2020-09-01T00:00:00Z,36289,18972,11708,30680,0.845435255862658
31,Lakshadweep,2020-09-01T00:00:00Z,289,112,109,221,0.764705882352941
32,Kerala,2020-09-01T00:00:00Z,313197,180079,108182,288261,0.920382379141563
33,Tamil Nadu,2020-09-01T00:00:00Z,928683,614787,227859,842646,0.907355900775615
34,Puducherry,2020-09-01T00:00:00Z,20172,12415,5680,18095,0.897035494745191
35,Andaman and Nicobar Islands,2020-09-01T00:00:00Z,3868,1532,2025,3557,0.919596690796277
36,Telangana,2020-09-01T00:00:00Z,371659,195649,118469,314118,0.845177972281043
37,Andhra Pradesh,2020-09-01T00:00:00Z,291802,176421,82862,259283,0.888557994804696
38,Ladakh,2020-09-01T00:00:00Z,3518,1964,1375,3339,0.949118817509949
97,Other Territory,2020-09-01T00:00:00Z,82,55,12,67,0.817073170731707
1,Jammu and Kashmir,2020-10-01T00:00:00Z,88352,60368,22373,82741,0.936492665700833
2,Himachal Pradesh,2020-10-01T00:00:00Z,90577,66916,18505,85421,0.943076056835621
3,Punjab,2020-10-01T00:00:00Z,321958,247418,53867,301285,0.935789761397449
4,Chandigarh,2020-10-01T00:00:00Z,27266,20548,5634,26182,0.960243526736595
5,Uttarakhand,2020-10-01T00:00:00Z,140605,95239,33093,128332,0.912712919170727
6,Haryana,2020-10-01T00:00:00Z,451674,309568,102826,412394,0.913034622316095
7,Delhi,2020-10-01T00:00:00Z,777864,494200,177838,672038,0.863953081772649
8,Rajasthan,2020-10-01T00:00:00Z,590940,429441,125578,555019,0.939213794970725
9,Uttar Pradesh,2020-10-01T00:00:00Z,1230797,870853,255588,1126441,0.915212663014291
10,Bihar,2020-10-01T00:00:00Z,365633,212057,109248,321305,0.878763678333192
11,Sikkim,2020-10-01T00:00:00Z,7795,4312,2495,6807,0.87325208466966
12,Arunachal Pradesh,2020-10-01T00:00:00Z,12787,5389,4508,9897,0.773989207789161
13,Nagaland,2020-10-01T00:00:00Z,6964,3438,2416,5854,0.840608845491097
14,Manipur,2020-10-01T00:00:00Z,11545,4085,4255,8340,0.722390645300996
15,Mizoram,2020-10-01T00:00:00Z,6801,3260,1778,5038,0.740773415674166
16,Tripura,2020-10-01T00:00:00Z,25657,17064,5210,22274,0.868145145574307
17,Meghalaya,2020-10-01T00:00:00Z,26031,15157,6187,21344,0.819945449656179
18,Assam,2020-10-01T00:00:00Z,159400,87511,49818,137329,0.861537013801757
19,West Bengal,2020-10-01T00:00:00Z,621241,419972,134806,554778,0.89301575395056
20,Jharkhand,2020-10-01T00:00:00Z,155748,100236,43481,143717,0.922753422194828
21,Odisha,2020-10-01T00:00:00Z,245898,170880,55560,226440,0.920869628870507
22,Chhattisgarh,2020-10-01T00:00:00Z,114692,64171,42947,107118,0.933962264150943
23,Madhya Pradesh,2020-10-01T00:00:00Z,378033,254283,106950,361233,0.955559435287396
24,Gujarat,2020-10-01T00:00:00Z,928340,649465,235343,884808,0.953107697610789
25,Daman and Diu,2020-10-01T00:00:00Z,,,,0,
26,Dadra and Nagar Haveli,2020-10-01T00:00:00Z,14515,8528,4751,13279,0.91484671029969
27,Maharashtra,2020-10-01T00:00:00Z,1413160,878829,420787,1299616,0.919652410201251
29,Karnataka,2020-10-01T00:00:00Z,770579,517901,189559,707460,0.918088865645184
30,Goa,2020-10-01T00:00:00Z,36624,19521,11370,30891,0.843463302752294
31,Lakshadweep,2020-10-01T00:00:00Z,289,120,98,218,0.754325259515571
32,Kerala,2020-10-01T00:00:00Z,316872,197900,93328,291228,0.919071423161403
33,Tamil Nadu,2020-10-01T00:00:00Z,933135,627948,222928,850876,0.911846624550574
34,Puducherry,2020-10-01T00:00:00Z,20319,12872,5370,18242,0.897780402578867
35,Andaman and Nicobar Islands,2020-10-01T00:00:00Z,3955,1685,1907,3592,0.908217446270544
36,Telangana,2020-10-01T00:00:00Z,376783,203944,113603,317547,0.842784839018746
37,Andhra Pradesh,2020-10-01T00:00:00Z,295238,187583,74308,261891,0.887050447435628
38,Ladakh,2020-10-01T00:00:00Z,3623,2248,1191,3439,0.949213359094673
97,Other Territory,2020-10-01T00:00:00Z,82,60,7,67,0.817073170731707
1,Jammu and Kashmir,2020-11-01T00:00:00Z,86447,63625,19511,83136,0.961699075734265
2,Himachal Pradesh,2020-11-01T00:00:00Z,90998,69719,16453,86172,0.946965867381701
3,Punjab,2020-11-01T00:00:00Z,323060,254150,48752,302902,0.937602922057822
4,Chandigarh,2020-11-01T00:00:00Z,27151,21327,4931,26258,0.967109867039888
5,Uttarakhand,2020-11-01T00:00:00Z,141075,102644,27267,129911,0.920864788233209
6,Haryana,2020-11-01T00:00:00Z,454057,326603,89696,416299,0.916843039530279
7,Delhi,2020-11-01T00:00:00Z,781370,531886,145945,677831,0.867490433469419
8,Rajasthan,2020-11-01T00:00:00Z,594928,455539,105314,560853,0.942724161579216
9,Uttar Pradesh,2020-11-01T00:00:00Z,1235793,922947,215595,1138542,0.921304781626049
10,Bihar,2020-11-01T00:00:00Z,370137,239961,84812,324773,0.877439974928202
11,Sikkim,2020-11-01T00:00:00Z,7846,4771,2092,6863,0.87471322967117
12,Arunachal Pradesh,2020-11-01T00:00:00Z,12973,5652,4359,10011,0.771679642334079
13,Nagaland,2020-11-01T00:00:00Z,7048,3742,2202,5944,0.843359818388195
14,Manipur,2020-11-01T00:00:00Z,11604,4654,3793,8447,0.727938641847639
15,Mizoram,2020-11-01T00:00:00Z,6877,3526,1616,5142,0.747709757161553
16,Tripura,2020-11-01T00:00:00Z,25765,17548,4884,22432,0.870638463031244
17,Meghalaya,2020-11-01T00:00:00Z,26186,15812,5692,21504,0.821202169097991
18,Assam,2020-11-01T00:00:00Z,161009,92782,46084,138866,0.862473526324615
19,West Bengal,2020-11-01T00:00:00Z,624748,438244,120237,558481,0.89393003258914
20,Jharkhand,2020-11-01T00:00:00Z,156900,110982,34140,145122,0.924933078393882
21,Odisha,2020-11-01T00:00:00Z,247799,178345,51227,229572,0.926444416644135
22,Chhattisgarh,2020-11-01T00:00:00Z,115249,70741,37311,108052,0.937552603493306
23,Madhya Pradesh,2020-11-01T00:00:00Z,379234,277234,86987,364221,0.960412304803894
24,Gujarat,2020-11-01T00:00:00Z,932930,724876,167570,892446,0.956605533105378
25,Daman and Diu,2020-11-01T00:00:00Z,,,,0,
26,Dadra and Nagar Haveli,2020-11-01T00:00:00Z,14537,9172,4157,13329,0.916901699112609
27,Maharashtra,2020-11-01T00:00:00Z,1410829,951368,358538,1309906,0.928465462504669
29,Karnataka,2020-11-01T00:00:00Z,769439,548857,166166,715023,0.929278344352184
30,Goa,2020-11-01T00:00:00Z,36792,20298,10814,31112,0.8456186127419
31,Lakshadweep,2020-11-01T00:00:00Z,287,129,90,219,0.763066202090592
32,Kerala,2020-11-01T00:00:00Z,319591,209513,85427,294940,0.922867039434778
33,Tamil Nadu,2020-11-01T00:00:00Z,933314,671883,186653,858536,0.91987905463756
34,Puducherry,2020-11-01T00:00:00Z,20437,13644,4712,18356,0.89817487889612
35,Andaman and Nicobar Islands,2020-11-01T00:00:00Z,3994,1894,1722,3616,0.905358037055583
36,Telangana,2020-11-01T00:00:00Z,379786,219292,102453,321745,0.847174461407214
37,Andhra Pradesh,2020-11-01T00:00:00Z,296582,195830,68781,264611,0.892201819395648
38,Ladakh,2020-11-01T00:00:00Z,3714,2515,1014,3529,0.950188476036618
97,Other Territory,2020-11-01T00:00:00Z,82,56,11,67,0.817073170731707
1,Jammu and Kashmir,2020-12-01T00:00:00Z,84627,66253,17370,83623,0.988136174034292
2,Himachal Pradesh,2020-12-01T00:00:00Z,91034,70864,16012,86876,0.954324757782807
3,Punjab,2020-12-01T00:00:00Z,323550,263280,41146,304426,0.940893215886262
4,Chandigarh,2020-12-01T00:00:00Z,26992,22221,4083,26304,0.974510966212211
5,Uttarakhand,2020-12-01T00:00:00Z,140248,106298,25051,131349,0.936548114768125
6,Haryana,2020-12-01T00:00:00Z,454238,342430,76631,419061,0.922558218378912
7,Delhi,2020-12-01T00:00:00Z,767321,564644,117249,681893,0.88866719404265
8,Rajasthan,2020-12-01T00:00:00Z,594970,474358,92336,566694,0.952474914701582
9,Uttar Pradesh,2020-12-01T00:00:00Z,1231355,965854,183719,1149573,0.933583734991128
10,Bihar,2020-12-01T00:00:00Z,372999,261867,67715,329582,0.883600224129287
11,Sikkim,2020-12-01T00:00:00Z,7893,5046,1859,6905,0.874825795008235
12,Arunachal Pradesh,2020-12-01T00:00:00Z,13123,6296,3819,10115,0.770784119484874
13,Nagaland,2020-12-01T00:00:00Z,7088,3958,2044,6002,0.846783295711061
14,Manipur,2020-12-01T00:00:00Z,11593,5280,3285,8565,0.738807901319762
15,Mizoram,2020-12-01T00:00:00Z,6826,3847,1420,5267,0.771608555523
16,Tripura,2020-12-01T00:00:00Z,25839,18150,4560,22710,0.878903982352258
17,Meghalaya,2020-12-01T00:00:00Z,26317,16667,5022,21689,0.824144089371889
18,Assam,2020-12-01T00:00:00Z,161396,98374,42394,140768,0.872190141019604
19,West Bengal,2020-12-01T00:00:00Z,625592,455081,106862,561943,0.898257970050768
20,Jharkhand,2020-12-01T00:00:00Z,155521,117329,29232,146561,0.942387201728384
21,Odisha,2020-12-01T00:00:00Z,248265,185905,46719,232624,0.93699877147403
22,Chhattisgarh,2020-12-01T00:00:00Z,115872,79391,30083,109474,0.944783899475283
23,Madhya Pradesh,2020-12-01T00:00:00Z,378853,300736,66662,367398,0.969763998173434
24,Gujarat,2020-12-01T00:00:00Z,933808,768518,132913,901431,0.965327990336343
25,Daman and Diu,2020-12-01T00:00:00Z,,,,1,
26,Dadra and Nagar Haveli,2020-12-01T00:00:00Z,14477,10132,3228,13360,0.922843130482835
27,Maharashtra,2020-12-01T00:00:00Z,1406326,1022123,299585,1321708,0.939830451829803
29,Karnataka,2020-12-01T00:00:00Z,769503,585393,134921,720314,0.936076922377171
30,Goa,2020-12-01T00:00:00Z,36918,22678,8668,31346,0.84907091391733
31,Lakshadweep,2020-12-01T00:00:00Z,275,-2557,2777,220,0.8
32,Kerala,2020-12-01T00:00:00Z,320883,228047,70082,298129,0.929089418884765
33,Tamil Nadu,2020-12-01T00:00:00Z,923873,699395,168290,867685,0.939182117022578
34,Puducherry,2020-12-01T00:00:00Z,20149,14430,4026,18456,0.915975978956772
35,Andaman and Nicobar Islands,2020-12-01T00:00:00Z,4014,2235,1409,3644,0.907822620827105
36,Telangana,2020-12-01T00:00:00Z,381213,241659,84161,325820,0.854692783299625
37,Andhra Pradesh,2020-12-01T00:00:00Z,297340,206406,61392,267798,0.900645725432165
38,Ladakh,2020-12-01T00:00:00Z,3842,2798,854,3652,0.950546590317543
97,Other Territory,2020-12-01T00:00:00Z,81,59,8,67,0.827160493827161
1,Jammu and Kashmir,2021-01-01T00:00:00Z,45570,27633,16800,44433,0.975049374588545
2,Himachal Pradesh,2021-01-01T00:00:00Z,40225,24101,12426,36527,0.908067122436296
3,Punjab,2021-01-01T00:00:00Z,144815,95397,34983,130380,0.900321099333633
4,Chandigarh,2021-01-01T00:00:00Z,12937,9080,3526,12606,0.974414470124449
5,Uttarakhand,2021-01-01T00:00:00Z,71169,39594,24121,63715,0.895263387148899
6,Haryana,2021-01-01T00:00:00Z,236480,136528,71299,207827,0.878835419485792
7,Delhi,2021-01-01T00:00:00Z,376545,205337,113440,318777,0.846584073616699
8,Rajasthan,2021-01-01T00:00:00Z,254311,153353,80377,233730,0.919071530527582
9,Uttar Pradesh,2021-01-01T00:00:00Z,676084,422532,184372,606904,0.897675436780045
10,Bihar,2021-01-01T00:00:00Z,223052,108992,71699,180691,0.81008464393953
11,Sikkim,2021-01-01T00:00:00Z,5264,2499,1757,4256,0.808510638297872
12,Arunachal Pradesh,2021-01-01T00:00:00Z,9471,3108,3503,6611,0.698025551684088
13,Nagaland,2021-01-01T00:00:00Z,5686,2712,1936,4648,0.817446359479423
14,Manipur,2021-01-01T00:00:00Z,9713,3393,3316,6709,0.690723772263976
15,Mizoram,2021-01-01T00:00:00Z,5390,2282,1648,3930,0.729128014842301
16,Tripura,2021-01-01T00:00:00Z,15838,8306,4556,12862,0.812097487056447
17,Meghalaya,2021-01-01T00:00:00Z,16878,7596,4803,12399,0.734624955563455
18,Assam,2021-01-01T00:00:00Z,108346,47301,41721,89022,0.821645469145146
19,West Bengal,2021-01-01T00:00:00Z,329721,167188,102355,269543,0.817488118742816
20,Jharkhand,2021-01-01T00:00:00Z,96011,57497,30557,88054,0.917124079532554
21,Odisha,2021-01-01T00:00:00Z,136662,73090,48094,121184,0.886742474133263
22,Chhattisgarh,2021-01-01T00:00:00Z,66168,34705,26428,61133,0.92390581549994
23,Madhya Pradesh,2021-01-01T00:00:00Z,171701,106059,56821,162880,0.948625808818819
24,Gujarat,2021-01-01T00:00:00Z,471009,331834,111975,443809,0.94225163425752
25,Daman and Diu,2021-01-01T00:00:00Z,,,,1,
26,Dadra and Nagar Haveli,2021-01-01T00:00:00Z,10236,6279,2933,9212,0.899960922235248
27,Maharashtra,2021-01-01T00:00:00Z,685252,383642,251549,635191,0.926945123837654
29,Karnataka,2021-01-01T00:00:00Z,526548,352267,135603,487870,0.926544208695124
30,Goa,2021-01-01T00:00:00Z,23509,10488,7891,18379,0.781785699093964
31,Lakshadweep,2021-01-01T00:00:00Z,225,90,83,173,0.768888888888889
32,Kerala,2021-01-01T00:00:00Z,237285,145562,72795,218357,0.920230945908928
33,Tamil Nadu,2021-01-01T00:00:00Z,726285,519637,160873,680510,0.936973777511583
34,Puducherry,2021-01-01T00:00:00Z,15727,10475,3949,14424,0.917148852292236
35,Andaman and Nicobar Islands,2021-01-01T00:00:00Z,3140,1490,1304,2794,0.889808917197452
36,Telangana,2021-01-01T00:00:00Z,286191,159471,80504,239975,0.838513440324818
37,Andhra Pradesh,2021-01-01T00:00:00Z,215259,135264,54995,190259,0.883860837409818
38,Ladakh,2021-01-01T00:00:00Z,1986,1066,762,1828,0.920443101711984
97,Other Territory,2021-01-01T00:00:00Z,74,51,10,61,0.824324324324324
1,Jammu and Kashmir,2021-02-01T00:00:00Z,44854,31323,14041,45364,1.01137022339145
2,Himachal Pradesh,2021-02-01T00:00:00Z,39963,27128,10594,37722,0.943923128894227
3,Punjab,2021-02-01T00:00:00Z,144139,103966,29044,133010,0.92278980706124
4,Chandigarh,2021-02-01T00:00:00Z,12710,9797,2940,12737,1.0021243115657
5,Uttarakhand,2021-02-01T00:00:00Z,69125,44408,20947,65355,0.945461121157324
6,Haryana,2021-02-01T00:00:00Z,230595,151499,60079,211578,0.917530735705458
7,Delhi,2021-02-01T00:00:00Z,362039,229612,92463,322075,0.88961410234809
8,Rajasthan,2021-02-01T00:00:00Z,253807,176513,65971,242484,0.955387361262692
9,Uttar Pradesh,2021-02-01T00:00:00Z,651597,466341,154097,620438,0.952180565594992
10,Bihar,2021-02-01T00:00:00Z,218640,129207,58295,187502,0.857583241858763
11,Sikkim,2021-02-01T00:00:00Z,5086,2841,1534,4375,0.86020448289422
12,Arunachal Pradesh,2021-02-01T00:00:00Z,9338,3491,3236,6727,0.720389805097451
13,Nagaland,2021-02-01T00:00:00Z,5621,3025,1706,4731,0.841665184130938
14,Manipur,2021-02-01T00:00:00Z,9310,3946,2879,6825,0.733082706766917
15,Mizoram,2021-02-01T00:00:00Z,5128,2658,1362,4020,0.78393135725429
16,Tripura,2021-02-01T00:00:00Z,15495,9316,3685,13001,0.839044853178445
17,Meghalaya,2021-02-01T00:00:00Z,16504,8254,4207,12461,0.755029083858459
18,Assam,2021-02-01T00:00:00Z,101792,54374,36547,90921,0.893203788116944
19,West Bengal,2021-02-01T00:00:00Z,323065,190410,82727,273137,0.845455248943711
20,Jharkhand,2021-02-01T00:00:00Z,92769,64322,25132,89454,0.964266080263881
21,Odisha,2021-02-01T00:00:00Z,130439,85083,39041,124124,0.95158656536772
22,Chhattisgarh,2021-02-01T00:00:00Z,65704,38979,24440,63419,0.965222817484476
23,Madhya Pradesh,2021-02-01T00:00:00Z,169194,116811,50506,167317,0.988906225989101
24,Gujarat,2021-02-01T00:00:00Z,469149,356663,97980,454643,0.969080185612673
25,Daman and Diu,2021-02-01T00:00:00Z,,,,1,
26,Dadra and Nagar Haveli,2021-02-01T00:00:00Z,10198,6670,2644,9314,0.913316336536576
27,Maharashtra,2021-02-01T00:00:00Z,667048,426019,222375,648394,0.972034995982298
29,Karnataka,2021-02-01T00:00:00Z,525083,378780,117081,495861,0.944347845959591
30,Goa,2021-02-01T00:00:00Z,22626,11473,7084,18557,0.820162644744984
31,Lakshadweep,2021-02-01T00:00:00Z,223,104,75,179,0.802690582959641
32,Kerala,2021-02-01T00:00:00Z,231667,154098,66757,220855,0.953329563554585
33,Tamil Nadu,2021-02-01T00:00:00Z,715063,545907,142316,688223,0.96246484575485
34,Puducherry,2021-02-01T00:00:00Z,15666,10874,3686,14560,0.929401251117069
35,Andaman and Nicobar Islands,2021-02-01T00:00:00Z,3099,1547,1283,2830,0.913197805743788
36,Telangana,2021-02-01T00:00:00Z,282649,170947,73107,244054,0.863452550690079
37,Andhra Pradesh,2021-02-01T00:00:00Z,211045,143101,49577,192678,0.912971167286598
38,Ladakh,2021-02-01T00:00:00Z,2072,1329,748,2077,1.00241312741313
97,Other Territory,2021-02-01T00:00:00Z,75,56,7,63,0.84
1,Jammu and Kashmir,2021-03-01T00:00:00Z,84140,60758,25063,85821,1.01997860708343
2,Himachal Pradesh,2021-03-01T00:00:00Z,90790,66128,23148,89276,0.983324154642582
3,Punjab,2021-03-01T00:00:00Z,318519,245059,63424,308483,0.968491675535839
4,Chandigarh,2021-03-01T00:00:00Z,26399,20288,6134,26422,1.00087124512292
5,Uttarakhand,2021-03-01T00:00:00Z,138667,93683,41138,134821,0.972264489748823
6,Haryana,2021-03-01T00:00:00Z,438177,308249,113642,421891,0.962832371393295
7,Delhi,2021-03-01T00:00:00Z,717401,464296,217621,681917,0.950538123030216
8,Rajasthan,2021-03-01T00:00:00Z,590776,392458,189985,582443,0.985894823080152
9,Uttar Pradesh,2021-03-01T00:00:00Z,1203078,819148,356487,1175635,0.977189342669386
10,Bihar,2021-03-01T00:00:00Z,376756,224983,121086,346069,0.91854940598159
11,Sikkim,2021-03-01T00:00:00Z,7885,4639,2614,7253,0.919847812301839
12,Arunachal Pradesh,2021-03-01T00:00:00Z,12705,5283,5087,10370,0.816214088941362
13,Nagaland,2021-03-01T00:00:00Z,6948,3478,2647,6125,0.881548647092689
14,Manipur,2021-03-01T00:00:00Z,10990,4656,4110,8766,0.797634212920837
15,Mizoram,2021-03-01T00:00:00Z,6600,3725,1734,5459,0.827121212121212
16,Tripura,2021-03-01T00:00:00Z,25465,16009,7132,23141,0.908737482819556
17,Meghalaya,2021-03-01T00:00:00Z,25358,15642,6153,21795,0.859492073507374
18,Assam,2021-03-01T00:00:00Z,155251,80725,64374,145099,0.934609116849489
19,West Bengal,2021-03-01T00:00:00Z,619161,420855,148288,569143,0.919216488118599
20,Jharkhand,2021-03-01T00:00:00Z,153057,98317,51493,149810,0.978785681151467
21,Odisha,2021-03-01T00:00:00Z,245647,165743,73580,239323,0.974255740961624
22,Chhattisgarh,2021-03-01T00:00:00Z,116311,47068,67294,114362,0.983243201416891
23,Madhya Pradesh,2021-03-01T00:00:00Z,378386,199843,176846,376689,0.995515161766027
24,Gujarat,2021-03-01T00:00:00Z,935950,699616,222917,922533,0.985664832523105
25,Daman and Diu,2021-03-01T00:00:00Z,,,,1,
26,Dadra and Nagar Haveli,2021-03-01T00:00:00Z,13967,8769,4731,13500,0.96656404381757
27,Maharashtra,2021-03-01T00:00:00Z,1363993,866125,477053,1343178,0.984739657754842
29,Karnataka,2021-03-01T00:00:00Z,765317,539873,198875,738748,0.96528366676815
30,Goa,2021-03-01T00:00:00Z,35459,20167,11531,31698,0.893933839081756
31,Lakshadweep,2021-03-01T00:00:00Z,272,125,101,226,0.830882352941177
32,Kerala,2021-03-01T00:00:00Z,314391,194949,110184,305133,0.970552592154356
33,Tamil Nadu,2021-03-01T00:00:00Z,910875,659309,228529,887838,0.974708933717579
34,Puducherry,2021-03-01T00:00:00Z,19723,13268,5371,18639,0.945038787202758
35,Andaman and Nicobar Islands,2021-03-01T00:00:00Z,3984,2029,1683,3712,0.931726907630522
36,Telangana,2021-03-01T00:00:00Z,372165,219798,115057,334855,0.899748767347816
37,Andhra Pradesh,2021-03-01T00:00:00Z,290704,183740,88644,272384,0.936980571302769
38,Ladakh,2021-03-01T00:00:00Z,4235,3069,1194,4263,1.00661157024793
97,Other Territory,2021-03-01T00:00:00Z,81,54,15,69,0.851851851851852
1,Jammu and Kashmir,2021-04-01T00:00:00Z,54507,9587,46248,55835,1.02436384317611
2,Himachal Pradesh,2021-04-01T00:00:00Z,44420,7833,35059,42892,0.965601080594327
3,Punjab,2021-04-01T00:00:00Z,160461,35591,115321,150912,0.940490212575018
4,Chandigarh,2021-04-01T00:00:00Z,15343,4007,11235,15242,0.99341719350844
5,Uttarakhand,2021-04-01T00:00:00Z,78917,12881,62125,75006,0.950441603203366
6,Haryana,2021-04-01T00:00:00Z,255914,41806,197593,239399,0.93546660206163
7,Delhi,2021-04-01T00:00:00Z,406536,59365,313636,373001,0.917510380384517
8,Rajasthan,2021-04-01T00:00:00Z,263923,38538,221347,259885,0.984700082978748
9,Uttar Pradesh,2021-04-01T00:00:00Z,768494,115025,625756,740781,0.963938560353106
10,Bihar,2021-04-01T00:00:00Z,245454,33894,181834,215728,0.878893804949196
11,Sikkim,2021-04-01T00:00:00Z,5479,1124,3721,4845,0.884285453549918
12,Arunachal Pradesh,2021-04-01T00:00:00Z,10109,1385,6376,7761,0.767731724206153
13,Nagaland,2021-04-01T00:00:00Z,5921,1313,3836,5149,0.86961661881439
14,Manipur,2021-04-01T00:00:00Z,9480,1147,6135,7282,0.768143459915612
15,Mizoram,2021-04-01T00:00:00Z,5899,1641,3074,4715,0.799288014917783
16,Tripura,2021-04-01T00:00:00Z,18100,3372,12797,16169,0.893314917127072
17,Meghalaya,2021-04-01T00:00:00Z,16562,3476,9653,13129,0.792718270740249
18,Assam,2021-04-01T00:00:00Z,112837,17404,84658,102062,0.90450827299556
19,West Bengal,2021-04-01T00:00:00Z,376743,79035,248020,327055,0.868111683561473
20,Jharkhand,2021-04-01T00:00:00Z,108412,19011,85731,104742,0.966147658930746
21,Odisha,2021-04-01T00:00:00Z,149317,26484,116711,143195,0.958999979908517
22,Chhattisgarh,2021-04-01T00:00:00Z,71837,11893,57257,69150,0.962595876776591
23,Madhya Pradesh,2021-04-01T00:00:00Z,185661,30209,153232,183441,0.988042723027453
24,Gujarat,2021-04-01T00:00:00Z,554520,126315,412393,538708,0.97148524850321
25,Daman and Diu,2021-04-01T00:00:00Z,,,,1,
26,Dadra and Nagar Haveli,2021-04-01T00:00:00Z,11035,3169,7352,10521,0.953420933393747
27,Maharashtra,2021-04-01T00:00:00Z,747626,175007,550928,725935,0.970986830313553
29,Karnataka,2021-04-01T00:00:00Z,592417,88083,478254,566337,0.955976955421603
30,Goa,2021-04-01T00:00:00Z,24272,3744,16649,20393,0.840186222808174
31,Lakshadweep,2021-04-01T00:00:00Z,196,52,126,178,0.908163265306123
32,Kerala,2021-04-01T00:00:00Z,255053,15285,228423,243708,0.955519048981976
33,Tamil Nadu,2021-04-01T00:00:00Z,803124,136119,641105,777224,0.967750932608165
34,Puducherry,2021-04-01T00:00:00Z,17297,2951,13183,16134,0.932762906862462
35,Andaman and Nicobar Islands,2021-04-01T00:00:00Z,3346,499,2548,3047,0.910639569635386
36,Telangana,2021-04-01T00:00:00Z,313567,64367,211670,276037,0.880312660452152
37,Andhra Pradesh,2021-04-01T00:00:00Z,237775,45740,173628,219368,0.922586478814005
38,Ladakh,2021-04-01T00:00:00Z,2070,396,1655,2051,0.990821256038647
97,Other Territory,2021-04-01T00:00:00Z,76,52,12,64,0.842105263157895
1,Jammu and Kashmir,2021-05-01T00:00:00Z,53973,13356,42911,56267,1.04250273284791
2,Himachal Pradesh,2021-05-01T00:00:00Z,44517,9674,33339,43013,0.966215153761484
3,Punjab,2021-05-01T00:00:00Z,161190,36496,115775,152271,0.944667783361251
4,Chandigarh,2021-05-01T00:00:00Z,15350,4403,10864,15267,0.994592833876222
5,Uttarakhand,2021-05-01T00:00:00Z,78856,17527,57262,74789,0.948424977173582
6,Haryana,2021-05-01T00:00:00Z,256165,58042,180980,239022,0.933078289383796
7,Delhi,2021-05-01T00:00:00Z,404491,84001,285954,369955,0.914618619450124
8,Rajasthan,2021-05-01T00:00:00Z,264168,59761,200964,260725,0.98696662729778
9,Uttar Pradesh,2021-05-01T00:00:00Z,766983,175262,564927,740189,0.965065718536134
10,Bihar,2021-05-01T00:00:00Z,247965,46090,170619,216709,0.87394995261428
11,Sikkim,2021-05-01T00:00:00Z,5462,1118,3675,4793,0.877517392896375
12,Arunachal Pradesh,2021-05-01T00:00:00Z,10163,1421,6374,7795,0.766997933681
13,Nagaland,2021-05-01T00:00:00Z,5940,1049,4112,5161,0.868855218855219
14,Manipur,2021-05-01T00:00:00Z,9486,1373,5879,7252,0.76449504532996
15,Mizoram,2021-05-01T00:00:00Z,5806,1586,3120,4706,0.810540819841543
16,Tripura,2021-05-01T00:00:00Z,17996,2677,13562,16239,0.902367192709491
17,Meghalaya,2021-05-01T00:00:00Z,16580,3605,9459,13064,0.787937273823884
18,Assam,2021-05-01T00:00:00Z,111842,17552,84359,101911,0.911205092898911
19,West Bengal,2021-05-01T00:00:00Z,377506,71058,256618,327676,0.8680020979799
20,Jharkhand,2021-05-01T00:00:00Z,108534,22968,81742,104710,0.964766801186725
21,Odisha,2021-05-01T00:00:00Z,149659,27929,116026,143955,0.96188668907316
22,Chhattisgarh,2021-05-01T00:00:00Z,72505,16369,52842,69211,0.954568650437901
23,Madhya Pradesh,2021-05-01T00:00:00Z,186389,45637,138203,183840,0.98632430025377
24,Gujarat,2021-05-01T00:00:00Z,558618,153200,390411,543611,0.9731354879363
25,Daman and Diu,2021-05-01T00:00:00Z,,,,1,
26,Dadra and Nagar Haveli,2021-05-01T00:00:00Z,10929,3452,7056,10508,0.961478634824778
27,Maharashtra,2021-05-01T00:00:00Z,754952,186350,545420,731770,0.969293412031493
29,Karnataka,2021-05-01T00:00:00Z,593173,106801,459772,566573,0.955156421482434
30,Goa,2021-05-01T00:00:00Z,24257,4714,15694,20408,0.841324153852496
31,Lakshadweep,2021-05-01T00:00:00Z,195,46,127,173,0.887179487179487
32,Kerala,2021-05-01T00:00:00Z,254802,22338,221603,243941,0.957374745881116
33,Tamil Nadu,2021-05-01T00:00:00Z,805681,129228,648844,778072,0.965732094960661
34,Puducherry,2021-05-01T00:00:00Z,17324,3442,12713,16155,0.932521357654122
35,Andaman and Nicobar Islands,2021-05-01T00:00:00Z,3343,457,2573,3030,0.906371522584505
36,Telangana,2021-05-01T00:00:00Z,315037,68092,208612,276704,0.878322228817568
37,Andhra Pradesh,2021-05-01T00:00:00Z,238690,48794,171179,219973,0.921584481964054
38,Ladakh,2021-05-01T00:00:00Z,2134,530,1584,2114,0.990627928772259
97,Other Territory,2021-05-01T00:00:00Z,77,43,22,65,0.844155844155844
1,Jammu and Kashmir,2021-06-01T00:00:00Z,85686,56293,31890,88183,1.02914128329015
2,Himachal Pradesh,2021-06-01T00:00:00Z,92010,62949,26874,89823,0.976230844473427
3,Punjab,2021-06-01T00:00:00Z,320319,238436,71862,310298,0.968715561674456
4,Chandigarh,2021-06-01T00:00:00Z,26465,18827,7512,26339,0.995238994898923
5,Uttarakhand,2021-06-01T00:00:00Z,139510,87652,47144,134796,0.966210307504838
6,Haryana,2021-06-01T00:00:00Z,440788,289078,131515,420593,0.954184324437144
7,Delhi,2021-06-01T00:00:00Z,718779,479679,196797,676476,0.941146026803788
8,Rajasthan,2021-06-01T00:00:00Z,591219,412388,171616,584004,0.987796400318664
9,Uttar Pradesh,2021-06-01T00:00:00Z,1193073,764750,410618,1175368,0.985160170417066
10,Bihar,2021-06-01T00:00:00Z,387570,217398,139675,357073,0.921312279072168
11,Sikkim,2021-06-01T00:00:00Z,8047,4175,3087,7262,0.902448117310799
12,Arunachal Pradesh,2021-06-01T00:00:00Z,12994,4851,5654,10505,0.808450053871017
13,Nagaland,2021-06-01T00:00:00Z,7004,3042,3135,6177,0.881924614505997
14,Manipur,2021-06-01T00:00:00Z,11077,3317,5398,8715,0.786765369684933
15,Mizoram,2021-06-01T00:00:00Z,6586,3056,2383,5439,0.825842696629214
16,Tripura,2021-06-01T00:00:00Z,25145,13700,9466,23166,0.921296480413601
17,Meghalaya,2021-06-01T00:00:00Z,25396,13243,8440,21683,0.853795873365884
18,Assam,2021-06-01T00:00:00Z,156288,71253,74370,145623,0.931760595823096
19,West Bengal,2021-06-01T00:00:00Z,622937,385050,184034,569084,0.913549845329464
20,Jharkhand,2021-06-01T00:00:00Z,155259,91481,58675,150156,0.967132340154194
21,Odisha,2021-06-01T00:00:00Z,249952,142507,98985,241492,0.966153501472283
22,Chhattisgarh,2021-06-01T00:00:00Z,118891,63999,51339,115338,0.970115483930659
23,Madhya Pradesh,2021-06-01T00:00:00Z,382231,250560,127425,377985,0.988891534176977
24,Gujarat,2021-06-01T00:00:00Z,943614,708019,221981,930000,0.985572490446305
25,Daman and Diu,2021-06-01T00:00:00Z,,,,1,
26,Dadra and Nagar Haveli,2021-06-01T00:00:00Z,13837,8518,4916,13434,0.970875189708752
27,Maharashtra,2021-06-01T00:00:00Z,1378095,853111,493290,1346401,0.977001585522043
29,Karnataka,2021-06-01T00:00:00Z,768378,470743,267349,738092,0.960584503981114
30,Goa,2021-06-01T00:00:00Z,35597,18516,13086,31602,0.887771441413602
31,Lakshadweep,2021-06-01T00:00:00Z,238,121,93,214,0.899159663865546
32,Kerala,2021-06-01T00:00:00Z,315837,140525,162831,303356,0.960482780674842
33,Tamil Nadu,2021-06-01T00:00:00Z,924274,576762,313916,890678,0.963651471316947
34,Puducherry,2021-06-01T00:00:00Z,19854,10914,7625,18539,0.933766495416541
35,Andaman and Nicobar Islands,2021-06-01T00:00:00Z,4020,1696,1994,3690,0.917910447761194
36,Telangana,2021-06-01T00:00:00Z,378050,201487,137068,338555,0.895529691839704
37,Andhra Pradesh,2021-06-01T00:00:00Z,292586,172338,100399,272737,0.932160117025422
38,Ladakh,2021-06-01T00:00:00Z,4565,2966,1556,4522,0.990580503833516
97,Other Territory,2021-06-01T00:00:00Z,82,55,16,71,0.865853658536585
1,Jammu and Kashmir,2021-07-01T00:00:00Z,56418,42435,15943,58378,1.0347406855968
2,Himachal Pradesh,2021-07-01T00:00:00Z,44191,31396,10827,42223,0.95546604512231
3,Punjab,2021-07-01T00:00:00Z,159828,123198,27533,150731,0.943082563756038
4,Chandigarh,2021-07-01T00:00:00Z,15442,12336,2932,15268,0.988732029529854
5,Uttarakhand,2021-07-01T00:00:00Z,78838,52549,22036,74585,0.946053933382379
6,Haryana,2021-07-01T00:00:00Z,256617,181427,60312,241739,0.942022547220176
7,Delhi,2021-07-01T00:00:00Z,403668,282597,91145,373742,0.925864819604229
8,Rajasthan,2021-07-01T00:00:00Z,261213,187758,69572,257330,0.985134736785688
9,Uttar Pradesh,2021-07-01T00:00:00Z,775495,572029,184064,756093,0.974981141077634
10,Bihar,2021-07-01T00:00:00Z,254467,160711,69018,229729,0.902785036959606
11,Sikkim,2021-07-01T00:00:00Z,5619,3218,1604,4822,0.858159814913686
12,Arunachal Pradesh,2021-07-01T00:00:00Z,10237,4286,3562,7848,0.766630848881508
13,Nagaland,2021-07-01T00:00:00Z,5966,3273,1853,5126,0.859202145491116
14,Manipur,2021-07-01T00:00:00Z,9575,4031,3275,7306,0.763028720626632
15,Mizoram,2021-07-01T00:00:00Z,5878,3216,1472,4688,0.797550187138483
16,Tripura,2021-07-01T00:00:00Z,18343,12473,3977,16450,0.896799869159898
17,Meghalaya,2021-07-01T00:00:00Z,16475,8583,4374,12957,0.786464339908953
18,Assam,2021-07-01T00:00:00Z,113087,65128,39250,104378,0.922988495583047
19,West Bengal,2021-07-01T00:00:00Z,379798,246539,82788,329327,0.867110937919631
20,Jharkhand,2021-07-01T00:00:00Z,111838,77822,29068,106890,0.955757434861138
21,Odisha,2021-07-01T00:00:00Z,151431,99495,43735,143230,0.945843321380695
22,Chhattisgarh,2021-07-01T00:00:00Z,72813,42853,26544,69397,0.953085300701798
23,Madhya Pradesh,2021-07-01T00:00:00Z,184231,126062,54023,180085,0.977495644055561
24,Gujarat,2021-07-01T00:00:00Z,563773,448580,103799,552379,0.979789738068336
25,Daman and Diu,2021-07-01T00:00:00Z,,,,1,
26,Dadra and Nagar Haveli,2021-07-01T00:00:00Z,11094,7766,2866,10632,0.958355868036777
27,Maharashtra,2021-07-01T00:00:00Z,758000,501172,231166,732338,0.966145118733509
29,Karnataka,2021-07-01T00:00:00Z,601605,429186,144650,573836,0.953841806500943
30,Goa,2021-07-01T00:00:00Z,24050,13291,7098,20389,0.847775467775468
31,Lakshadweep,2021-07-01T00:00:00Z,197,113,58,171,0.868020304568528
32,Kerala,2021-07-01T00:00:00Z,257348,168699,76783,245482,0.953891228997311
33,Tamil Nadu,2021-07-01T00:00:00Z,822173,619559,171436,790995,0.962078540647771
34,Puducherry,2021-07-01T00:00:00Z,17743,12264,4206,16470,0.928253395705349
35,Andaman and Nicobar Islands,2021-07-01T00:00:00Z,3295,1697,1302,2999,0.910166919575114
36,Telangana,2021-07-01T00:00:00Z,322476,197550,85386,282936,0.877386224091095
37,Andhra Pradesh,2021-07-01T00:00:00Z,242899,164575,58664,223239,0.919061008896702
38,Ladakh,2021-07-01T00:00:00Z,2092,1143,867,2010,0.960803059273423
97,Other Territory,2021-07-01T00:00:00Z,77,60,5,65,0.844155844155844
1,Jammu and Kashmir,2021-08-01T00:00:00Z,59030,44923,15967,60890,1.03150940199898
2,Himachal Pradesh,2021-08-01T00:00:00Z,44492,32162,11092,43254,0.972174772992898
3,Punjab,2021-08-01T00:00:00Z,162180,123165,30518,153683,0.947607596497719
4,Chandigarh,2021-08-01T00:00:00Z,15635,12275,3194,15469,0.989382795011193
5,Uttarakhand,2021-08-01T00:00:00Z,80553,54241,22338,76579,0.950666021128946
6,Haryana,2021-08-01T00:00:00Z,263426,184322,62604,246926,0.937363813746555
7,Delhi,2021-08-01T00:00:00Z,406853,293612,87550,381162,0.936854342969082
8,Rajasthan,2021-08-01T00:00:00Z,269820,194565,72408,266973,0.98944852123638
9,Uttar Pradesh,2021-08-01T00:00:00Z,789854,594361,178704,773065,0.97874417297374
10,Bihar,2021-08-01T00:00:00Z,263449,178009,66434,244443,0.927857004581532
11,Sikkim,2021-08-01T00:00:00Z,5711,3351,1553,4904,0.858693748905621
12,Arunachal Pradesh,2021-08-01T00:00:00Z,10162,4420,3530,7950,0.782326313717772
13,Nagaland,2021-08-01T00:00:00Z,5920,3386,1805,5191,0.876858108108108
14,Manipur,2021-08-01T00:00:00Z,9750,4211,3166,7377,0.756615384615385
15,Mizoram,2021-08-01T00:00:00Z,5897,3348,1364,4712,0.799050364592166
16,Tripura,2021-08-01T00:00:00Z,18513,12524,4118,16642,0.898935882893102
17,Meghalaya,2021-08-01T00:00:00Z,16675,9279,3941,13220,0.7928035982009
18,Assam,2021-08-01T00:00:00Z,116164,69610,38280,107890,0.928773113873489
19,West Bengal,2021-08-01T00:00:00Z,378910,251099,83016,334115,0.881779314349054
20,Jharkhand,2021-08-01T00:00:00Z,113722,81058,27458,108516,0.954221698527989
21,Odisha,2021-08-01T00:00:00Z,154416,103700,43052,146752,0.95036783752979
22,Chhattisgarh,2021-08-01T00:00:00Z,74776,44857,26328,71185,0.951976570022467
23,Madhya Pradesh,2021-08-01T00:00:00Z,187639,130913,54015,184928,0.985552044084652
24,Gujarat,2021-08-01T00:00:00Z,571583,447744,110918,558662,0.977394359174433
25,Daman and Diu,2021-08-01T00:00:00Z,,,,1,
26,Dadra and Nagar Haveli,2021-08-01T00:00:00Z,11128,7575,3103,10678,0.959561466570812
27,Maharashtra,2021-08-01T00:00:00Z,766789,502998,245387,748385,0.975998612395327
29,Karnataka,2021-08-01T00:00:00Z,609453,440736,142334,583070,0.956710361586537
30,Goa,2021-08-01T00:00:00Z,24263,12869,7749,20618,0.849771256645922
31,Lakshadweep,2021-08-01T00:00:00Z,196,114,58,172,0.877551020408163
32,Kerala,2021-08-01T00:00:00Z,259512,178522,69237,247759,0.95471115015876
33,Tamil Nadu,2021-08-01T00:00:00Z,833879,620339,179387,799726,0.959043218500526
34,Puducherry,2021-08-01T00:00:00Z,17812,12195,4423,16618,0.932966539411633
35,Andaman and Nicobar Islands,2021-08-01T00:00:00Z,3265,1781,1233,3014,0.92312404287902
36,Telangana,2021-08-01T00:00:00Z,327345,199892,86903,286795,0.876124578044571
37,Andhra Pradesh,2021-08-01T00:00:00Z,244806,167109,58408,225517,0.921206996560542
38,Ladakh,2021-08-01T00:00:00Z,2205,1269,867,2136,0.968707482993197
97,Other Territory,2021-08-01T00:00:00Z,77,56,9,65,0.844155844155844
1,Jammu and Kashmir,2021-09-01T00:00:00Z,93037,74661,20018,94679,1.01764889237615
2,Himachal Pradesh,2021-09-01T00:00:00Z,93894,74259,17959,92218,0.982150084137432
3,Punjab,2021-09-01T00:00:00Z,327297,263554,52011,315565,0.964154880735234
4,Chandigarh,2021-09-01T00:00:00Z,26938,21781,4868,26649,0.989271660850843
5,Uttarakhand,2021-09-01T00:00:00Z,144082,105555,33586,139141,0.965707027942422
6,Haryana,2021-09-01T00:00:00Z,454446,344585,88351,432936,0.952667643680437
7,Delhi,2021-09-01T00:00:00Z,722282,569629,123923,693552,0.9602232922875
8,Rajasthan,2021-09-01T00:00:00Z,613565,480460,123789,604249,0.98481660459772
9,Uttar Pradesh,2021-09-01T00:00:00Z,1245422,972790,240808,1213598,0.974447215481981
10,Bihar,2021-09-01T00:00:00Z,418128,308574,85675,394249,0.942890693758849
11,Sikkim,2021-09-01T00:00:00Z,8314,5305,2172,7477,0.899326437334616
12,Arunachal Pradesh,2021-09-01T00:00:00Z,13196,6552,4221,10773,0.816383752652319
13,Nagaland,2021-09-01T00:00:00Z,7073,4344,2004,6348,0.897497525802347
14,Manipur,2021-09-01T00:00:00Z,11436,5373,3617,8990,0.786114025883176
15,Mizoram,2021-09-01T00:00:00Z,6699,4224,1287,5511,0.822660098522168
16,Tripura,2021-09-01T00:00:00Z,25418,18159,5438,23597,0.928357856637029
17,Meghalaya,2021-09-01T00:00:00Z,25656,17111,5298,22409,0.873440910508263
18,Assam,2021-09-01T00:00:00Z,165468,107539,47938,155477,0.939619745207533
19,West Bengal,2021-09-01T00:00:00Z,628364,459363,120876,580239,0.923412226034591
20,Jharkhand,2021-09-01T00:00:00Z,160157,120630,33455,154085,0.962087201933103
21,Odisha,2021-09-01T00:00:00Z,259264,188167,60193,248360,0.957942483337448
22,Chhattisgarh,2021-09-01T00:00:00Z,124489,84185,35662,119847,0.962711564877218
23,Madhya Pradesh,2021-09-01T00:00:00Z,392348,299565,88166,387731,0.98823238553529
24,Gujarat,2021-09-01T00:00:00Z,961057,795689,149419,945108,0.983404730416614
25,Daman and Diu,2021-09-01T00:00:00Z,,,,0,
26,Dadra and Nagar Haveli,2021-09-01T00:00:00Z,14078,10079,3499,13578,0.964483591419236
27,Maharashtra,2021-09-01T00:00:00Z,1410553,1033677,344581,1378258,0.977104724175554
29,Karnataka,2021-09-01T00:00:00Z,790568,586932,172553,759485,0.960682699021463
30,Goa,2021-09-01T00:00:00Z,36018,22905,9132,32037,0.889471930701316
31,Lakshadweep,2021-09-01T00:00:00Z,243,158,57,215,0.88477366255144
32,Kerala,2021-09-01T00:00:00Z,322067,234066,74912,308978,0.959359387953438
33,Tamil Nadu,2021-09-01T00:00:00Z,956956,732727,182498,915225,0.956391934425407
34,Puducherry,2021-09-01T00:00:00Z,20088,14312,4531,18843,0.938022700119474
35,Andaman and Nicobar Islands,2021-09-01T00:00:00Z,4071,2383,1409,3792,0.931466470154753
36,Telangana,2021-09-01T00:00:00Z,393681,255724,94031,349755,0.888422352107417
37,Andhra Pradesh,2021-09-01T00:00:00Z,299772,213755,63812,277567,0.925927037882124
38,Ladakh,2021-09-01T00:00:00Z,4967,3433,1449,4882,0.982887054560097
97,Other Territory,2021-09-01T00:00:00Z,86,63,8,71,0.825581395348837
1,Jammu and Kashmir,2021-10-01T00:00:00Z,60457,48475,13170,61645,1.0196503299866
2,Himachal Pradesh,2021-10-01T00:00:00Z,43295,32985,9208,42193,0.974546714401201
3,Punjab,2021-10-01T00:00:00Z,160729,126171,25195,151366,0.941746666749622
4,Chandigarh,2021-10-01T00:00:00Z,15617,12703,2663,15366,0.983927771018762
5,Uttarakhand,2021-10-01T00:00:00Z,79635,56321,19150,75471,0.947711433414956
6,Haryana,2021-10-01T00:00:00Z,261808,191536,53538,245074,0.936082931002872
7,Delhi,2021-10-01T00:00:00Z,397671,302402,76283,378685,0.952257016478446
8,Rajasthan,2021-10-01T00:00:00Z,263808,197186,62383,259569,0.983931495633188
9,Uttar Pradesh,2021-10-01T00:00:00Z,794310,615038,158728,773766,0.974136042603014
10,Bihar,2021-10-01T00:00:00Z,259213,175124,58972,234096,0.903102853637742
11,Sikkim,2021-10-01T00:00:00Z,5709,3389,1502,4891,0.85671746365388
12,Arunachal Pradesh,2021-10-01T00:00:00Z,10295,5006,3002,8008,0.777853326857698
13,Nagaland,2021-10-01T00:00:00Z,5998,3710,1578,5288,0.88162720906969
14,Manipur,2021-10-01T00:00:00Z,9837,4608,2836,7444,0.756734776862865
15,Mizoram,2021-10-01T00:00:00Z,5948,3660,1115,4775,0.802790854068595
16,Tripura,2021-10-01T00:00:00Z,18377,13415,3239,16654,0.906241497524079
17,Meghalaya,2021-10-01T00:00:00Z,15844,9217,3531,12748,0.804594799293108
18,Assam,2021-10-01T00:00:00Z,116084,74377,32606,106983,0.921599875951897
19,West Bengal,2021-10-01T00:00:00Z,375124,266384,67305,333689,0.889543191051492
20,Jharkhand,2021-10-01T00:00:00Z,115309,84561,25222,109783,0.952076594194729
21,Odisha,2021-10-01T00:00:00Z,153178,108804,35737,144541,0.943614618287221
22,Chhattisgarh,2021-10-01T00:00:00Z,73552,46942,22308,69250,0.941510767892104
23,Madhya Pradesh,2021-10-01T00:00:00Z,183147,135538,45222,180760,0.986966753482176
24,Gujarat,2021-10-01T00:00:00Z,565645,456780,97829,554609,0.98048952965199
25,Daman and Diu,2021-10-01T00:00:00Z,,,,0,
26,Dadra and Nagar Haveli,2021-10-01T00:00:00Z,11277,8103,2668,10771,0.955129910437173
27,Maharashtra,2021-10-01T00:00:00Z,767229,541818,202534,744352,0.970182305413377
29,Karnataka,2021-10-01T00:00:00Z,617773,471802,117852,589654,0.954483281075735
30,Goa,2021-10-01T00:00:00Z,24216,14182,6174,20356,0.840601255368352
31,Lakshadweep,2021-10-01T00:00:00Z,192,123,45,168,0.875
32,Kerala,2021-10-01T00:00:00Z,262041,198353,51863,250216,0.954873473998344
33,Tamil Nadu,2021-10-01T00:00:00Z,851169,660609,150724,811333,0.953198483497402
34,Puducherry,2021-10-01T00:00:00Z,17790,13011,3745,16756,0.941877459246768
35,Andaman and Nicobar Islands,2021-10-01T00:00:00Z,3330,2015,1034,3049,0.915615615615616
36,Telangana,2021-10-01T00:00:00Z,333199,216189,74107,290296,0.871239109361073
37,Andhra Pradesh,2021-10-01T00:00:00Z,246243,179194,48054,227248,0.922860751371613
38,Ladakh,2021-10-01T00:00:00Z,2151,1290,739,2029,0.94328219432822
97,Other Territory,2021-10-01T00:00:00Z,80,58,7,65,0.8125
1,Jammu and Kashmir,2021-11-01T00:00:00Z,62407,49219,14254,63473,1.01708141714872
2,Himachal Pradesh,2021-11-01T00:00:00Z,43932,33293,9607,42900,0.976509150505326
3,Punjab,2021-11-01T00:00:00Z,162572,127019,26332,153351,0.943280515709962
4,Chandigarh,2021-11-01T00:00:00Z,15676,12795,2663,15458,0.986093391171217
5,Uttarakhand,2021-11-01T00:00:00Z,81274,57925,19042,76967,0.947006422718212
6,Haryana,2021-11-01T00:00:00Z,265773,195152,53407,248559,0.935230441015453
7,Delhi,2021-11-01T00:00:00Z,400740,306325,77275,383600,0.957229126116684
8,Rajasthan,2021-11-01T00:00:00Z,270212,204012,62552,266564,0.986499489289891
9,Uttar Pradesh,2021-11-01T00:00:00Z,807429,630811,156069,786880,0.974550084279856
10,Bihar,2021-11-01T00:00:00Z,262802,181335,55674,237009,0.901853867169961
11,Sikkim,2021-11-01T00:00:00Z,5805,3512,1477,4989,0.859431524547804
12,Arunachal Pradesh,2021-11-01T00:00:00Z,10459,5163,2952,8115,0.775886796060809
13,Nagaland,2021-11-01T00:00:00Z,5988,3796,1579,5375,0.897628590514362
14,Manipur,2021-11-01T00:00:00Z,9887,4642,2888,7530,0.761606149489228
15,Mizoram,2021-11-01T00:00:00Z,5965,3668,1210,4878,0.817770326906957
16,Tripura,2021-11-01T00:00:00Z,18561,13513,3294,16807,0.905500781207909
17,Meghalaya,2021-11-01T00:00:00Z,16081,9486,3467,12953,0.805484733536472
18,Assam,2021-11-01T00:00:00Z,117992,75824,33193,109017,0.923935521052275
19,West Bengal,2021-11-01T00:00:00Z,368781,269956,68463,338419,0.917669294242382
20,Jharkhand,2021-11-01T00:00:00Z,116530,86931,23962,110893,0.951626190680512
21,Odisha,2021-11-01T00:00:00Z,156106,110696,37109,147805,0.946824593545412
22,Chhattisgarh,2021-11-01T00:00:00Z,74464,47097,23139,70236,0.943220885259991
23,Madhya Pradesh,2021-11-01T00:00:00Z,187303,139226,45253,184479,0.984922825582078
24,Gujarat,2021-11-01T00:00:00Z,569536,465895,93685,559580,0.98251910327003
25,Daman and Diu,2021-11-01T00:00:00Z,,,,0,
26,Dadra and Nagar Haveli,2021-11-01T00:00:00Z,11345,8182,2668,10850,0.956368444248568
27,Maharashtra,2021-11-01T00:00:00Z,779513,550598,204933,755531,0.969234637523685
29,Karnataka,2021-11-01T00:00:00Z,624724,474089,122394,596483,0.954794437223478
30,Goa,2021-11-01T00:00:00Z,24425,14212,6431,20643,0.845158648925282
31,Lakshadweep,2021-11-01T00:00:00Z,170,112,57,169,0.994117647058824
32,Kerala,2021-11-01T00:00:00Z,264607,195769,57054,252823,0.955466030755044
33,Tamil Nadu,2021-11-01T00:00:00Z,859964,665716,152621,818337,0.95159448535055
34,Puducherry,2021-11-01T00:00:00Z,17888,13125,3773,16898,0.944655635062612
35,Andaman and Nicobar Islands,2021-11-01T00:00:00Z,3339,1948,1121,3069,0.919137466307278
36,Telangana,2021-11-01T00:00:00Z,336893,216835,77943,294778,0.87498998198241
37,Andhra Pradesh,2021-11-01T00:00:00Z,247584,178038,51351,229389,0.926509790616518
38,Ladakh,2021-11-01T00:00:00Z,2221,1388,745,2133,0.960378208014408
97,Other Territory,2021-11-01T00:00:00Z,81,61,5,66,0.814814814814815
1,Jammu and Kashmir,2021-12-01T00:00:00Z,99346,81067,19196,100263,1.00923036659755
2,Himachal Pradesh,2021-12-01T00:00:00Z,95802,77048,16871,93919,0.980344877977495
3,Punjab,2021-12-01T00:00:00Z,333129,270140,49550,319690,0.959658270519829
4,Chandigarh,2021-12-01T00:00:00Z,27141,22398,4443,26841,0.98894661213662
5,Uttarakhand,2021-12-01T00:00:00Z,148266,112495,30119,142614,0.961879324996965
6,Haryana,2021-12-01T00:00:00Z,464263,361115,80934,442049,0.952152120672981
7,Delhi,2021-12-01T00:00:00Z,730568,586576,116357,702933,0.962173267923041
8,Rajasthan,2021-12-01T00:00:00Z,633137,495489,124090,619579,0.978585993236851
9,Uttar Pradesh,2021-12-01T00:00:00Z,1285494,1014620,230615,1245235,0.968682078640585
10,Bihar,2021-12-01T00:00:00Z,437396,318863,82066,400929,0.916627038198795
11,Sikkim,2021-12-01T00:00:00Z,8632,5851,1905,7756,0.898517145505097
12,Arunachal Pradesh,2021-12-01T00:00:00Z,13595,7233,3798,11031,0.811401250459728
13,Nagaland,2021-12-01T00:00:00Z,7036,4554,1934,6488,0.922114837976123
14,Manipur,2021-12-01T00:00:00Z,10570,5830,3367,9197,0.870104068117313
15,Mizoram,2021-12-01T00:00:00Z,6810,4323,1404,5727,0.840969162995595
16,Tripura,2021-12-01T00:00:00Z,25768,19589,4282,23871,0.926381558522198
17,Meghalaya,2021-12-01T00:00:00Z,26317,17360,5485,22845,0.868070068776836
18,Assam,2021-12-01T00:00:00Z,170879,115350,44965,160315,0.938178477168055
19,West Bengal,2021-12-01T00:00:00Z,617418,491762,98412,590174,0.955874302336505
20,Jharkhand,2021-12-01T00:00:00Z,164389,127564,29497,157061,0.955422808095432
21,Odisha,2021-12-01T00:00:00Z,266513,198120,56519,254639,0.955446826233617
22,Chhattisgarh,2021-12-01T00:00:00Z,126646,87889,34424,122313,0.96578652306429
23,Madhya Pradesh,2021-12-01T00:00:00Z,402574,313468,82479,395947,0.983538430201652
24,Gujarat,2021-12-01T00:00:00Z,971221,801500,154726,956226,0.984560671567028
25,Daman and Diu,2021-12-01T00:00:00Z,,,,0,
26,Dadra and Nagar Haveli,2021-12-01T00:00:00Z,14313,10611,3209,13820,0.965555788444072
27,Maharashtra,2021-12-01T00:00:00Z,1443943,1078746,323898,1402644,0.971398455479198
29,Karnataka,2021-12-01T00:00:00Z,810789,620608,156695,777303,0.958699489016255
30,Goa,2021-12-01T00:00:00Z,36434,23443,9124,32567,0.893862875336224
31,Lakshadweep,2021-12-01T00:00:00Z,218,156,58,214,0.981651376146789
32,Kerala,2021-12-01T00:00:00Z,328683,248292,67680,315972,0.96132747966886
33,Tamil Nadu,2021-12-01T00:00:00Z,982238,749425,184640,934065,0.950955878310552
34,Puducherry,2021-12-01T00:00:00Z,20224,14627,4463,19090,0.943928006329114
35,Andaman and Nicobar Islands,2021-12-01T00:00:00Z,4111,2470,1385,3855,0.937728046703965
36,Telangana,2021-12-01T00:00:00Z,406157,269419,90382,359801,0.885866795352536
37,Andhra Pradesh,2021-12-01T00:00:00Z,303759,214751,67475,282226,0.929111565418638
38,Ladakh,2021-12-01T00:00:00Z,5242,3673,1464,5137,0.979969477298741
97,Other Territory,2021-12-01T00:00:00Z,86,61,11,72,0.837209302325581
1,Jammu and Kashmir,2022-01-01T00:00:00Z,63719,50788,13690,64478,1.01191167469672
2,Himachal Pradesh,2022-01-01T00:00:00Z,43808,33275,9217,42492,0.969959824689554
3,Punjab,2022-01-01T00:00:00Z,161987,125305,27140,152445,0.94109403841049
4,Chandigarh,2022-01-01T00:00:00Z,15761,12920,2628,15548,0.986485629084449
5,Uttarakhand,2022-01-01T00:00:00Z,81291,58292,18833,77125,0.948752014368134
6,Haryana,2022-01-01T00:00:00Z,264802,197663,52820,250483,0.945925635002757
7,Delhi,2022-01-01T00:00:00Z,402711,307643,74769,382412,0.949594125812307
8,Rajasthan,2022-01-01T00:00:00Z,270996,203750,61915,265665,0.980328122924324
9,Uttar Pradesh,2022-01-01T00:00:00Z,820095,632027,161551,793578,0.967665941140965
10,Bihar,2022-01-01T00:00:00Z,265429,181607,56175,237782,0.895840318880002
11,Sikkim,2022-01-01T00:00:00Z,5837,3451,1493,4944,0.847010450573925
12,Arunachal Pradesh,2022-01-01T00:00:00Z,10391,5226,2986,8212,0.790299297468964
13,Nagaland,2022-01-01T00:00:00Z,5943,3758,1642,5400,0.908632004038364
14,Manipur,2022-01-01T00:00:00Z,8848,4317,3189,7506,0.848327305605787
15,Mizoram,2022-01-01T00:00:00Z,6017,3707,1246,4953,0.823167691540635
16,Tripura,2022-01-01T00:00:00Z,18472,13689,3322,17011,0.920907319185795
17,Meghalaya,2022-01-01T00:00:00Z,15987,9123,3681,12804,0.800900731844624
18,Assam,2022-01-01T00:00:00Z,116485,75357,33997,109354,0.938781817401382
19,West Bengal,2022-01-01T00:00:00Z,357852,272672,67513,340185,0.950630428221723
20,Jharkhand,2022-01-01T00:00:00Z,118862,88940,23741,112681,0.947998519291279
21,Odisha,2022-01-01T00:00:00Z,155103,109017,39125,148142,0.955120145967518
22,Chhattisgarh,2022-01-01T00:00:00Z,72827,47034,22764,69798,0.958408282642427
23,Madhya Pradesh,2022-01-01T00:00:00Z,187080,139372,44424,183796,0.982446012401112
24,Gujarat,2022-01-01T00:00:00Z,571074,471193,92945,564138,0.987854463694723
25,Daman and Diu,2022-01-01T00:00:00Z,,,,0,
26,Dadra and Nagar Haveli,2022-01-01T00:00:00Z,11396,8375,2586,10961,0.961828711828712
27,Maharashtra,2022-01-01T00:00:00Z,783108,550597,207758,758355,0.968391332996215
29,Karnataka,2022-01-01T00:00:00Z,633338,474986,130674,605660,0.956298216749982
30,Goa,2022-01-01T00:00:00Z,24471,14149,6572,20721,0.846757386293981
31,Lakshadweep,2022-01-01T00:00:00Z,174,111,60,171,0.982758620689655
32,Kerala,2022-01-01T00:00:00Z,267796,199637,56431,256068,0.956205469835248
33,Tamil Nadu,2022-01-01T00:00:00Z,867973,657564,169537,827101,0.952910977645618
34,Puducherry,2022-01-01T00:00:00Z,17809,13146,3844,16990,0.954012016396204
35,Andaman and Nicobar Islands,2022-01-01T00:00:00Z,3256,2035,1069,3104,0.953316953316953
36,Telangana,2022-01-01T00:00:00Z,341214,218445,79939,298384,0.874477600567386
37,Andhra Pradesh,2022-01-01T00:00:00Z,248547,175653,55259,230912,0.92904762479531
38,Ladakh,2022-01-01T00:00:00Z,2226,1453,685,2138,0.960467205750225
97,Other Territory,2022-01-01T00:00:00Z,81,59,7,66,0.814814814814815
1,Jammu and Kashmir,2022-02-01T00:00:00Z,65133,52148,14027,66175,1.01599803479035
2,Himachal Pradesh,2022-02-01T00:00:00Z,44164,33834,9282,43116,0.976270265374513
3,Punjab,2022-02-01T00:00:00Z,163270,127021,27481,154502,0.946297543945612
4,Chandigarh,2022-02-01T00:00:00Z,15831,12904,2772,15676,0.990209083443876
5,Uttarakhand,2022-02-01T00:00:00Z,82359,57689,20657,78346,0.951274299105137
6,Haryana,2022-02-01T00:00:00Z,267720,198828,56281,255109,0.952894815478859
7,Delhi,2022-02-01T00:00:00Z,402569,306448,80857,387305,0.96208351860178
8,Rajasthan,2022-02-01T00:00:00Z,277009,209030,65493,274523,0.99102556234635
9,Uttar Pradesh,2022-02-01T00:00:00Z,829968,608301,197997,806298,0.971480828176508
10,Bihar,2022-02-01T00:00:00Z,272122,178858,65829,244687,0.899181249586583
11,Sikkim,2022-02-01T00:00:00Z,5912,3508,1539,5047,0.853687415426252
12,Arunachal Pradesh,2022-02-01T00:00:00Z,10525,5269,3088,8357,0.794014251781473
13,Nagaland,2022-02-01T00:00:00Z,5997,3866,1597,5463,0.910955477738869
14,Manipur,2022-02-01T00:00:00Z,8869,4348,3249,7597,0.856579095726688
15,Mizoram,2022-02-01T00:00:00Z,6141,3732,1296,5028,0.81875915974597
16,Tripura,2022-02-01T00:00:00Z,18607,13755,3546,17301,0.929811361315634
17,Meghalaya,2022-02-01T00:00:00Z,16133,9240,3752,12992,0.805305894749892
18,Assam,2022-02-01T00:00:00Z,117017,73302,37936,111238,0.950614013348488
19,West Bengal,2022-02-01T00:00:00Z,359943,271828,73063,344891,0.958182267747949
20,Jharkhand,2022-02-01T00:00:00Z,119046,84381,29716,114097,0.958427834618551
21,Odisha,2022-02-01T00:00:00Z,156855,108930,41788,150718,0.960874693187976
22,Chhattisgarh,2022-02-01T00:00:00Z,73978,46293,25443,71736,0.969693692719457
23,Madhya Pradesh,2022-02-01T00:00:00Z,189893,138724,49687,188411,0.992195604893282
24,Gujarat,2022-02-01T00:00:00Z,575700,476906,96898,573804,0.996706618030224
25,Daman and Diu,2022-02-01T00:00:00Z,,,,0,
26,Dadra and Nagar Haveli,2022-02-01T00:00:00Z,11511,8549,2550,11099,0.964208148727304
27,Maharashtra,2022-02-01T00:00:00Z,793830,565863,206129,771992,0.972490331683106
29,Karnataka,2022-02-01T00:00:00Z,640933,483677,131191,614868,0.959332722765094
30,Goa,2022-02-01T00:00:00Z,24769,14279,6713,20992,0.847511001655295
31,Lakshadweep,2022-02-01T00:00:00Z,172,127,46,173,1.00581395348837
32,Kerala,2022-02-01T00:00:00Z,270158,201183,57641,258824,0.95804677262935
33,Tamil Nadu,2022-02-01T00:00:00Z,869274,679334,153915,833249,0.958557370863502
34,Puducherry,2022-02-01T00:00:00Z,17859,13348,3734,17082,0.956492524777423
35,Andaman and Nicobar Islands,2022-02-01T00:00:00Z,3286,2033,1092,3125,0.951004260499087
36,Telangana,2022-02-01T00:00:00Z,343859,222878,79397,302275,0.879066710483076
37,Andhra Pradesh,2022-02-01T00:00:00Z,248925,181226,51846,233072,0.936314150848649
38,Ladakh,2022-02-01T00:00:00Z,2322,1525,732,2257,0.972006890611542
97,Other Territory,2022-02-01T00:00:00Z,81,59,7,66,0.814814814814815
1,Jammu and Kashmir,2022-03-01T00:00:00Z,104274,78639,26250,104889,1.00589792278037
2,Himachal Pradesh,2022-03-01T00:00:00Z,97423,73400,21884,95284,0.978044199008448
3,Punjab,2022-03-01T00:00:00Z,336608,260201,63192,323393,0.96074068352505
4,Chandigarh,2022-03-01T00:00:00Z,27469,21873,5158,27031,0.984054752630238
5,Uttarakhand,2022-03-01T00:00:00Z,151377,108550,36622,145172,0.959009624976053
6,Haryana,2022-03-01T00:00:00Z,469904,352171,98616,450787,0.959317222241139
7,Delhi,2022-03-01T00:00:00Z,736680,572346,137014,709360,0.9629146983765
8,Rajasthan,2022-03-01T00:00:00Z,651560,475405,160309,635714,0.975679906685493
9,Uttar Pradesh,2022-03-01T00:00:00Z,1319511,980778,291697,1272475,0.964353461244355
10,Bihar,2022-03-01T00:00:00Z,456786,300322,115191,415513,0.909644778955572
11,Sikkim,2022-03-01T00:00:00Z,8941,5756,2231,7987,0.89330052566827
12,Arunachal Pradesh,2022-03-01T00:00:00Z,13618,6300,5112,11412,0.838008518137759
13,Nagaland,2022-03-01T00:00:00Z,7214,4283,2386,6669,0.924452453562517
14,Manipur,2022-03-01T00:00:00Z,10711,5362,4019,9381,0.87582858743348
15,Mizoram,2022-03-01T00:00:00Z,7097,4446,1466,5912,0.833028040016909
16,Tripura,2022-03-01T00:00:00Z,26131,18121,6356,24477,0.93670353220313
17,Meghalaya,2022-03-01T00:00:00Z,26642,16906,6273,23179,0.870017265971023
18,Assam,2022-03-01T00:00:00Z,172738,101545,62871,164416,0.951822992045757
19,West Bengal,2022-03-01T00:00:00Z,622234,475792,124622,600414,0.964932806629017
20,Jharkhand,2022-03-01T00:00:00Z,167253,119004,41613,160617,0.960323581639791
21,Odisha,2022-03-01T00:00:00Z,270589,186215,73457,259672,0.959654679236776
22,Chhattisgarh,2022-03-01T00:00:00Z,129555,76761,48786,125547,0.969063332175524
23,Madhya Pradesh,2022-03-01T00:00:00Z,410654,279657,124508,404165,0.984198376248618
24,Gujarat,2022-03-01T00:00:00Z,986775,804764,170940,975704,0.988780623749082
25,Daman and Diu,2022-03-01T00:00:00Z,,,,0,
26,Dadra and Nagar Haveli,2022-03-01T00:00:00Z,14581,10675,3368,14043,0.963102667855428
27,Maharashtra,2022-03-01T00:00:00Z,1468416,1042666,383432,1426098,0.971181191161088
29,Karnataka,2022-03-01T00:00:00Z,830528,611508,185335,796843,0.959441463743546
30,Goa,2022-03-01T00:00:00Z,37269,22757,10373,33130,0.888942552791865
31,Lakshadweep,2022-03-01T00:00:00Z,228,148,67,215,0.942982456140351
32,Kerala,2022-03-01T00:00:00Z,335514,237188,84527,321715,0.958872058990087
33,Tamil Nadu,2022-03-01T00:00:00Z,986817,753606,196355,949961,0.9626516365243
34,Puducherry,2022-03-01T00:00:00Z,20264,14678,4728,19406,0.957658902487169
35,Andaman and Nicobar Islands,2022-03-01T00:00:00Z,4091,2382,1548,3930,0.960645318992911
36,Telangana,2022-03-01T00:00:00Z,410714,264278,103076,367354,0.894427752645393
37,Andhra Pradesh,2022-03-01T00:00:00Z,305535,207501,79613,287114,0.939709034971444
38,Ladakh,2022-03-01T00:00:00Z,5417,3823,1660,5483,1.01218386560827
97,Other Territory,2022-03-01T00:00:00Z,89,62,10,72,0.808988764044944
1,Jammu and Kashmir,2022-04-01T00:00:00Z,66338,54305,12617,66922,1.00880340076578
2,Himachal Pradesh,2022-04-01T00:00:00Z,44324,35712,7518,43230,0.975318112083747
3,Punjab,2022-04-01T00:00:00Z,164856,135790,19961,155751,0.944769981074392
4,Chandigarh,2022-04-01T00:00:00Z,16166,13748,1982,15730,0.973029815662502
5,Uttarakhand,2022-04-01T00:00:00Z,82800,63216,15634,78850,0.952294685990338
6,Haryana,2022-04-01T00:00:00Z,272326,216540,42539,259079,0.951356095268171
7,Delhi,2022-04-01T00:00:00Z,410282,332213,61225,393438,0.95894531078624
8,Rajasthan,2022-04-01T00:00:00Z,282871,226052,51199,277251,0.980132286448593
9,Uttar Pradesh,2022-04-01T00:00:00Z,840499,680513,141340,821853,0.9778155595664
10,Bihar,2022-04-01T00:00:00Z,276452,190870,54670,245540,0.888183120397031
11,Sikkim,2022-04-01T00:00:00Z,6036,3825,1335,5160,0.854870775347913
12,Arunachal Pradesh,2022-04-01T00:00:00Z,10617,5278,3285,8563,0.806536686446265
13,Nagaland,2022-04-01T00:00:00Z,6106,4016,1571,5587,0.915001637733377
14,Manipur,2022-04-01T00:00:00Z,9012,4941,2749,7690,0.853306702174878
15,Mizoram,2022-04-01T00:00:00Z,6298,3975,1123,5098,0.809463321689425
16,Tripura,2022-04-01T00:00:00Z,18977,14262,3201,17463,0.920219212731201
17,Meghalaya,2022-04-01T00:00:00Z,16008,9574,3314,12888,0.805097451274363
18,Assam,2022-04-01T00:00:00Z,118506,80202,32356,112558,0.949808448517375
19,West Bengal,2022-04-01T00:00:00Z,364360,294655,55121,349776,0.959973652431661
20,Jharkhand,2022-04-01T00:00:00Z,120558,93649,22245,115894,0.96131322682858
21,Odisha,2022-04-01T00:00:00Z,158626,118469,33374,151843,0.957239040258218
22,Chhattisgarh,2022-04-01T00:00:00Z,74350,50760,20617,71377,0.960013449899126
23,Madhya Pradesh,2022-04-01T00:00:00Z,191998,150214,38747,188961,0.984182126897155
24,Gujarat,2022-04-01T00:00:00Z,586507,509368,71660,581028,0.990658253013178
25,Daman and Diu,2022-04-01T00:00:00Z,,,,0,
26,Dadra and Nagar Haveli,2022-04-01T00:00:00Z,11569,9131,1998,11129,0.961967326475927
27,Maharashtra,2022-04-01T00:00:00Z,804151,607091,170065,777156,0.966430434085141
29,Karnataka,2022-04-01T00:00:00Z,650637,509848,111059,620907,0.954306318269634
30,Goa,2022-04-01T00:00:00Z,25038,15458,5664,21122,0.843597731448199
31,Lakshadweep,2022-04-01T00:00:00Z,178,122,49,171,0.960674157303371
32,Kerala,2022-04-01T00:00:00Z,273479,210168,50232,260400,0.952175486966092
33,Tamil Nadu,2022-04-01T00:00:00Z,872690,721448,119213,840661,0.963298536708339
34,Puducherry,2022-04-01T00:00:00Z,17959,14133,3066,17199,0.957681385377805
35,Andaman and Nicobar Islands,2022-04-01T00:00:00Z,3356,2179,1002,3181,0.947854588796186
36,Telangana,2022-04-01T00:00:00Z,340147,237158,67335,304493,0.895180613087871
37,Andhra Pradesh,2022-04-01T00:00:00Z,250172,189770,45737,235507,0.941380330332731
38,Ladakh,2022-04-01T00:00:00Z,2272,1547,815,2362,1.03961267605634
97,Other Territory,2022-04-01T00:00:00Z,82,62,4,66,0.804878048780488
1,Jammu and Kashmir,2022-05-01T00:00:00Z,68361,53607,15174,68781,1.00614385395181
2,Himachal Pradesh,2022-05-01T00:00:00Z,45199,34480,9541,44021,0.973937476492843
3,Punjab,2022-05-01T00:00:00Z,167213,134055,24915,158970,0.950703593620113
4,Chandigarh,2022-05-01T00:00:00Z,16130,13339,2480,15819,0.980719156850589
5,Uttarakhand,2022-05-01T00:00:00Z,84757,61757,18820,80577,0.950682539495263
6,Haryana,2022-05-01T00:00:00Z,273855,212405,51630,264035,0.964141607785142
7,Delhi,2022-05-01T00:00:00Z,416018,326640,74000,400640,0.96303525328231
8,Rajasthan,2022-05-01T00:00:00Z,290053,225287,59452,284739,0.981679210351212
9,Uttar Pradesh,2022-05-01T00:00:00Z,861805,675234,161809,837043,0.971267282041761
10,Bihar,2022-05-01T00:00:00Z,280982,160814,89817,250631,0.891982404566841
11,Sikkim,2022-05-01T00:00:00Z,6124,3777,1442,5219,0.85222077073808
12,Arunachal Pradesh,2022-05-01T00:00:00Z,10811,5520,3181,8701,0.804828415502729
13,Nagaland,2022-05-01T00:00:00Z,6184,4054,1601,5655,0.914456662354463
14,Manipur,2022-05-01T00:00:00Z,9118,4850,2963,7813,0.856876508006142
15,Mizoram,2022-05-01T00:00:00Z,6340,3877,1290,5167,0.814984227129338
16,Tripura,2022-05-01T00:00:00Z,19277,14036,3645,17681,0.917207034289568
17,Meghalaya,2022-05-01T00:00:00Z,16365,9807,3553,13360,0.816376413076688
18,Assam,2022-05-01T00:00:00Z,121212,79882,34686,114568,0.945186945186945
19,West Bengal,2022-05-01T00:00:00Z,368904,291461,63444,354905,0.962052458092078
20,Jharkhand,2022-05-01T00:00:00Z,121339,91708,25200,116908,0.963482474719587
21,Odisha,2022-05-01T00:00:00Z,160653,115438,39524,154962,0.964575824914567
22,Chhattisgarh,2022-05-01T00:00:00Z,75353,49970,22479,72449,0.961461388398604
23,Madhya Pradesh,2022-05-01T00:00:00Z,196288,146000,46837,192837,0.982418690903163
24,Gujarat,2022-05-01T00:00:00Z,594451,507033,83791,590824,0.993898571959674
25,Daman and Diu,2022-05-01T00:00:00Z,,,,0,
26,Dadra and Nagar Haveli,2022-05-01T00:00:00Z,11640,8731,2418,11149,0.957817869415808
27,Maharashtra,2022-05-01T00:00:00Z,814447,597130,191800,788930,0.968669538963248
29,Karnataka,2022-05-01T00:00:00Z,656039,500494,125634,626128,0.954406673993467
30,Goa,2022-05-01T00:00:00Z,25302,15172,6196,21368,0.844518219903565
31,Lakshadweep,2022-05-01T00:00:00Z,176,119,51,170,0.965909090909091
32,Kerala,2022-05-01T00:00:00Z,275367,205112,56938,262050,0.951639085293445
33,Tamil Nadu,2022-05-01T00:00:00Z,878008,698524,149203,847727,0.965511703765797
34,Puducherry,2022-05-01T00:00:00Z,18024,13562,3790,17352,0.96271637816245
35,Andaman and Nicobar Islands,2022-05-01T00:00:00Z,3369,2098,1128,3226,0.957554170376966
36,Telangana,2022-05-01T00:00:00Z,343940,229566,78137,307703,0.894641507239635
37,Andhra Pradesh,2022-05-01T00:00:00Z,249985,187946,49233,237179,0.948772926375583
38,Ladakh,2022-05-01T00:00:00Z,2410,1630,905,2535,1.05186721991701
97,Other Territory,2022-05-01T00:00:00Z,81,18,47,65,0.802469135802469
1,Jammu and Kashmir,2022-06-01T00:00:00Z,109205,87635,21251,108886,0.997078888329289
2,Himachal Pradesh,2022-06-01T00:00:00Z,98966,78528,17661,96189,0.971939858133096
3,Punjab,2022-06-01T00:00:00Z,342449,275507,51752,327259,0.95564303005703
4,Chandigarh,2022-06-01T00:00:00Z,27634,22592,4428,27020,0.977780994427155
5,Uttarakhand,2022-06-01T00:00:00Z,154914,116234,31214,147448,0.951805517900254
6,Haryana,2022-06-01T00:00:00Z,476752,375255,82604,457859,0.960371430009733
7,Delhi,2022-06-01T00:00:00Z,750813,598466,120849,719315,0.958048142480218
8,Rajasthan,2022-06-01T00:00:00Z,666005,517864,127915,645779,0.969630858627188
9,Uttar Pradesh,2022-06-01T00:00:00Z,1358945,1058233,245219,1303452,0.959164646104147
10,Bihar,2022-06-01T00:00:00Z,470659,332491,91824,424315,0.901533806853794
11,Sikkim,2022-06-01T00:00:00Z,9262,6258,1934,8192,0.884474195638091
12,Arunachal Pradesh,2022-06-01T00:00:00Z,14133,7970,3791,11761,0.83216585296823
13,Nagaland,2022-06-01T00:00:00Z,7446,4961,1902,6863,0.921702927746441
14,Manipur,2022-06-01T00:00:00Z,11079,6320,3317,9637,0.869843848722809
15,Mizoram,2022-06-01T00:00:00Z,7252,4700,1346,6046,0.833701047986762
16,Tripura,2022-06-01T00:00:00Z,26614,20405,4345,24750,0.929961674306756
17,Meghalaya,2022-06-01T00:00:00Z,27510,19113,4969,24082,0.875390766993821
18,Assam,2022-06-01T00:00:00Z,178312,122088,46208,168296,0.94382879447261
19,West Bengal,2022-06-01T00:00:00Z,633580,509259,99811,609070,0.961315066763471
20,Jharkhand,2022-06-01T00:00:00Z,168897,131764,30842,162606,0.962752446757491
21,Odisha,2022-06-01T00:00:00Z,275749,205599,59184,264783,0.960231950070535
22,Chhattisgarh,2022-06-01T00:00:00Z,132153,90084,36764,126848,0.959857135290156
23,Madhya Pradesh,2022-06-01T00:00:00Z,418497,314630,94342,408972,0.977239980214912
24,Gujarat,2022-06-01T00:00:00Z,1006436,852249,139247,991496,0.985155538951309
25,Daman and Diu,2022-06-01T00:00:00Z,,,,0,
26,Dadra and Nagar Haveli,2022-06-01T00:00:00Z,14678,11095,2987,14082,0.959395012944543
27,Maharashtra,2022-06-01T00:00:00Z,1485608,1109942,325094,1435036,0.965958718585253
29,Karnataka,2022-06-01T00:00:00Z,844882,648078,155734,803812,0.951389661514863
30,Goa,2022-06-01T00:00:00Z,37823,24356,9088,33444,0.884223884937736
31,Lakshadweep,2022-06-01T00:00:00Z,221,154,61,215,0.972850678733032
32,Kerala,2022-06-01T00:00:00Z,339208,253600,69610,323210,0.952837197235914
33,Tamil Nadu,2022-06-01T00:00:00Z,999035,799487,160930,960417,0.961344697633216
34,Puducherry,2022-06-01T00:00:00Z,20468,15286,4292,19578,0.956517490717217
35,Andaman and Nicobar Islands,2022-06-01T00:00:00Z,4189,2651,1386,4037,0.963714490331821
36,Telangana,2022-06-01T00:00:00Z,415294,284707,88755,373462,0.899271359566957
37,Andhra Pradesh,2022-06-01T00:00:00Z,300587,229546,59078,288624,0.960201206306327
38,Ladakh,2022-06-01T00:00:00Z,5863,4171,1720,5891,1.00477571209279
97,Other Territory,2022-06-01T00:00:00Z,87,59,11,70,0.804597701149425
1,Jammu and Kashmir,2022-07-01T00:00:00Z,68216,54634,13754,68388,1.00252140260349
2,Himachal Pradesh,2022-07-01T00:00:00Z,44504,34689,8439,43128,0.969081430882617
3,Punjab,2022-07-01T00:00:00Z,167538,134168,23832,158000,0.943069631964092
4,Chandigarh,2022-07-01T00:00:00Z,16335,13515,2398,15913,0.974165901438629
5,Uttarakhand,2022-07-01T00:00:00Z,85475,62339,17973,80312,0.939596373208541
6,Haryana,2022-07-01T00:00:00Z,276623,215870,48229,264099,0.954725384367894
7,Delhi,2022-07-01T00:00:00Z,419109,328883,72870,401753,0.958588338594495
8,Rajasthan,2022-07-01T00:00:00Z,287981,225545,55175,280720,0.974786531055868
9,Uttar Pradesh,2022-07-01T00:00:00Z,869959,681015,158228,839243,0.964692588961089
10,Bihar,2022-07-01T00:00:00Z,282327,194090,55430,249520,0.883797865595568
11,Sikkim,2022-07-01T00:00:00Z,6202,3845,1423,5268,0.849403418252177
12,Arunachal Pradesh,2022-07-01T00:00:00Z,11019,5813,3040,8853,0.803430438333787
13,Nagaland,2022-07-01T00:00:00Z,6325,4199,1586,5785,0.914624505928854
14,Manipur,2022-07-01T00:00:00Z,9156,5135,2786,7921,0.865115771079074
15,Mizoram,2022-07-01T00:00:00Z,6353,4040,1155,5195,0.817723909963797
16,Tripura,2022-07-01T00:00:00Z,19402,14660,3169,17829,0.918925883929492
17,Meghalaya,2022-07-01T00:00:00Z,16566,9954,3605,13559,0.818483641192805
18,Assam,2022-07-01T00:00:00Z,121489,82934,31832,114766,0.944661656610887
19,West Bengal,2022-07-01T00:00:00Z,370844,295247,61719,356966,0.962577256204765
20,Jharkhand,2022-07-01T00:00:00Z,122532,94590,23540,118130,0.964074690693043
21,Odisha,2022-07-01T00:00:00Z,161454,119173,35602,154775,0.958632180063671
22,Chhattisgarh,2022-07-01T00:00:00Z,74474,51186,19989,71175,0.955702661331471
23,Madhya Pradesh,2022-07-01T00:00:00Z,194320,147506,42796,190302,0.979322766570605
24,Gujarat,2022-07-01T00:00:00Z,599279,506864,86596,593460,0.990289998481509
25,Daman and Diu,2022-07-01T00:00:00Z,,,,0,
26,Dadra and Nagar Haveli,2022-07-01T00:00:00Z,11636,8919,2234,11153,0.958490890340323
27,Maharashtra,2022-07-01T00:00:00Z,815623,609262,178247,787509,0.965530643446789
29,Karnataka,2022-07-01T00:00:00Z,664863,511998,119897,631895,0.950413844656719
30,Goa,2022-07-01T00:00:00Z,25469,15622,5816,21438,0.841729160940752
31,Lakshadweep,2022-07-01T00:00:00Z,178,120,55,175,0.98314606741573
32,Kerala,2022-07-01T00:00:00Z,277547,210262,53945,264207,0.951936068485698
33,Tamil Nadu,2022-07-01T00:00:00Z,889467,710694,146003,856697,0.963157711303511
34,Puducherry,2022-07-01T00:00:00Z,18235,13741,3769,17510,0.960241294214423
35,Andaman and Nicobar Islands,2022-07-01T00:00:00Z,3398,2175,1105,3280,0.965273690406121
36,Telangana,2022-07-01T00:00:00Z,349377,235401,76512,311913,0.892769129049709
37,Andhra Pradesh,2022-07-01T00:00:00Z,247712,188634,49622,238256,0.961826637385351
38,Ladakh,2022-07-01T00:00:00Z,2354,1604,793,2397,1.01826677994902
97,Other Territory,2022-07-01T00:00:00Z,80,59,5,64,0.8
1,Jammu and Kashmir,2022-08-01T00:00:00Z,69437,55049,14695,69744,1.00442127396057
2,Himachal Pradesh,2022-08-01T00:00:00Z,45023,34380,9410,43790,0.972613997290274
3,Punjab,2022-08-01T00:00:00Z,169859,133523,27036,160559,0.945248706279915
4,Chandigarh,2022-08-01T00:00:00Z,16429,13415,2646,16061,0.977600584332583
5,Uttarakhand,2022-08-01T00:00:00Z,86445,62443,19132,81575,0.943663601133669
6,Haryana,2022-08-01T00:00:00Z,279410,216779,51059,267838,0.958584159478902
7,Delhi,2022-08-01T00:00:00Z,423539,333955,73189,407144,0.961290459674316
8,Rajasthan,2022-08-01T00:00:00Z,293004,226187,60375,286562,0.978013952027959
9,Uttar Pradesh,2022-08-01T00:00:00Z,883450,690579,163091,853670,0.966291244552606
10,Bihar,2022-08-01T00:00:00Z,286093,195913,58660,254573,0.889826035589826
11,Sikkim,2022-08-01T00:00:00Z,6226,3891,1462,5353,0.859781561194989
12,Arunachal Pradesh,2022-08-01T00:00:00Z,11175,5899,3151,9050,0.809843400447427
13,Nagaland,2022-08-01T00:00:00Z,6418,4299,1565,5864,0.913680274228732
14,Manipur,2022-08-01T00:00:00Z,9166,4932,3158,8090,0.88260964433777
15,Mizoram,2022-08-01T00:00:00Z,6421,4122,1143,5265,0.819965737424077
16,Tripura,2022-08-01T00:00:00Z,19474,14471,3557,18028,0.925747150046215
17,Meghalaya,2022-08-01T00:00:00Z,16728,10181,3588,13769,0.823110951697752
18,Assam,2022-08-01T00:00:00Z,123451,81485,35177,116662,0.945006520805826
19,West Bengal,2022-08-01T00:00:00Z,375522,295194,66440,361634,0.963016813928345
20,Jharkhand,2022-08-01T00:00:00Z,124179,94879,24553,119432,0.961772924568566
21,Odisha,2022-08-01T00:00:00Z,163696,119526,38230,157756,0.963713224513733
22,Chhattisgarh,2022-08-01T00:00:00Z,75697,49893,22548,72441,0.956986406330502
23,Madhya Pradesh,2022-08-01T00:00:00Z,198209,146923,47391,194314,0.980349025523564
24,Gujarat,2022-08-01T00:00:00Z,608923,515988,85158,601146,0.987228270241065
25,Daman and Diu,2022-08-01T00:00:00Z,,,,0,
26,Dadra and Nagar Haveli,2022-08-01T00:00:00Z,11721,9027,2177,11204,0.955891135568638
27,Maharashtra,2022-08-01T00:00:00Z,826349,604988,192560,797548,0.965146687416576
29,Karnataka,2022-08-01T00:00:00Z,670009,510770,126986,637756,0.951861840661842
30,Goa,2022-08-01T00:00:00Z,25404,15420,6228,21648,0.852149267831838
31,Lakshadweep,2022-08-01T00:00:00Z,175,127,48,175,1
32,Kerala,2022-08-01T00:00:00Z,278758,204045,62600,266645,0.956546538574678
33,Tamil Nadu,2022-08-01T00:00:00Z,894020,709376,152701,862077,0.964270374264558
34,Puducherry,2022-08-01T00:00:00Z,18317,13713,3856,17569,0.959163618496479
35,Andaman and Nicobar Islands,2022-08-01T00:00:00Z,3433,2179,1158,3337,0.972036120011652
36,Telangana,2022-08-01T00:00:00Z,352323,237661,77335,314996,0.894054603304354
37,Andhra Pradesh,2022-08-01T00:00:00Z,250023,187112,52982,240094,0.960287653535875
38,Ladakh,2022-08-01T00:00:00Z,2487,1632,867,2499,1.00482509047045
97,Other Territory,2022-08-01T00:00:00Z,83,61,4,65,0.783132530120482
1,Jammu and Kashmir,2022-09-01T00:00:00Z,112849,88786,23713,112499,0.996898510398852
2,Himachal Pradesh,2022-09-01T00:00:00Z,99888,77122,20253,97375,0.974841822841583
3,Punjab,2022-09-01T00:00:00Z,346997,267467,64224,331691,0.955890108560016
4,Chandigarh,2022-09-01T00:00:00Z,27947,21927,5402,27329,0.977886714137475
5,Uttarakhand,2022-09-01T00:00:00Z,156524,111683,37266,148949,0.951604865707495
6,Haryana,2022-09-01T00:00:00Z,484645,365604,99543,465147,0.959768490338289
7,Delhi,2022-09-01T00:00:00Z,762171,580492,150256,730748,0.95877171920737
8,Rajasthan,2022-09-01T00:00:00Z,677720,513261,145429,658690,0.97192055716225
9,Uttar Pradesh,2022-09-01T00:00:00Z,1397129,1050129,289165,1339294,0.958604395156066
10,Bihar,2022-09-01T00:00:00Z,481143,328154,107071,435225,0.904564755176735
11,Sikkim,2022-09-01T00:00:00Z,9386,6015,2398,8413,0.896334966972086
12,Arunachal Pradesh,2022-09-01T00:00:00Z,14571,7734,4437,12171,0.835289273213918
13,Nagaland,2022-09-01T00:00:00Z,7662,5004,2078,7082,0.924301748890629
14,Manipur,2022-09-01T00:00:00Z,11322,6266,3758,10024,0.885355944179474
15,Mizoram,2022-09-01T00:00:00Z,7434,4668,1540,6208,0.835082055421039
16,Tripura,2022-09-01T00:00:00Z,27081,19652,5496,25148,0.92862154277907
17,Meghalaya,2022-09-01T00:00:00Z,28240,18973,5904,24877,0.880913597733711
18,Assam,2022-09-01T00:00:00Z,182601,119697,53139,172836,0.946522746315738
19,West Bengal,2022-09-01T00:00:00Z,643156,504527,116024,620551,0.964853006113602
20,Jharkhand,2022-09-01T00:00:00Z,172673,128664,37376,166040,0.961586351079787
21,Odisha,2022-09-01T00:00:00Z,281667,202799,68016,270815,0.961472234944101
22,Chhattisgarh,2022-09-01T00:00:00Z,133809,90391,38686,129077,0.964636160497425
23,Madhya Pradesh,2022-09-01T00:00:00Z,426405,319714,98555,418269,0.980919548316741
24,Gujarat,2022-09-01T00:00:00Z,1019860,870461,135594,1006055,0.9864638283686
25,Daman and Diu,2022-09-01T00:00:00Z,,,,0,
26,Dadra and Nagar Haveli,2022-09-01T00:00:00Z,14756,11120,3086,14206,0.962727026294389
27,Maharashtra,2022-09-01T00:00:00Z,1500292,1103472,350025,1453497,0.968809405102473
29,Karnataka,2022-09-01T00:00:00Z,858143,635617,182695,818312,0.953584658967095
30,Goa,2022-09-01T00:00:00Z,37238,24354,9628,33982,0.912562436221065
31,Lakshadweep,2022-09-01T00:00:00Z,221,157,62,219,0.990950226244344
32,Kerala,2022-09-01T00:00:00Z,343140,246257,81656,327913,0.95562452643236
33,Tamil Nadu,2022-09-01T00:00:00Z,1012178,787204,189105,976309,0.964562557178678
34,Puducherry,2022-09-01T00:00:00Z,20712,14847,4962,19809,0.956402085747393
35,Andaman and Nicobar Islands,2022-09-01T00:00:00Z,4306,2755,1425,4180,0.970738504412448
36,Telangana,2022-09-01T00:00:00Z,424236,282882,99554,382436,0.901469936544753
37,Andhra Pradesh,2022-09-01T00:00:00Z,306096,224314,69134,293448,0.958679629920025
38,Ladakh,2022-09-01T00:00:00Z,6137,4409,1746,6155,1.00293302916735
97,Other Territory,2022-09-01T00:00:00Z,87,58,12,70,0.804597701149425
1,Jammu and Kashmir,2022-10-01T00:00:00Z,69494,54934,14390,69324,0.997553745647106
2,Himachal Pradesh,2022-10-01T00:00:00Z,44744,34504,8848,43352,0.968889683532988
3,Punjab,2022-10-01T00:00:00Z,170493,133468,26877,160345,0.940478494718258
4,Chandigarh,2022-10-01T00:00:00Z,16563,13600,2668,16268,0.9821892169293
5,Uttarakhand,2022-10-01T00:00:00Z,86459,62077,19407,81484,0.94245827502053
6,Haryana,2022-10-01T00:00:00Z,282622,216387,52737,269124,0.952240094543242
7,Delhi,2022-10-01T00:00:00Z,429452,331544,79799,411343,0.957832307219433
8,Rajasthan,2022-10-01T00:00:00Z,295677,228444,59563,288007,0.974059531177603
9,Uttar Pradesh,2022-10-01T00:00:00Z,899515,696377,168253,864630,0.961217989694447
10,Bihar,2022-10-01T00:00:00Z,287213,196786,57647,254433,0.885868675860772
11,Sikkim,2022-10-01T00:00:00Z,6315,3768,1669,5437,0.860965954077593
12,Arunachal Pradesh,2022-10-01T00:00:00Z,11345,5990,3186,9176,0.80881445570736
13,Nagaland,2022-10-01T00:00:00Z,6546,4240,1755,5995,0.915826458906202
14,Manipur,2022-10-01T00:00:00Z,9569,5108,3091,8199,0.856829344759118
15,Mizoram,2022-10-01T00:00:00Z,6545,3921,1400,5321,0.812987012987013
16,Tripura,2022-10-01T00:00:00Z,19543,14504,3582,18086,0.925446451414829
17,Meghalaya,2022-10-01T00:00:00Z,16538,9953,3504,13457,0.81370177772403
18,Assam,2022-10-01T00:00:00Z,124689,83564,33568,117132,0.939393210307244
19,West Bengal,2022-10-01T00:00:00Z,378725,297944,65025,362969,0.958397253944155
20,Jharkhand,2022-10-01T00:00:00Z,125793,96079,24649,120728,0.959735438378924
21,Odisha,2022-10-01T00:00:00Z,165324,119712,38641,158353,0.95783431322736
22,Chhattisgarh,2022-10-01T00:00:00Z,75434,50766,21465,72231,0.957539040750855
23,Madhya Pradesh,2022-10-01T00:00:00Z,199136,150613,44717,195330,0.980887433713643
24,Gujarat,2022-10-01T00:00:00Z,610453,516091,86747,602838,0.987525657175901
25,Daman and Diu,2022-10-01T00:00:00Z,,,,0,
26,Dadra and Nagar Haveli,2022-10-01T00:00:00Z,11790,8867,2451,11318,0.959966072943172
27,Maharashtra,2022-10-01T00:00:00Z,833041,605596,197965,803561,0.964611585744279
29,Karnataka,2022-10-01T00:00:00Z,675943,514707,129491,644198,0.953035980844539
30,Goa,2022-10-01T00:00:00Z,24904,15774,6157,21931,0.880621586893672
31,Lakshadweep,2022-10-01T00:00:00Z,186,125,52,177,0.951612903225807
32,Kerala,2022-10-01T00:00:00Z,282101,206198,62298,268496,0.951772592085813
33,Tamil Nadu,2022-10-01T00:00:00Z,904846,719755,152371,872126,0.963839150529482
34,Puducherry,2022-10-01T00:00:00Z,18585,13952,3792,17744,0.954748453053538
35,Andaman and Nicobar Islands,2022-10-01T00:00:00Z,3505,2170,1167,3337,0.95206847360913
36,Telangana,2022-10-01T00:00:00Z,358309,239340,80137,319477,0.891624268438694
37,Andhra Pradesh,2022-10-01T00:00:00Z,252706,191838,51641,243479,0.963487214391427
38,Ladakh,2022-10-01T00:00:00Z,2383,1541,843,2384,1.00041963911037
97,Other Territory,2022-10-01T00:00:00Z,80,55,9,64,0.8
1,Jammu and Kashmir,2022-11-01T00:00:00Z,70757,57506,12795,70301,0.993555407945504
2,Himachal Pradesh,2022-11-01T00:00:00Z,45303,36186,7681,43867,0.968302319934662
3,Punjab,2022-11-01T00:00:00Z,172338,139439,23309,162748,0.944353537815224
4,Chandigarh,2022-11-01T00:00:00Z,16674,14084,2221,16305,0.977869737315581
5,Uttarakhand,2022-11-01T00:00:00Z,87786,66101,16866,82967,0.945105142049985
6,Haryana,2022-11-01T00:00:00Z,285773,226955,46156,273111,0.955692105272367
7,Delhi,2022-11-01T00:00:00Z,434676,346099,70748,416847,0.958983242691108
8,Rajasthan,2022-11-01T00:00:00Z,303084,244508,51428,295936,0.976415779123939
9,Uttar Pradesh,2022-11-01T00:00:00Z,914748,734326,146155,880481,0.96253940976094
10,Bihar,2022-11-01T00:00:00Z,292666,207194,52851,260045,0.888538470474876
11,Sikkim,2022-11-01T00:00:00Z,6446,3994,1554,5548,0.860688799255352
12,Arunachal Pradesh,2022-11-01T00:00:00Z,11441,6248,3047,9295,0.812428983480465
13,Nagaland,2022-11-01T00:00:00Z,6648,4473,1580,6053,0.910499398315283
14,Manipur,2022-11-01T00:00:00Z,9502,5491,2822,8313,0.874868448747632
15,Mizoram,2022-11-01T00:00:00Z,6623,4123,1290,5413,0.817303336856409
16,Tripura,2022-11-01T00:00:00Z,19594,14994,3283,18277,0.932785546595897
17,Meghalaya,2022-11-01T00:00:00Z,16671,10197,3373,13570,0.813988363025613
18,Assam,2022-11-01T00:00:00Z,127177,88210,30843,119053,0.936120524937685
19,West Bengal,2022-11-01T00:00:00Z,382864,310470,57944,368414,0.962258138660203
20,Jharkhand,2022-11-01T00:00:00Z,126934,100460,21637,122097,0.961893582491689
21,Odisha,2022-11-01T00:00:00Z,168552,127492,34315,161807,0.959982675969434
22,Chhattisgarh,2022-11-01T00:00:00Z,76990,54599,18733,73332,0.952487336017665
23,Madhya Pradesh,2022-11-01T00:00:00Z,204506,161605,38281,199886,0.977408975775772
24,Gujarat,2022-11-01T00:00:00Z,617988,537926,70852,608778,0.985096797996078
25,Daman and Diu,2022-11-01T00:00:00Z,,,,0,
26,Dadra and Nagar Haveli,2022-11-01T00:00:00Z,11873,9312,2067,11379,0.958392992504001
27,Maharashtra,2022-11-01T00:00:00Z,845911,646809,169374,816183,0.96485682299911
29,Karnataka,2022-11-01T00:00:00Z,678429,538714,111685,650399,0.958683959559512
30,Goa,2022-11-01T00:00:00Z,25338,16225,6152,22377,0.883139947904333
31,Lakshadweep,2022-11-01T00:00:00Z,171,132,43,175,1.0233918128655
32,Kerala,2022-11-01T00:00:00Z,282756,215115,55602,270717,0.957422654161185
33,Tamil Nadu,2022-11-01T00:00:00Z,910192,744406,133623,878029,0.964663499569322
34,Puducherry,2022-11-01T00:00:00Z,18498,14356,3442,17798,0.962158071142826
35,Andaman and Nicobar Islands,2022-11-01T00:00:00Z,3511,2330,1038,3368,0.959270863001994
36,Telangana,2022-11-01T00:00:00Z,359722,252182,71034,323216,0.898516076303368
37,Andhra Pradesh,2022-11-01T00:00:00Z,254538,201213,44584,245797,0.965659351452435
38,Ladakh,2022-11-01T00:00:00Z,2468,1678,791,2469,1.00040518638574
97,Other Territory,2022-11-01T00:00:00Z,81,61,4,65,0.802469135802469
1,Jammu and Kashmir,2022-12-01T00:00:00Z,115882,94174,20484,114658,0.989437531281821
2,Himachal Pradesh,2022-12-01T00:00:00Z,100769,83582,14727,98309,0.975587730353581
3,Punjab,2022-12-01T00:00:00Z,350104,291494,43679,335173,0.957352672348788
4,Chandigarh,2022-12-01T00:00:00Z,28095,23765,3755,27520,0.979533724862075
5,Uttarakhand,2022-12-01T00:00:00Z,158597,123154,28071,151225,0.953517405751685
6,Haryana,2022-12-01T00:00:00Z,491220,402097,69916,472013,0.960899393347176
7,Delhi,2022-12-01T00:00:00Z,772632,631305,109778,741083,0.959166847865478
8,Rajasthan,2022-12-01T00:00:00Z,690105,567145,105498,672643,0.97469660413995
9,Uttar Pradesh,2022-12-01T00:00:00Z,1436617,1155422,219254,1374676,0.956884124300353
10,Bihar,2022-12-01T00:00:00Z,495564,363400,82984,446384,0.900759538626696
11,Sikkim,2022-12-01T00:00:00Z,9604,6476,2114,8590,0.894418992086631
12,Arunachal Pradesh,2022-12-01T00:00:00Z,14790,8485,3953,12438,0.840973630831643
13,Nagaland,2022-12-01T00:00:00Z,7880,5237,2005,7242,0.919035532994924
14,Manipur,2022-12-01T00:00:00Z,11767,7126,3184,10310,0.876179145066712
15,Mizoram,2022-12-01T00:00:00Z,7610,4969,1398,6367,0.836662286465177
16,Tripura,2022-12-01T00:00:00Z,26830,20966,4417,25383,0.946067834513604
17,Meghalaya,2022-12-01T00:00:00Z,28406,19544,5460,25004,0.880236569738788
18,Assam,2022-12-01T00:00:00Z,185152,132360,43655,176015,0.950651356723125
19,West Bengal,2022-12-01T00:00:00Z,653033,540561,88183,628744,0.962805861265817
20,Jharkhand,2022-12-01T00:00:00Z,175834,140756,28191,168947,0.960832375990992
21,Odisha,2022-12-01T00:00:00Z,288456,221373,55631,277004,0.960298971073578
22,Chhattisgarh,2022-12-01T00:00:00Z,135546,98417,32496,130913,0.965819721718088
23,Madhya Pradesh,2022-12-01T00:00:00Z,435626,344046,82378,426424,0.978876375606598
24,Gujarat,2022-12-01T00:00:00Z,1027609,892505,122478,1014983,0.987713225555635
25,Daman and Diu,2022-12-01T00:00:00Z,,,,0,
26,Dadra and Nagar Haveli,2022-12-01T00:00:00Z,14870,11717,2628,14345,0.964694014794889
27,Maharashtra,2022-12-01T00:00:00Z,1519147,1186626,287453,1474079,0.970333351545308
29,Karnataka,2022-12-01T00:00:00Z,865622,691741,140466,832207,0.961397700150874
30,Goa,2022-12-01T00:00:00Z,38074,26398,8446,34844,0.915165204601565
31,Lakshadweep,2022-12-01T00:00:00Z,218,171,48,219,1.0045871559633
32,Kerala,2022-12-01T00:00:00Z,343988,265481,66512,331993,0.9651295975441
33,Tamil Nadu,2022-12-01T00:00:00Z,1025826,827964,163505,991469,0.96650796528846
34,Puducherry,2022-12-01T00:00:00Z,20775,15945,4069,20014,0.963369434416366
35,Andaman and Nicobar Islands,2022-12-01T00:00:00Z,4405,2987,1273,4260,0.967082860385925
36,Telangana,2022-12-01T00:00:00Z,432157,308232,82447,390679,0.904020992370828
37,Andhra Pradesh,2022-12-01T00:00:00Z,310997,242012,57214,299226,0.962150760296723
38,Ladakh,2022-12-01T00:00:00Z,6357,4971,1398,6369,1.00188768286928
97,Other Territory,2022-12-01T00:00:00Z,87,65,5,70,0.804597701149425
1,Jammu and Kashmir,2023-01-01T00:00:00Z,70382,31540,37866,69406,0.98613281805007
2,Himachal Pradesh,2023-01-01T00:00:00Z,46153,28505,15212,43717,0.947219032348926
3,Punjab,2023-01-01T00:00:00Z,177002,132084,30263,162347,0.917204325374855
4,Chandigarh,2023-01-01T00:00:00Z,16929,13273,3079,16352,0.965916474688405
5,Uttarakhand,2023-01-01T00:00:00Z,90863,51241,32394,83635,0.920451668996181
6,Haryana,2023-01-01T00:00:00Z,292625,212910,62679,275589,0.941782144382742
7,Delhi,2023-01-01T00:00:00Z,448203,320079,99670,419749,0.936515373614188
8,Rajasthan,2023-01-01T00:00:00Z,311697,218018,76674,294692,0.945443812420395
9,Uttar Pradesh,2023-01-01T00:00:00Z,954168,507094,387326,894420,0.937382096234625
10,Bihar,2023-01-01T00:00:00Z,310298,101099,163066,264165,0.85132678908662
11,Sikkim,2023-01-01T00:00:00Z,6642,2488,3108,5596,0.84251731406203
12,Arunachal Pradesh,2023-01-01T00:00:00Z,11740,3145,6285,9430,0.803236797274276
13,Nagaland,2023-01-01T00:00:00Z,6715,2183,3891,6074,0.904542069992554
14,Manipur,2023-01-01T00:00:00Z,9805,2595,5804,8399,0.856603773584906
15,Mizoram,2023-01-01T00:00:00Z,6365,1410,4019,5429,0.852945797329144
16,Tripura,2023-01-01T00:00:00Z,19719,9655,8704,18359,0.931030985344084
17,Meghalaya,2023-01-01T00:00:00Z,16717,5030,8233,13263,0.793383980379255
18,Assam,2023-01-01T00:00:00Z,127611,52547,66351,118898,0.931722186958805
19,West Bengal,2023-01-01T00:00:00Z,393378,225791,145599,371390,0.94410465252251
20,Jharkhand,2023-01-01T00:00:00Z,130198,66138,57572,123710,0.950168205348776
21,Odisha,2023-01-01T00:00:00Z,173481,76970,85845,162815,0.938517762752117
22,Chhattisgarh,2023-01-01T00:00:00Z,78435,42324,30996,73320,0.934786766112067
23,Madhya Pradesh,2023-01-01T00:00:00Z,208760,120359,79154,199513,0.955705115922591
24,Gujarat,2023-01-01T00:00:00Z,625585,529529,82181,611710,0.977820759768856
25,Daman and Diu,2023-01-01T00:00:00Z,,,,0,
26,Dadra and Nagar Haveli,2023-01-01T00:00:00Z,11999,9397,2091,11488,0.957413117759813
27,Maharashtra,2023-01-01T00:00:00Z,864672,598861,219847,818708,0.946842270826394
29,Karnataka,2023-01-01T00:00:00Z,690116,423526,234741,658267,0.953849787571944
30,Goa,2023-01-01T00:00:00Z,25812,13968,8511,22479,0.870874012087401
31,Lakshadweep,2023-01-01T00:00:00Z,181,108,68,176,0.972375690607735
32,Kerala,2023-01-01T00:00:00Z,285285,179046,94174,273220,0.957708957708958
33,Tamil Nadu,2023-01-01T00:00:00Z,923071,582726,307254,889980,0.964151186636781
34,Puducherry,2023-01-01T00:00:00Z,18672,10557,7413,17970,0.962403598971722
35,Andaman and Nicobar Islands,2023-01-01T00:00:00Z,3534,1736,1660,3396,0.960950764006791
36,Telangana,2023-01-01T00:00:00Z,367733,181970,145367,327337,0.890148558872878
37,Andhra Pradesh,2023-01-01T00:00:00Z,259359,149842,98526,248368,0.957622446107519
38,Ladakh,2023-01-01T00:00:00Z,2401,960,1356,2316,0.964598084131612
97,Other Territory,2023-01-01T00:00:00Z,83,62,3,65,0.783132530120482
1,Jammu and Kashmir,2023-02-01T00:00:00Z,70494,56771,13807,70578,1.00119159077368
2,Himachal Pradesh,2023-02-01T00:00:00Z,44735,36965,7776,44741,1.00013412316978
3,Punjab,2023-02-01T00:00:00Z,166689,136357,28176,164533,0.987065733191752
4,Chandigarh,2023-02-01T00:00:00Z,16442,13922,2529,16451,1.0005473786644
5,Uttarakhand,2023-02-01T00:00:00Z,86219,67669,17617,85286,0.989178719307809
6,Haryana,2023-02-01T00:00:00Z,283148,233430,46763,280193,0.989563761707658
7,Delhi,2023-02-01T00:00:00Z,429555,353872,70669,424541,0.988327455157081
8,Rajasthan,2023-02-01T00:00:00Z,307540,252773,49065,301838,0.981459322364571
9,Uttar Pradesh,2023-02-01T00:00:00Z,922519,753044,157992,911036,0.987552559893075
10,Bihar,2023-02-01T00:00:00Z,280202,216907,55608,272515,0.972566220084082
11,Sikkim,2023-02-01T00:00:00Z,5628,4263,1439,5702,1.01314854299929
12,Arunachal Pradesh,2023-02-01T00:00:00Z,9242,6453,3076,9529,1.0310538844406
13,Nagaland,2023-02-01T00:00:00Z,6117,4458,1663,6121,1.00065391531797
14,Manipur,2023-02-01T00:00:00Z,8694,5682,2814,8496,0.977225672877847
15,Mizoram,2023-02-01T00:00:00Z,5683,4189,1286,5475,0.963399612880521
16,Tripura,2023-02-01T00:00:00Z,18241,14921,3450,18371,1.00712680225865
17,Meghalaya,2023-02-01T00:00:00Z,13719,10138,3223,13361,0.973904803557111
18,Assam,2023-02-01T00:00:00Z,122070,89591,30970,120561,0.987638240353895
19,West Bengal,2023-02-01T00:00:00Z,381893,318657,57835,376492,0.985857295106221
20,Jharkhand,2023-02-01T00:00:00Z,127545,102787,22707,125494,0.983919400995727
21,Odisha,2023-02-01T00:00:00Z,168414,130520,35173,165693,0.983843385941786
22,Chhattisgarh,2023-02-01T00:00:00Z,76166,55063,19366,74429,0.977194548748786
23,Madhya Pradesh,2023-02-01T00:00:00Z,206539,163321,40403,203724,0.986370612814045
24,Gujarat,2023-02-01T00:00:00Z,617039,546304,71218,617522,1.00078277061904
25,Daman and Diu,2023-02-01T00:00:00Z,,,,0,
26,Dadra and Nagar Haveli,2023-02-01T00:00:00Z,11707,9431,2099,11530,0.984880840522764
27,Maharashtra,2023-02-01T00:00:00Z,838532,669542,160786,830328,0.990216235039331
29,Karnataka,2023-02-01T00:00:00Z,673244,550019,114563,664582,0.987133936581685
30,Goa,2023-02-01T00:00:00Z,22633,17198,5526,22724,1.0040206777714
31,Lakshadweep,2023-02-01T00:00:00Z,184,131,52,183,0.994565217391304
32,Kerala,2023-02-01T00:00:00Z,276279,219953,55197,275150,0.995913551156621
33,Tamil Nadu,2023-02-01T00:00:00Z,907892,761687,135139,896826,0.98781132557617
34,Puducherry,2023-02-01T00:00:00Z,18422,14642,3442,18084,0.981652372163717
35,Andaman and Nicobar Islands,2023-02-01T00:00:00Z,3464,2407,1043,3450,0.995958429561201
36,Telangana,2023-02-01T00:00:00Z,337773,259602,71429,331031,0.980039849247868
37,Andhra Pradesh,2023-02-01T00:00:00Z,254394,203982,46197,250179,0.983431213000307
38,Ladakh,2023-02-01T00:00:00Z,2316,1767,621,2388,1.03108808290155
97,Other Territory,2023-02-01T00:00:00Z,79,62,5,67,0.848101265822785
1,Jammu and Kashmir,2023-03-01T00:00:00Z,117563,85276,32131,117407,0.998673051895579
2,Himachal Pradesh,2023-03-01T00:00:00Z,99991,79093,21553,100646,1.00655058955306
3,Punjab,2023-03-01T00:00:00Z,341156,270534,69278,339812,0.996060453282369
4,Chandigarh,2023-03-01T00:00:00Z,27637,22468,5276,27744,1.00387162137714
5,Uttarakhand,2023-03-01T00:00:00Z,155639,114687,39886,154573,0.993150816954619
6,Haryana,2023-03-01T00:00:00Z,485122,380863,100897,481760,0.993069784507815
7,Delhi,2023-03-01T00:00:00Z,753579,603202,147465,750667,0.996135773422561
8,Rajasthan,2023-03-01T00:00:00Z,689646,534020,152871,686891,0.996005196869118
9,Uttar Pradesh,2023-03-01T00:00:00Z,1428140,1085654,327047,1412701,0.989189435209433
10,Bihar,2023-03-01T00:00:00Z,473091,337326,125343,462669,0.977970411612142
11,Sikkim,2023-03-01T00:00:00Z,8802,6268,2658,8926,1.01408770733924
12,Arunachal Pradesh,2023-03-01T00:00:00Z,12544,7222,5610,12832,1.02295918367347
13,Nagaland,2023-03-01T00:00:00Z,7349,4846,2531,7377,1.00381004218261
14,Manipur,2023-03-01T00:00:00Z,11229,5986,4564,10550,0.939531570041856
15,Mizoram,2023-03-01T00:00:00Z,6688,4889,1588,6477,0.968450956937799
16,Tripura,2023-03-01T00:00:00Z,25358,18273,7327,25600,1.00954333938008
17,Meghalaya,2023-03-01T00:00:00Z,25779,18498,6540,25038,0.97125567322239
18,Assam,2023-03-01T00:00:00Z,180737,113403,65472,178875,0.989697737596618
19,West Bengal,2023-03-01T00:00:00Z,643514,505875,133461,639336,0.993507522757858
20,Jharkhand,2023-03-01T00:00:00Z,174166,130006,42453,172459,0.990199005546433
21,Odisha,2023-03-01T00:00:00Z,284492,204680,78088,282768,0.993940075643603
22,Chhattisgarh,2023-03-01T00:00:00Z,132970,83422,49396,132818,0.998856885011657
23,Madhya Pradesh,2023-03-01T00:00:00Z,435831,306532,128447,434979,0.998045113817053
24,Gujarat,2023-03-01T00:00:00Z,1025594,857040,171199,1028239,1.00257899324684
25,Daman and Diu,2023-03-01T00:00:00Z,,,,0,
26,Dadra and Nagar Haveli,2023-03-01T00:00:00Z,14459,11027,3420,14447,0.999170067086244
27,Maharashtra,2023-03-01T00:00:00Z,1502094,1106719,387944,1494663,0.995052906143024
29,Karnataka,2023-03-01T00:00:00Z,856336,643815,202287,846102,0.988049083537303
30,Goa,2023-03-01T00:00:00Z,35534,24640,10803,35443,0.997439072437665
31,Lakshadweep,2023-03-01T00:00:00Z,224,154,72,226,1.00892857142857
32,Kerala,2023-03-01T00:00:00Z,339189,241774,94921,336695,0.992647167213559
33,Tamil Nadu,2023-03-01T00:00:00Z,1023930,795715,214295,1010010,0.986405320676218
34,Puducherry,2023-03-01T00:00:00Z,20562,15388,4993,20381,0.991197354342963
35,Andaman and Nicobar Islands,2023-03-01T00:00:00Z,4361,2650,1678,4328,0.992432928227471
36,Telangana,2023-03-01T00:00:00Z,408499,287350,111774,399124,0.977050127417693
37,Andhra Pradesh,2023-03-01T00:00:00Z,309142,223894,80208,304102,0.983696812468057
38,Ladakh,2023-03-01T00:00:00Z,6380,4629,1936,6565,1.02899686520376
97,Other Territory,2023-03-01T00:00:00Z,86,70,5,75,0.872093023255814
1,Jammu and Kashmir,2023-04-01T00:00:00Z,70249,55211,15335,70546,1.00422781818958
2,Himachal Pradesh,2023-04-01T00:00:00Z,44514,36718,8316,45034,1.01168171811116
3,Punjab,2023-04-01T00:00:00Z,165970,141211,24250,165461,0.996933180695306
4,Chandigarh,2023-04-01T00:00:00Z,16508,14192,2402,16594,1.00520959534771
5,Uttarakhand,2023-04-01T00:00:00Z,85383,67159,18064,85223,0.998126090673788
6,Haryana,2023-04-01T00:00:00Z,284262,234795,48159,282954,0.995398611140427
7,Delhi,2023-04-01T00:00:00Z,430635,354767,72775,427542,0.992817583336236
8,Rajasthan,2023-04-01T00:00:00Z,302574,251018,52524,303542,1.00319921738153
9,Uttar Pradesh,2023-04-01T00:00:00Z,921236,752631,166148,918779,0.997332930975342
10,Bihar,2023-04-01T00:00:00Z,275195,207743,63365,271108,0.985148712730973
11,Sikkim,2023-04-01T00:00:00Z,5644,4293,1486,5779,1.02391920623671
12,Arunachal Pradesh,2023-04-01T00:00:00Z,9571,6134,3624,9758,1.01953818827709
13,Nagaland,2023-04-01T00:00:00Z,6159,4395,1802,6197,1.00616983276506
14,Manipur,2023-04-01T00:00:00Z,8800,2487,5940,8427,0.957613636363636
15,Mizoram,2023-04-01T00:00:00Z,5637,4232,1311,5543,0.983324463367039
16,Tripura,2023-04-01T00:00:00Z,18284,14822,3622,18444,1.00875082038941
17,Meghalaya,2023-04-01T00:00:00Z,13535,9900,3418,13318,0.983967491688216
18,Assam,2023-04-01T00:00:00Z,120482,86077,34291,120368,0.99905380056772
19,West Bengal,2023-04-01T00:00:00Z,382208,315442,64410,379852,0.993835817146685
20,Jharkhand,2023-04-01T00:00:00Z,127557,102140,24708,126848,0.994441700573077
21,Odisha,2023-04-01T00:00:00Z,166894,127127,39109,166236,0.996057377736767
22,Chhattisgarh,2023-04-01T00:00:00Z,74510,53380,21146,74526,1.00021473627701
23,Madhya Pradesh,2023-04-01T00:00:00Z,203718,157993,45624,203617,0.999504216613161
24,Gujarat,2023-04-01T00:00:00Z,620995,549172,73968,623140,1.00345413409126
25,Daman and Diu,2023-04-01T00:00:00Z,0,0,,0,
26,Dadra and Nagar Haveli,2023-04-01T00:00:00Z,11569,9463,2117,11580,1.0009508168381
27,Maharashtra,2023-04-01T00:00:00Z,836037,659178,174685,833863,0.997399636618954
29,Karnataka,2023-04-01T00:00:00Z,675549,536439,130851,667290,0.987774387942251
30,Goa,2023-04-01T00:00:00Z,22737,16834,6053,22887,1.0065971764085
31,Lakshadweep,2023-04-01T00:00:00Z,184,127,58,185,1.0054347826087
32,Kerala,2023-04-01T00:00:00Z,277722,217117,58412,275529,0.992103614405773
33,Tamil Nadu,2023-04-01T00:00:00Z,912114,761287,142951,904238,0.991365114448413
34,Puducherry,2023-04-01T00:00:00Z,18445,14555,3666,18221,0.987855787476281
35,Andaman and Nicobar Islands,2023-04-01T00:00:00Z,3455,2297,1151,3448,0.997973950795948
36,Telangana,2023-04-01T00:00:00Z,336228,256701,76449,333150,0.990845497697991
37,Andhra Pradesh,2023-04-01T00:00:00Z,255558,198994,52202,251196,0.982931467612049
38,Ladakh,2023-04-01T00:00:00Z,2214,1599,759,2358,1.0650406504065
97,Other Territory,2023-04-01T00:00:00Z,84,65,3,68,0.80952380952381
1,Jammu and Kashmir,2023-05-01T00:00:00Z,72254,57600,14547,72147,0.998519113128685
2,Himachal Pradesh,2023-05-01T00:00:00Z,46110,37682,8399,46081,0.99937106918239
3,Punjab,2023-05-01T00:00:00Z,170538,143825,24681,168506,0.988084767031395
4,Chandigarh,2023-05-01T00:00:00Z,16836,14405,2385,16790,0.997267759562842
5,Uttarakhand,2023-05-01T00:00:00Z,88261,68869,18168,87037,0.986132040198955
6,Haryana,2023-05-01T00:00:00Z,290906,239596,47628,287224,0.987342990519274
7,Delhi,2023-05-01T00:00:00Z,441093,358385,73936,432321,0.980113037386674
8,Rajasthan,2023-05-01T00:00:00Z,314962,258627,52497,311124,0.987814403007347
9,Uttar Pradesh,2023-05-01T00:00:00Z,943261,769428,163310,932738,0.988844020901956
10,Bihar,2023-05-01T00:00:00Z,285702,216762,60033,276795,0.968824159438856
11,Sikkim,2023-05-01T00:00:00Z,5914,4424,1513,5937,1.00388907676699
12,Arunachal Pradesh,2023-05-01T00:00:00Z,10057,6479,3418,9897,0.984090683106294
13,Nagaland,2023-05-01T00:00:00Z,6265,4532,1747,6279,1.00223463687151
14,Manipur,2023-05-01T00:00:00Z,8763,3352,5101,8453,0.964623987218989
15,Mizoram,2023-05-01T00:00:00Z,5804,4383,1233,5616,0.967608545830462
16,Tripura,2023-05-01T00:00:00Z,18682,15210,3585,18795,1.00604860293331
17,Meghalaya,2023-05-01T00:00:00Z,13884,10628,3260,13888,1.0002881014117
18,Assam,2023-05-01T00:00:00Z,123649,90102,32081,122183,0.988143858826194
19,West Bengal,2023-05-01T00:00:00Z,389922,321793,63065,384858,0.987012787172819
20,Jharkhand,2023-05-01T00:00:00Z,129829,104511,23737,128248,0.987822443367815
21,Odisha,2023-05-01T00:00:00Z,172134,127881,41468,169349,0.983820744303856
22,Chhattisgarh,2023-05-01T00:00:00Z,76671,55646,20050,75696,0.9872833274641
23,Madhya Pradesh,2023-05-01T00:00:00Z,210874,165372,42595,207967,0.986214516725628
24,Gujarat,2023-05-01T00:00:00Z,630476,552312,78010,630322,0.999755740107474
25,Daman and Diu,2023-05-01T00:00:00Z,0,0,,0,
26,Dadra and Nagar Haveli,2023-05-01T00:00:00Z,11660,9469,2135,11604,0.995197255574614
27,Maharashtra,2023-05-01T00:00:00Z,854298,674005,169660,843665,0.987553523477756
29,Karnataka,2023-05-01T00:00:00Z,681828,548665,121290,669955,0.982586517420816
30,Goa,2023-05-01T00:00:00Z,23122,17364,5797,23161,1.00168670530231
31,Lakshadweep,2023-05-01T00:00:00Z,185,131,56,187,1.01081081081081
32,Kerala,2023-05-01T00:00:00Z,279588,220747,56427,277174,0.991365866918466
33,Tamil Nadu,2023-05-01T00:00:00Z,920596,770694,138553,909247,0.987672116759143
34,Puducherry,2023-05-01T00:00:00Z,18615,14675,3650,18325,0.984421165726565
35,Andaman and Nicobar Islands,2023-05-01T00:00:00Z,3541,2331,1140,3471,0.980231573001977
36,Telangana,2023-05-01T00:00:00Z,340996,261613,75488,337101,0.988577578622623
37,Andhra Pradesh,2023-05-01T00:00:00Z,257610,203383,49676,253059,0.982333760335391
38,Ladakh,2023-05-01T00:00:00Z,2377,1693,810,2503,1.05300799326883
97,Other Territory,2023-05-01T00:00:00Z,81,61,7,68,0.839506172839506
1,Jammu and Kashmir,2023-06-01T00:00:00Z,120466,96353,23733,120086,0.996845582986071
2,Himachal Pradesh,2023-06-01T00:00:00Z,102242,84466,17798,102264,1.00021517575947
3,Punjab,2023-06-01T00:00:00Z,344875,289002,54037,343039,0.994676332004349
4,Chandigarh,2023-06-01T00:00:00Z,27790,23287,4522,27809,1.00068369917236
5,Uttarakhand,2023-06-01T00:00:00Z,157146,123401,31897,155298,0.988240235195296
6,Haryana,2023-06-01T00:00:00Z,490131,404254,81075,485329,0.990202619299738
7,Delhi,2023-06-01T00:00:00Z,754668,623970,124593,748563,0.991910349981714
8,Rajasthan,2023-06-01T00:00:00Z,695415,570661,118853,689514,0.99151441944738
9,Uttar Pradesh,2023-06-01T00:00:00Z,1440086,1175058,250808,1425866,0.990125589721725
10,Bihar,2023-06-01T00:00:00Z,479092,374905,93093,467998,0.976843695991584
11,Sikkim,2023-06-01T00:00:00Z,9037,7070,2165,9235,1.02190992586035
12,Arunachal Pradesh,2023-06-01T00:00:00Z,12982,8941,4202,13143,1.01240178708982
13,Nagaland,2023-06-01T00:00:00Z,7537,5554,2008,7562,1.00331696961656
14,Manipur,2023-06-01T00:00:00Z,10654,4932,5480,10412,0.977285526562793
15,Mizoram,2023-06-01T00:00:00Z,6771,5256,1345,6601,0.974892925712598
16,Tripura,2023-06-01T00:00:00Z,25970,21501,4653,26154,1.00708509819022
17,Meghalaya,2023-06-01T00:00:00Z,25920,21161,5044,26205,1.01099537037037
18,Assam,2023-06-01T00:00:00Z,182121,133491,46895,180386,0.990473366607915
19,West Bengal,2023-06-01T00:00:00Z,650891,541073,104283,645356,0.991496272033259
20,Jharkhand,2023-06-01T00:00:00Z,176637,143265,30766,174031,0.985246579142535
21,Odisha,2023-06-01T00:00:00Z,289249,226373,59342,285715,0.98778215309301
22,Chhattisgarh,2023-06-01T00:00:00Z,133745,97867,35529,133396,0.997390556656324
23,Madhya Pradesh,2023-06-01T00:00:00Z,441035,344918,93115,438033,0.99319328397973
24,Gujarat,2023-06-01T00:00:00Z,1032030,901361,130605,1031966,0.999937986298848
25,Daman and Diu,2023-06-01T00:00:00Z,0,0,,0,
26,Dadra and Nagar Haveli,2023-06-01T00:00:00Z,14448,11691,2719,14410,0.997369878183832
27,Maharashtra,2023-06-01T00:00:00Z,1510524,1186998,313296,1500294,0.993227515749502
29,Karnataka,2023-06-01T00:00:00Z,856106,692206,151854,844060,0.985929312491678
30,Goa,2023-06-01T00:00:00Z,35582,26622,9115,35737,1.0043561351245
31,Lakshadweep,2023-06-01T00:00:00Z,225,171,55,226,1.00444444444444
32,Kerala,2023-06-01T00:00:00Z,339205,264859,71711,336570,0.992231836205245
33,Tamil Nadu,2023-06-01T00:00:00Z,1028922,860137,156018,1016155,0.987591867993881
34,Puducherry,2023-06-01T00:00:00Z,20702,16283,4063,20346,0.982803593855666
35,Andaman and Nicobar Islands,2023-06-01T00:00:00Z,4395,2954,1379,4333,0.985893060295791
36,Telangana,2023-06-01T00:00:00Z,408512,316711,87049,403760,0.988367538774871
37,Andhra Pradesh,2023-06-01T00:00:00Z,310366,245272,59405,304677,0.981670028289181
38,Ladakh,2023-06-01T00:00:00Z,6689,4965,1878,6843,1.0230228733742
97,Other Territory,2023-06-01T00:00:00Z,86,68,6,74,0.86046511627907
1,Jammu and Kashmir,2023-07-01T00:00:00Z,70979,55987,15216,71203,1.00315586300173
2,Himachal Pradesh,2023-07-01T00:00:00Z,44890,36437,8602,45039,1.00331922477166
3,Punjab,2023-07-01T00:00:00Z,167705,140142,26925,167067,0.996195700784115
4,Chandigarh,2023-07-01T00:00:00Z,16731,14066,2679,16745,1.00083677006754
5,Uttarakhand,2023-07-01T00:00:00Z,86469,67065,18217,85282,0.98627253697857
6,Haryana,2023-07-01T00:00:00Z,287010,232157,51933,284090,0.989826138462075
7,Delhi,2023-07-01T00:00:00Z,429537,346250,78196,424446,0.988147703224635
8,Rajasthan,2023-07-01T00:00:00Z,305324,248668,55590,304258,0.996508626901259
9,Uttar Pradesh,2023-07-01T00:00:00Z,938677,758668,170009,928677,0.989346708186096
10,Bihar,2023-07-01T00:00:00Z,279649,215044,57270,272314,0.973770691116364
11,Sikkim,2023-07-01T00:00:00Z,5910,4525,1479,6004,1.01590524534687
12,Arunachal Pradesh,2023-07-01T00:00:00Z,9811,6561,3392,9953,1.01447355009683
13,Nagaland,2023-07-01T00:00:00Z,6306,4587,1739,6326,1.00317158261973
14,Manipur,2023-07-01T00:00:00Z,8621,4644,3695,8339,0.967289177589607
15,Mizoram,2023-07-01T00:00:00Z,5821,4316,1403,5719,0.982477237588043
16,Tripura,2023-07-01T00:00:00Z,18895,15323,3674,18997,1.00539825350622
17,Meghalaya,2023-07-01T00:00:00Z,13869,10461,3648,14109,1.0173047804456
18,Assam,2023-07-01T00:00:00Z,122848,88229,33403,121632,0.990101588955457
19,West Bengal,2023-07-01T00:00:00Z,389073,319004,67287,386291,0.992849670884384
20,Jharkhand,2023-07-01T00:00:00Z,129740,104295,24088,128383,0.98954061970094
21,Odisha,2023-07-01T00:00:00Z,169142,130297,37339,167636,0.991096238663372
22,Chhattisgarh,2023-07-01T00:00:00Z,74974,54415,20535,74950,0.999679889028197
23,Madhya Pradesh,2023-07-01T00:00:00Z,206418,161041,43928,204969,0.992980263349127
24,Gujarat,2023-07-01T00:00:00Z,629419,550494,79335,629829,1.00065139438117
25,Daman and Diu,2023-07-01T00:00:00Z,0,0,,0,
26,Dadra and Nagar Haveli,2023-07-01T00:00:00Z,11629,9289,2332,11621,0.999312064665921
27,Maharashtra,2023-07-01T00:00:00Z,845008,662065,178186,840251,0.994370467498533
29,Karnataka,2023-07-01T00:00:00Z,679636,541963,128917,670880,0.987116633021205
30,Goa,2023-07-01T00:00:00Z,22911,17030,6078,23108,1.00859848980839
31,Lakshadweep,2023-07-01T00:00:00Z,185,139,49,188,1.01621621621622
32,Kerala,2023-07-01T00:00:00Z,280405,216873,61634,278507,0.993231219129473
33,Tamil Nadu,2023-07-01T00:00:00Z,924082,756869,156997,913866,0.988944704041416
34,Puducherry,2023-07-01T00:00:00Z,18543,14217,4102,18319,0.987919969799925
35,Andaman and Nicobar Islands,2023-07-01T00:00:00Z,3498,2296,1185,3481,0.99514008004574
36,Telangana,2023-07-01T00:00:00Z,342556,259088,80058,339146,0.99004542323007
37,Andhra Pradesh,2023-07-01T00:00:00Z,257356,200421,53151,253572,0.985296631902889
38,Ladakh,2023-07-01T00:00:00Z,2186,1465,866,2331,1.06633119853614
97,Other Territory,2023-07-01T00:00:00Z,80,61,6,67,0.8375
1,Jammu and Kashmir,2023-08-01T00:00:00Z,73348,58028,14871,72899,0.993878497027867
2,Himachal Pradesh,2023-08-01T00:00:00Z,46425,37204,8753,45957,0.989919224555735
3,Punjab,2023-08-01T00:00:00Z,171864,142458,27515,169973,0.988997113997114
4,Chandigarh,2023-08-01T00:00:00Z,16980,14392,2580,16972,0.999528857479388
5,Uttarakhand,2023-08-01T00:00:00Z,88169,68708,17716,86424,0.980208463292087
6,Haryana,2023-08-01T00:00:00Z,292338,238270,49337,287607,0.98381667795497
7,Delhi,2023-08-01T00:00:00Z,433887,351126,75503,426629,0.983272142285895
8,Rajasthan,2023-08-01T00:00:00Z,316716,254712,55550,310262,0.979622122027305
9,Uttar Pradesh,2023-08-01T00:00:00Z,958009,774571,168349,942920,0.984249626047354
10,Bihar,2023-08-01T00:00:00Z,287758,217420,58703,276123,0.959566719257154
11,Sikkim,2023-08-01T00:00:00Z,6115,4655,1457,6112,0.999509403107114
12,Arunachal Pradesh,2023-08-01T00:00:00Z,10152,6886,3202,10088,0.993695823483058
13,Nagaland,2023-08-01T00:00:00Z,6435,4670,1726,6396,0.993939393939394
14,Manipur,2023-08-01T00:00:00Z,8774,4731,3645,8376,0.954638705265557
15,Mizoram,2023-08-01T00:00:00Z,5925,4667,1123,5790,0.977215189873418
16,Tripura,2023-08-01T00:00:00Z,19436,15553,3700,19253,0.990584482403787
17,Meghalaya,2023-08-01T00:00:00Z,14474,11045,3316,14361,0.992192897609507
18,Assam,2023-08-01T00:00:00Z,125846,88448,34411,122859,0.976264640910319
19,West Bengal,2023-08-01T00:00:00Z,397763,324685,66757,391442,0.98410862749929
20,Jharkhand,2023-08-01T00:00:00Z,131766,105762,23648,129410,0.982119818466069
21,Odisha,2023-08-01T00:00:00Z,174259,129624,41140,170764,0.979943647100006
22,Chhattisgarh,2023-08-01T00:00:00Z,77586,55009,20988,75997,0.979519500940891
23,Madhya Pradesh,2023-08-01T00:00:00Z,212709,163187,45802,208989,0.982511318279904
24,Gujarat,2023-08-01T00:00:00Z,637378,555109,79920,635029,0.996314588831118
25,Daman and Diu,2023-08-01T00:00:00Z,0,0,,0,
26,Dadra and Nagar Haveli,2023-08-01T00:00:00Z,11769,9270,2387,11657,0.990483473532161
27,Maharashtra,2023-08-01T00:00:00Z,865288,662910,186400,849310,0.981534471759692
29,Karnataka,2023-08-01T00:00:00Z,687189,545134,130502,675636,0.983188031240314
30,Goa,2023-08-01T00:00:00Z,23450,17022,6308,23330,0.994882729211087
31,Lakshadweep,2023-08-01T00:00:00Z,190,139,52,191,1.00526315789474
32,Kerala,2023-08-01T00:00:00Z,283529,223158,57213,280371,0.988861809550346
33,Tamil Nadu,2023-08-01T00:00:00Z,929406,771903,145699,917602,0.987299414895105
34,Puducherry,2023-08-01T00:00:00Z,18720,14496,3869,18365,0.981036324786325
35,Andaman and Nicobar Islands,2023-08-01T00:00:00Z,3551,2355,1152,3507,0.987609124190369
36,Telangana,2023-08-01T00:00:00Z,347597,264143,78765,342908,0.986510240307022
37,Andhra Pradesh,2023-08-01T00:00:00Z,260553,200344,55184,255528,0.980714096556171
38,Ladakh,2023-08-01T00:00:00Z,2396,1588,854,2442,1.01919866444073
97,Other Territory,2023-08-01T00:00:00Z,81,62,5,67,0.827160493827161
1,Jammu and Kashmir,2023-09-01T00:00:00Z,123554,98004,25168,123172,0.996908234456189
2,Himachal Pradesh,2023-09-01T00:00:00Z,103964,86885,17111,103996,1.00030779885345
3,Punjab,2023-09-01T00:00:00Z,349048,289469,58316,347785,0.996381586486672
4,Chandigarh,2023-09-01T00:00:00Z,28086,23262,4826,28088,1.00007120985544
5,Uttarakhand,2023-09-01T00:00:00Z,157930,123425,33476,156901,0.993484455138353
6,Haryana,2023-09-01T00:00:00Z,495688,404292,86588,490880,0.9903003502203
7,Delhi,2023-09-01T00:00:00Z,753330,614205,134863,749068,0.994342452842712
8,Rajasthan,2023-09-01T00:00:00Z,703511,567284,130150,697434,0.99136189768177
9,Uttar Pradesh,2023-09-01T00:00:00Z,1463397,1176992,272922,1449914,0.99078650564406
10,Bihar,2023-09-01T00:00:00Z,485015,373186,100906,474092,0.977479047039782
11,Sikkim,2023-09-01T00:00:00Z,9431,7221,2276,9497,1.00699819743399
12,Arunachal Pradesh,2023-09-01T00:00:00Z,13231,9210,4232,13442,1.01594739626634
13,Nagaland,2023-09-01T00:00:00Z,7668,5664,2001,7665,0.999608763693271
14,Manipur,2023-09-01T00:00:00Z,10734,6888,3599,10487,0.976989006893982
15,Mizoram,2023-09-01T00:00:00Z,6940,5348,1427,6775,0.976224783861671
16,Tripura,2023-09-01T00:00:00Z,26661,21597,5144,26741,1.0030006376355
17,Meghalaya,2023-09-01T00:00:00Z,27035,21338,5515,26853,0.993267985944146
18,Assam,2023-09-01T00:00:00Z,184102,132582,49362,181944,0.988278237064236
19,West Bengal,2023-09-01T00:00:00Z,660941,552565,103318,655883,0.992347274567624
20,Jharkhand,2023-09-01T00:00:00Z,178083,143554,32544,176098,0.988853512126368
21,Odisha,2023-09-01T00:00:00Z,293307,227638,62406,290044,0.988875137654403
22,Chhattisgarh,2023-09-01T00:00:00Z,135116,97955,37010,134965,0.998882441753752
23,Madhya Pradesh,2023-09-01T00:00:00Z,446806,347424,97166,444590,0.995040353083889
24,Gujarat,2023-09-01T00:00:00Z,1041984,899855,142180,1042035,1.00004894508937
25,Daman and Diu,2023-09-01T00:00:00Z,0,0,,0,
26,Dadra and Nagar Haveli,2023-09-01T00:00:00Z,14510,11613,2872,14485,0.998277050310131
27,Maharashtra,2023-09-01T00:00:00Z,1522408,1187346,326881,1514227,0.994626276267597
29,Karnataka,2023-09-01T00:00:00Z,863912,690123,162949,853072,0.987452425710026
30,Goa,2023-09-01T00:00:00Z,35915,27137,9078,36215,1.00835305582626
31,Lakshadweep,2023-09-01T00:00:00Z,229,176,55,231,1.00873362445415
32,Kerala,2023-09-01T00:00:00Z,342699,267439,73346,340785,0.994414923883641
33,Tamil Nadu,2023-09-01T00:00:00Z,1036539,859358,165851,1025209,0.989069393433339
34,Puducherry,2023-09-01T00:00:00Z,20718,15953,4348,20301,0.979872574572835
35,Andaman and Nicobar Islands,2023-09-01T00:00:00Z,4429,2983,1390,4373,0.98735606231655
36,Telangana,2023-09-01T00:00:00Z,416340,320300,91714,412014,0.989609453811788
37,Andhra Pradesh,2023-09-01T00:00:00Z,313911,243407,64810,308217,0.981861100757858
38,Ladakh,2023-09-01T00:00:00Z,6920,5103,2022,7125,1.02962427745665
97,Other Territory,2023-09-01T00:00:00Z,87,66,7,73,0.839080459770115
1,Jammu and Kashmir,2023-10-01T00:00:00Z,71950,56948,14957,71905,0.999374565670605
2,Himachal Pradesh,2023-10-01T00:00:00Z,45569,36989,8603,45592,1.00050472909215
3,Punjab,2023-10-01T00:00:00Z,170526,142444,27626,170070,0.997325920973928
4,Chandigarh,2023-10-01T00:00:00Z,17018,14472,2727,17199,1.010635797391
5,Uttarakhand,2023-10-01T00:00:00Z,87312,67332,19444,86776,0.993861095840205
6,Haryana,2023-10-01T00:00:00Z,292071,234918,54847,289765,0.992104659483482
7,Delhi,2023-10-01T00:00:00Z,431686,344178,82158,426336,0.987606732671433
8,Rajasthan,2023-10-01T00:00:00Z,311084,247679,62741,310420,0.99786552828175
9,Uttar Pradesh,2023-10-01T00:00:00Z,959088,756853,194214,951067,0.991636846671004
10,Bihar,2023-10-01T00:00:00Z,283525,202103,74006,276109,0.973843576404197
11,Sikkim,2023-10-01T00:00:00Z,6099,4397,1718,6115,1.00262338088211
12,Arunachal Pradesh,2023-10-01T00:00:00Z,10040,6428,3718,10146,1.0105577689243
13,Nagaland,2023-10-01T00:00:00Z,6422,4625,1783,6408,0.997819993771411
14,Manipur,2023-10-01T00:00:00Z,8589,5342,3042,8384,0.976132262195832
15,Mizoram,2023-10-01T00:00:00Z,6076,4619,1307,5926,0.975312705727452
16,Tripura,2023-10-01T00:00:00Z,19440,15278,4160,19438,0.999897119341564
17,Meghalaya,2023-10-01T00:00:00Z,14053,10721,3301,14022,0.99779406532413
18,Assam,2023-10-01T00:00:00Z,124176,88617,34048,122665,0.987831787140832
19,West Bengal,2023-10-01T00:00:00Z,397417,326204,68027,394231,0.991983231718824
20,Jharkhand,2023-10-01T00:00:00Z,131984,101819,28664,130483,0.988627409382956
21,Odisha,2023-10-01T00:00:00Z,172053,133185,37498,170683,0.992037337332101
22,Chhattisgarh,2023-10-01T00:00:00Z,76230,53599,22273,75872,0.995303686212777
23,Madhya Pradesh,2023-10-01T00:00:00Z,210129,160354,48971,209325,0.99617377896435
24,Gujarat,2023-10-01T00:00:00Z,638215,522882,115802,638684,1.00073486207626
25,Daman and Diu,2023-10-01T00:00:00Z,0,0,,0,
26,Dadra and Nagar Haveli,2023-10-01T00:00:00Z,11749,9182,2541,11723,0.997787045706018
27,Maharashtra,2023-10-01T00:00:00Z,860909,660435,195937,856372,0.994729988883843
29,Karnataka,2023-10-01T00:00:00Z,690763,550567,131413,681980,0.987285074620384
30,Goa,2023-10-01T00:00:00Z,23414,17672,5951,23623,1.00892628342018
31,Lakshadweep,2023-10-01T00:00:00Z,192,136,52,188,0.979166666666667
32,Kerala,2023-10-01T00:00:00Z,284836,222092,60968,283060,0.99376483309694
33,Tamil Nadu,2023-10-01T00:00:00Z,935526,774463,149858,924321,0.988022780767183
34,Puducherry,2023-10-01T00:00:00Z,18665,14564,3813,18377,0.984570050897402
35,Andaman and Nicobar Islands,2023-10-01T00:00:00Z,3560,2373,1168,3541,0.994662921348315
36,Telangana,2023-10-01T00:00:00Z,350469,267772,79245,347017,0.990150341399667
37,Andhra Pradesh,2023-10-01T00:00:00Z,261210,203330,53543,256873,0.983396500899659
38,Ladakh,2023-10-01T00:00:00Z,2260,1548,805,2353,1.04115044247788
97,Other Territory,2023-10-01T00:00:00Z,81,58,8,66,0.814814814814815
1,Jammu and Kashmir,2023-11-01T00:00:00Z,73532,58535,14330,72865,0.990929119295001
2,Himachal Pradesh,2023-11-01T00:00:00Z,46951,38585,7693,46278,0.985665907009435
3,Punjab,2023-11-01T00:00:00Z,174892,147326,24947,172273,0.985025044027171
4,Chandigarh,2023-11-01T00:00:00Z,17260,14856,2423,17279,1.00110081112399
5,Uttarakhand,2023-11-01T00:00:00Z,89337,70940,16813,87753,0.982269384465563
6,Haryana,2023-11-01T00:00:00Z,298411,246094,47260,293354,0.983053573762361
7,Delhi,2023-11-01T00:00:00Z,438911,356581,73350,429931,0.979540271262283
8,Rajasthan,2023-11-01T00:00:00Z,323550,265071,51765,316836,0.979248956884562
9,Uttar Pradesh,2023-11-01T00:00:00Z,980581,797542,165783,963325,0.982402269674815
10,Bihar,2023-11-01T00:00:00Z,295027,224078,57415,281493,0.954126232514312
11,Sikkim,2023-11-01T00:00:00Z,6250,4737,1464,6201,0.99216
12,Arunachal Pradesh,2023-11-01T00:00:00Z,10211,6947,3340,10287,1.00744295367741
13,Nagaland,2023-11-01T00:00:00Z,6508,4869,1586,6455,0.991856177012907
14,Manipur,2023-11-01T00:00:00Z,8660,5602,2839,8441,0.974711316397229
15,Mizoram,2023-11-01T00:00:00Z,6181,4732,1251,5983,0.9679663484873
16,Tripura,2023-11-01T00:00:00Z,19709,15980,3618,19598,0.994368055203207
17,Meghalaya,2023-11-01T00:00:00Z,14372,11084,3060,14144,0.984135819649318
18,Assam,2023-11-01T00:00:00Z,126536,92194,31290,123484,0.975880381867611
19,West Bengal,2023-11-01T00:00:00Z,405895,337795,60703,398498,0.981776075093312
20,Jharkhand,2023-11-01T00:00:00Z,133676,108792,22824,131616,0.98458960471588
21,Odisha,2023-11-01T00:00:00Z,176835,137544,35791,173335,0.980207538100489
22,Chhattisgarh,2023-11-01T00:00:00Z,77611,58314,18398,76712,0.988416590431769
23,Madhya Pradesh,2023-11-01T00:00:00Z,217332,172532,40159,212691,0.978645574512727
24,Gujarat,2023-11-01T00:00:00Z,645318,567153,75085,642238,0.995227159323
25,Daman and Diu,2023-11-01T00:00:00Z,0,0,,1,
26,Dadra and Nagar Haveli,2023-11-01T00:00:00Z,11839,9646,2108,11754,0.992820339555706
27,Maharashtra,2023-11-01T00:00:00Z,879793,704595,161453,866048,0.984377006864115
29,Karnataka,2023-11-01T00:00:00Z,697437,571971,115569,687540,0.985809470962969
30,Goa,2023-11-01T00:00:00Z,23927,18045,5828,23873,0.997743135370084
31,Lakshadweep,2023-11-01T00:00:00Z,193,148,46,194,1.00518134715026
32,Kerala,2023-11-01T00:00:00Z,287465,227867,57240,285107,0.991797262275407
33,Tamil Nadu,2023-11-01T00:00:00Z,940174,786206,142536,928742,0.987840548664396
34,Puducherry,2023-11-01T00:00:00Z,18792,15082,3414,18496,0.984248616432525
35,Andaman and Nicobar Islands,2023-11-01T00:00:00Z,3588,2490,1089,3579,0.997491638795987
36,Telangana,2023-11-01T00:00:00Z,355186,278281,72173,350454,0.986677402825562
37,Andhra Pradesh,2023-11-01T00:00:00Z,264020,210409,48752,259161,0.981596091205212
38,Ladakh,2023-11-01T00:00:00Z,2436,1693,751,2444,1.00328407224959
97,Other Territory,2023-11-01T00:00:00Z,81,63,3,66,0.814814814814815
1,Jammu and Kashmir,2023-12-01T00:00:00Z,125499,103639,21892,125531,1.00025498211141
2,Himachal Pradesh,2023-12-01T00:00:00Z,105644,90714,14946,105660,1.0001514520465
3,Punjab,2023-12-01T00:00:00Z,353589,301910,50558,352468,0.996829652506158
4,Chandigarh,2023-12-01T00:00:00Z,28368,24427,4008,28435,1.00236181613085
5,Uttarakhand,2023-12-01T00:00:00Z,160173,130441,29512,159953,0.998626485112972
6,Haryana,2023-12-01T00:00:00Z,502913,423559,75110,498669,0.991561164654722
7,Delhi,2023-12-01T00:00:00Z,759875,636895,118619,755514,0.994260898174042
8,Rajasthan,2023-12-01T00:00:00Z,714257,599948,112004,711952,0.996772870269385
9,Uttar Pradesh,2023-12-01T00:00:00Z,1490329,1236476,244351,1480827,0.993624226596946
10,Bihar,2023-12-01T00:00:00Z,494059,394788,90477,485265,0.98220050641725
11,Sikkim,2023-12-01T00:00:00Z,9632,7372,2288,9660,1.00290697674419
12,Arunachal Pradesh,2023-12-01T00:00:00Z,13473,9603,4130,13733,1.0192978549692
13,Nagaland,2023-12-01T00:00:00Z,7781,5712,2042,7754,0.996530008996273
14,Manipur,2023-12-01T00:00:00Z,10698,7219,3430,10649,0.995419704617686
15,Mizoram,2023-12-01T00:00:00Z,6974,5406,1457,6863,0.984083739604244
16,Tripura,2023-12-01T00:00:00Z,27081,22194,4960,27154,1.00269561685314
17,Meghalaya,2023-12-01T00:00:00Z,27267,21693,5244,26937,0.987897458466278
18,Assam,2023-12-01T00:00:00Z,184835,136839,46541,183380,0.992128114264073
19,West Bengal,2023-12-01T00:00:00Z,670091,570072,95284,665356,0.992933795559111
20,Jharkhand,2023-12-01T00:00:00Z,179800,149130,29496,178626,0.993470522803115
21,Odisha,2023-12-01T00:00:00Z,297651,238591,57040,295631,0.99321352859557
22,Chhattisgarh,2023-12-01T00:00:00Z,136879,102752,34495,137247,1.00268850590668
23,Madhya Pradesh,2023-12-01T00:00:00Z,453805,359519,92863,452382,0.996864291931557
24,Gujarat,2023-12-01T00:00:00Z,1053133,918586,135145,1053731,1.00056782951441
25,Daman and Diu,2023-12-01T00:00:00Z,1,0,,0,
26,Dadra and Nagar Haveli,2023-12-01T00:00:00Z,14639,11898,2690,14588,0.996516155475101
27,Maharashtra,2023-12-01T00:00:00Z,1539776,1236611,298918,1535529,0.997241806600441
29,Karnataka,2023-12-01T00:00:00Z,873380,717289,149132,866421,0.992032105154686
30,Goa,2023-12-01T00:00:00Z,36551,28314,8647,36961,1.01121720335969
31,Lakshadweep,2023-12-01T00:00:00Z,241,183,58,241,1
32,Kerala,2023-12-01T00:00:00Z,346543,276490,68944,345434,0.996799819935766
33,Tamil Nadu,2023-12-01T00:00:00Z,1046219,871887,164785,1036672,0.990874759491082
34,Puducherry,2023-12-01T00:00:00Z,20796,16318,4212,20530,0.987209078668975
35,Andaman and Nicobar Islands,2023-12-01T00:00:00Z,4449,3117,1342,4459,1.00224769611149
36,Telangana,2023-12-01T00:00:00Z,424208,335236,85240,420476,0.991202428997096
37,Andhra Pradesh,2023-12-01T00:00:00Z,317407,248190,62976,311166,0.980337547691135
38,Ladakh,2023-12-01T00:00:00Z,7143,5632,1681,7313,1.02379952400952
97,Other Territory,2023-12-01T00:00:00Z,87,67,3,70,0.804597701149425
1,Jammu and Kashmir,2024-01-01T00:00:00Z,72481,58372,13874,72246,0.996757771002056
2,Himachal Pradesh,2024-01-01T00:00:00Z,46072,38650,7447,46097,1.00054262892863
3,Punjab,2024-01-01T00:00:00Z,172980,147717,24457,172174,0.995340501792115
4,Chandigarh,2024-01-01T00:00:00Z,17209,14995,2308,17303,1.00546225812075
5,Uttarakhand,2024-01-01T00:00:00Z,88523,71360,17025,88385,0.998441083108345
6,Haryana,2024-01-01T00:00:00Z,298012,247267,47806,295073,0.990137981020898
7,Delhi,2024-01-01T00:00:00Z,437477,362477,69053,431530,0.986406142494348
8,Rajasthan,2024-01-01T00:00:00Z,316308,265332,50707,316039,0.999149563084083
9,Uttar Pradesh,2024-01-01T00:00:00Z,983291,805756,168883,974639,0.991200977126812
10,Bihar,2024-01-01T00:00:00Z,287237,226750,55888,282638,0.983988831522401
11,Sikkim,2024-01-01T00:00:00Z,6297,4603,1614,6217,0.987295537557567
12,Arunachal Pradesh,2024-01-01T00:00:00Z,10213,6983,3387,10370,1.01537256437873
13,Nagaland,2024-01-01T00:00:00Z,6603,4869,1595,6464,0.978948962592761
14,Manipur,2024-01-01T00:00:00Z,8445,5698,2723,8421,0.997158081705151
15,Mizoram,2024-01-01T00:00:00Z,6124,4685,1331,6016,0.982364467668191
16,Tripura,2024-01-01T00:00:00Z,19795,15943,3891,19834,1.00197019449356
17,Meghalaya,2024-01-01T00:00:00Z,14007,10884,3047,13931,0.994574141500678
18,Assam,2024-01-01T00:00:00Z,124975,92540,31129,123669,0.989549909981996
19,West Bengal,2024-01-01T00:00:00Z,405395,341800,60474,402274,0.992301335734284
20,Jharkhand,2024-01-01T00:00:00Z,134089,110492,22405,132897,0.991110381910522
21,Odisha,2024-01-01T00:00:00Z,175428,138146,35827,173973,0.991705999042342
22,Chhattisgarh,2024-01-01T00:00:00Z,76719,58861,17901,76762,1.00056048697194
23,Madhya Pradesh,2024-01-01T00:00:00Z,213428,173225,39954,213179,0.998833330209719
24,Gujarat,2024-01-01T00:00:00Z,647979,580247,69496,649743,1.00272231044525
25,Daman and Diu,2024-01-01T00:00:00Z,1,0,,0,
26,Dadra and Nagar Haveli,2024-01-01T00:00:00Z,11843,9730,2096,11826,0.998564552900448
27,Maharashtra,2024-01-01T00:00:00Z,875330,712837,160278,873115,0.997469525778849
29,Karnataka,2024-01-01T00:00:00Z,700086,577412,116322,693734,0.990926828989581
30,Goa,2024-01-01T00:00:00Z,23833,18593,5514,24107,1.01149666428901
31,Lakshadweep,2024-01-01T00:00:00Z,200,160,39,199,0.995
32,Kerala,2024-01-01T00:00:00Z,288959,227306,59959,287265,0.994137576611215
33,Tamil Nadu,2024-01-01T00:00:00Z,945246,797710,137951,935661,0.989859782532801
34,Puducherry,2024-01-01T00:00:00Z,18829,14915,3657,18572,0.986350841786606
35,Andaman and Nicobar Islands,2024-01-01T00:00:00Z,3616,2581,1049,3630,1.00387168141593
36,Telangana,2024-01-01T00:00:00Z,358114,282115,71862,353977,0.988447812707685
37,Andhra Pradesh,2024-01-01T00:00:00Z,263886,208426,50836,259262,0.982477281856559
38,Ladakh,2024-01-01T00:00:00Z,2225,1717,628,2345,1.05393258426966
97,Other Territory,2024-01-01T00:00:00Z,81,61,5,66,0.814814814814815
1,Jammu and Kashmir,2024-02-01T00:00:00Z,73790,60154,12984,73138,0.991164114378642
2,Himachal Pradesh,2024-02-01T00:00:00Z,47252,39815,7076,46891,0.992360111741302
3,Punjab,2024-02-01T00:00:00Z,177212,150751,23836,174587,0.985187233370201
4,Chandigarh,2024-02-01T00:00:00Z,17487,15092,2331,17423,0.996340138388517
5,Uttarakhand,2024-02-01T00:00:00Z,90782,73581,15976,89557,0.986506135577537
6,Haryana,2024-02-01T00:00:00Z,303376,253578,45328,298906,0.985265808765361
7,Delhi,2024-02-01T00:00:00Z,445887,366665,69572,436237,0.978357745348037
8,Rajasthan,2024-02-01T00:00:00Z,328067,275554,46711,322265,0.982314588178634
9,Uttar Pradesh,2024-02-01T00:00:00Z,1002255,827601,159185,986786,0.984565804111728
10,Bihar,2024-02-01T00:00:00Z,298081,232511,54155,286666,0.961705039905261
11,Sikkim,2024-02-01T00:00:00Z,6366,4608,1626,6234,0.979264844486334
12,Arunachal Pradesh,2024-02-01T00:00:00Z,10449,7298,3183,10481,1.00306249401857
13,Nagaland,2024-02-01T00:00:00Z,6608,4948,1558,6506,0.98456416464891
14,Manipur,2024-02-01T00:00:00Z,8623,5823,2636,8459,0.980981097065986
15,Mizoram,2024-02-01T00:00:00Z,6202,4800,1298,6098,0.983231215736859
16,Tripura,2024-02-01T00:00:00Z,20139,16274,3753,20027,0.994438651372958
17,Meghalaya,2024-02-01T00:00:00Z,14398,11052,2956,14008,0.972912904570079
18,Assam,2024-02-01T00:00:00Z,127493,94281,30371,124652,0.977716423646789
19,West Bengal,2024-02-01T00:00:00Z,412255,347485,58805,406290,0.985530800111582
20,Jharkhand,2024-02-01T00:00:00Z,136058,111463,22728,134191,0.986277910890944
21,Odisha,2024-02-01T00:00:00Z,179593,140228,35556,175784,0.978790932831458
22,Chhattisgarh,2024-02-01T00:00:00Z,78720,59824,18340,78164,0.992936991869919
23,Madhya Pradesh,2024-02-01T00:00:00Z,220509,178242,39091,217333,0.98559695976128
24,Gujarat,2024-02-01T00:00:00Z,657743,592067,65725,657792,1.00007449718203
25,Daman and Diu,2024-02-01T00:00:00Z,1,0,,0,
26,Dadra and Nagar Haveli,2024-02-01T00:00:00Z,11921,9883,1967,11850,0.994044123815116
27,Maharashtra,2024-02-01T00:00:00Z,893595,732267,150951,883218,0.988387356688433
29,Karnataka,2024-02-01T00:00:00Z,708485,585872,112260,698132,0.985387128873582
30,Goa,2024-02-01T00:00:00Z,24292,19106,5235,24341,1.00201712497942
31,Lakshadweep,2024-02-01T00:00:00Z,207,165,38,203,0.980676328502416
32,Kerala,2024-02-01T00:00:00Z,291465,232847,55521,288368,0.989374367419759
33,Tamil Nadu,2024-02-01T00:00:00Z,950318,805805,133377,939182,0.988281817244333
34,Puducherry,2024-02-01T00:00:00Z,18938,15182,3496,18678,0.986270989544831
35,Andaman and Nicobar Islands,2024-02-01T00:00:00Z,3655,2613,1030,3643,0.99671682626539
36,Telangana,2024-02-01T00:00:00Z,361984,286188,70677,356865,0.985858490983027
37,Andhra Pradesh,2024-02-01T00:00:00Z,265781,211688,49236,260924,0.981725556002875
38,Ladakh,2024-02-01T00:00:00Z,2388,1804,602,2406,1.00753768844221
97,Other Territory,2024-02-01T00:00:00Z,80,63,2,65,0.8125
1,Jammu and Kashmir,2024-03-01T00:00:00Z,128129,97200,30374,127574,0.995668427912494
2,Himachal Pradesh,2024-03-01T00:00:00Z,107665,87890,19305,107195,0.995634607346863
3,Punjab,2024-03-01T00:00:00Z,359260,291706,65197,356903,0.993439291877749
4,Chandigarh,2024-03-01T00:00:00Z,28574,23743,4880,28623,1.00171484566389
5,Uttarakhand,2024-03-01T00:00:00Z,163900,123360,38996,162356,0.990579621720561
6,Haryana,2024-03-01T00:00:00Z,511329,414266,91945,506211,0.989990788709422
7,Delhi,2024-03-01T00:00:00Z,770088,623555,137425,760980,0.988172780253685
8,Rajasthan,2024-03-01T00:00:00Z,726752,580052,142568,722620,0.994314429131258
9,Uttar Pradesh,2024-03-01T00:00:00Z,1522890,1179741,326552,1506293,0.989101642272259
10,Bihar,2024-03-01T00:00:00Z,503654,360396,130684,491080,0.975034448252173
11,Sikkim,2024-03-01T00:00:00Z,9853,6635,3137,9772,0.991779153557292
12,Arunachal Pradesh,2024-03-01T00:00:00Z,13925,7827,6274,14101,1.01263913824057
13,Nagaland,2024-03-01T00:00:00Z,7906,5498,2389,7887,0.997596761952947
14,Manipur,2024-03-01T00:00:00Z,11023,6671,4117,10788,0.978680939853035
15,Mizoram,2024-03-01T00:00:00Z,7084,5276,1708,6984,0.985883681535856
16,Tripura,2024-03-01T00:00:00Z,27639,20238,7345,27583,0.99797387749195
17,Meghalaya,2024-03-01T00:00:00Z,27339,20476,6441,26917,0.984564175719668
18,Assam,2024-03-01T00:00:00Z,187636,122553,61818,184371,0.982599287983116
19,West Bengal,2024-03-01T00:00:00Z,680839,548909,126113,675022,0.991456129863301
20,Jharkhand,2024-03-01T00:00:00Z,182623,139477,41431,180908,0.990609068956265
21,Odisha,2024-03-01T00:00:00Z,302258,226619,71931,298550,0.987732334628033
22,Chhattisgarh,2024-03-01T00:00:00Z,140181,91989,47860,139849,0.997631633388262
23,Madhya Pradesh,2024-03-01T00:00:00Z,463937,333202,127155,460357,0.99228343503536
24,Gujarat,2024-03-01T00:00:00Z,1071541,917244,153401,1070645,0.999163821076375
25,Daman and Diu,2024-03-01T00:00:00Z,1,0,,0,
26,Dadra and Nagar Haveli,2024-03-01T00:00:00Z,14735,11744,2939,14683,0.996470987444859
27,Maharashtra,2024-03-01T00:00:00Z,1566403,1191797,363262,1555059,0.992757930111217
29,Karnataka,2024-03-01T00:00:00Z,887779,689835,185197,875032,0.985641696863747
30,Goa,2024-03-01T00:00:00Z,37393,27236,10174,37410,1.00045463054582
31,Lakshadweep,2024-03-01T00:00:00Z,257,188,63,251,0.976653696498054
32,Kerala,2024-03-01T00:00:00Z,351557,263592,84467,348059,0.990049977670762
33,Tamil Nadu,2024-03-01T00:00:00Z,1056723,847976,198221,1046197,0.990039016847367
34,Puducherry,2024-03-01T00:00:00Z,21042,15930,4821,20751,0.986170516110636
35,Andaman and Nicobar Islands,2024-03-01T00:00:00Z,4544,2851,1678,4529,0.996698943661972
36,Telangana,2024-03-01T00:00:00Z,432310,320177,106081,426258,0.98600078647267
37,Andhra Pradesh,2024-03-01T00:00:00Z,319799,234809,79255,314064,0.982066860746907
38,Ladakh,2024-03-01T00:00:00Z,7407,5758,1731,7489,1.01107060888349
97,Other Territory,2024-03-01T00:00:00Z,85,65,4,69,0.811764705882353
1,Jammu and Kashmir,2024-04-01T00:00:00Z,72910,57390,15432,72822,0.998793032505829
2,Himachal Pradesh,2024-04-01T00:00:00Z,46541,38238,8066,46304,0.994907715777487
3,Punjab,2024-04-01T00:00:00Z,177091,148325,27153,175478,0.990891688453959
4,Chandigarh,2024-04-01T00:00:00Z,17545,14992,2577,17569,1.00136791108578
5,Uttarakhand,2024-04-01T00:00:00Z,90468,71310,18334,89644,0.990891807047796
6,Haryana,2024-04-01T00:00:00Z,304551,251146,50489,301635,0.990425248973078
7,Delhi,2024-04-01T00:00:00Z,445678,364915,74296,439211,0.985489523826619
8,Rajasthan,2024-04-01T00:00:00Z,323965,268354,53872,322226,0.994632136187551
9,Uttar Pradesh,2024-04-01T00:00:00Z,998452,805411,182083,987494,0.989025010716589
10,Bihar,2024-04-01T00:00:00Z,291365,221574,62321,283895,0.974362054467764
11,Sikkim,2024-04-01T00:00:00Z,6462,4587,1747,6334,0.980191891055401
12,Arunachal Pradesh,2024-04-01T00:00:00Z,10987,6713,3999,10712,0.974970419586784
13,Nagaland,2024-04-01T00:00:00Z,6756,4871,1741,6612,0.978685612788632
14,Manipur,2024-04-01T00:00:00Z,8808,5625,2945,8570,0.972979109900091
15,Mizoram,2024-04-01T00:00:00Z,6250,4894,1242,6136,0.98176
16,Tripura,2024-04-01T00:00:00Z,20928,15944,4149,20093,0.96010129969419
17,Meghalaya,2024-04-01T00:00:00Z,14082,10716,3250,13966,0.991762533731004
18,Assam,2024-04-01T00:00:00Z,129137,88534,35725,124259,0.962226162912256
19,West Bengal,2024-04-01T00:00:00Z,413342,339845,68976,408821,0.989062326112517
20,Jharkhand,2024-04-01T00:00:00Z,136794,109513,25587,135100,0.987616415924675
21,Odisha,2024-04-01T00:00:00Z,178246,134673,40954,175627,0.985306823154517
22,Chhattisgarh,2024-04-01T00:00:00Z,78665,57385,21367,78752,1.00110595563465
23,Madhya Pradesh,2024-04-01T00:00:00Z,219593,171064,46686,217750,0.991607200593826
24,Gujarat,2024-04-01T00:00:00Z,663412,588449,75463,663912,1.00075367946314
25,Daman and Diu,2024-04-01T00:00:00Z,1,0,,0,
26,Dadra and Nagar Haveli,2024-04-01T00:00:00Z,11992,9690,2202,11892,0.991661107404937
27,Maharashtra,2024-04-01T00:00:00Z,894870,701684,185475,887159,0.991383105926
29,Karnataka,2024-04-01T00:00:00Z,709794,566137,133379,699516,0.98551974234778
30,Goa,2024-04-01T00:00:00Z,24355,18356,6045,24401,1.00188872921371
31,Lakshadweep,2024-04-01T00:00:00Z,209,151,55,206,0.985645933014354
32,Kerala,2024-04-01T00:00:00Z,291948,224729,63755,288484,0.988134873333607
33,Tamil Nadu,2024-04-01T00:00:00Z,952408,791325,151803,943128,0.990256276721741
34,Puducherry,2024-04-01T00:00:00Z,19014,14806,3933,18739,0.985536972756916
35,Andaman and Nicobar Islands,2024-04-01T00:00:00Z,3669,2447,1213,3660,0.997547015535568
36,Telangana,2024-04-01T00:00:00Z,363720,277487,81203,358690,0.986170680743429
37,Andhra Pradesh,2024-04-01T00:00:00Z,266622,205819,56136,261955,0.982495818049523
38,Ladakh,2024-04-01T00:00:00Z,2422,1734,714,2448,1.01073492981007
97,Other Territory,2024-04-01T00:00:00Z,80,60,5,65,0.8125
1,Jammu and Kashmir,2024-05-01T00:00:00Z,74548,58556,15309,73865,0.99083811772281
2,Himachal Pradesh,2024-05-01T00:00:00Z,47616,38997,7941,46938,0.985761088709677
3,Punjab,2024-05-01T00:00:00Z,181172,152826,24979,177805,0.981415450511117
4,Chandigarh,2024-05-01T00:00:00Z,17787,15271,2389,17660,0.992859953898915
5,Uttarakhand,2024-05-01T00:00:00Z,94129,73619,17430,91049,0.967278946977021
6,Haryana,2024-05-01T00:00:00Z,309950,258633,47465,306098,0.987572189062752
7,Delhi,2024-05-01T00:00:00Z,453561,372223,70895,443118,0.976975533610694
8,Rajasthan,2024-05-01T00:00:00Z,333085,279229,49453,328682,0.986781151958209
9,Uttar Pradesh,2024-05-01T00:00:00Z,1018686,829977,170009,999986,0.981643018555276
10,Bihar,2024-05-01T00:00:00Z,301141,235005,52858,287863,0.955907697722994
11,Sikkim,2024-05-01T00:00:00Z,6957,4814,1559,6373,0.916055771165732
12,Arunachal Pradesh,2024-05-01T00:00:00Z,10970,7477,3270,10747,0.979671832269827
13,Nagaland,2024-05-01T00:00:00Z,6770,5092,1594,6686,0.987592319054653
14,Manipur,2024-05-01T00:00:00Z,8878,5907,2771,8678,0.977472403694526
15,Mizoram,2024-05-01T00:00:00Z,6322,5028,1154,6182,0.977855109142676
16,Tripura,2024-05-01T00:00:00Z,20519,16487,3701,20188,0.983868609581364
17,Meghalaya,2024-05-01T00:00:00Z,14494,11267,2952,14219,0.981026631709673
18,Assam,2024-05-01T00:00:00Z,129298,93665,31369,125034,0.967021918359139
19,West Bengal,2024-05-01T00:00:00Z,423216,350053,62874,412927,0.975688537295376
20,Jharkhand,2024-05-01T00:00:00Z,138439,112379,23787,136166,0.983581216275761
21,Odisha,2024-05-01T00:00:00Z,181910,139269,38424,177693,0.976818206805563
22,Chhattisgarh,2024-05-01T00:00:00Z,80911,61692,18606,80298,0.992423774270495
23,Madhya Pradesh,2024-05-01T00:00:00Z,225984,180221,41950,222171,0.98312712404418
24,Gujarat,2024-05-01T00:00:00Z,674602,603223,68312,671535,0.995453615613354
25,Daman and Diu,2024-05-01T00:00:00Z,0,0,,0,
26,Dadra and Nagar Haveli,2024-05-01T00:00:00Z,12014,9890,2035,11925,0.992591976027967
27,Maharashtra,2024-05-01T00:00:00Z,910737,736797,160442,897239,0.985179036318937
29,Karnataka,2024-05-01T00:00:00Z,717455,585595,119386,704981,0.982613543706574
30,Goa,2024-05-01T00:00:00Z,24747,19097,5510,24607,0.994342748615994
31,Lakshadweep,2024-05-01T00:00:00Z,211,153,52,205,0.971563981042654
32,Kerala,2024-05-01T00:00:00Z,293812,231033,58945,289978,0.986950839312213
33,Tamil Nadu,2024-05-01T00:00:00Z,959446,806534,140099,946633,0.986645418293474
34,Puducherry,2024-05-01T00:00:00Z,19101,15172,3712,18884,0.988639338254542
35,Andaman and Nicobar Islands,2024-05-01T00:00:00Z,3731,2547,1146,3693,0.989815062985795
36,Telangana,2024-05-01T00:00:00Z,368428,289719,71599,361318,0.980701792480485
37,Andhra Pradesh,2024-05-01T00:00:00Z,269495,213566,49656,263222,0.976723130299263
38,Ladakh,2024-05-01T00:00:00Z,2553,1843,676,2519,0.986682334508422
97,Other Territory,2024-05-01T00:00:00Z,80,63,2,65,0.8125
1,Jammu and Kashmir,2024-06-01T00:00:00Z,129395,103977,24580,128557,0.993523706480158
2,Himachal Pradesh,2024-06-01T00:00:00Z,108402,90958,16333,107291,0.989751111603107
3,Punjab,2024-06-01T00:00:00Z,363483,304234,55382,359616,0.989361263112718
4,Chandigarh,2024-06-01T00:00:00Z,28677,24289,4302,28591,0.997001081005684
5,Uttarakhand,2024-06-01T00:00:00Z,164995,131965,30967,162932,0.987496590805782
6,Haryana,2024-06-01T00:00:00Z,517862,431749,80460,512209,0.989083964453851
7,Delhi,2024-06-01T00:00:00Z,776551,641984,123626,765610,0.985910777270263
8,Rajasthan,2024-06-01T00:00:00Z,731481,605681,118957,724638,0.990645006500511
9,Uttar Pradesh,2024-06-01T00:00:00Z,1536859,1258969,257644,1516613,0.986826377696327
10,Bihar,2024-06-01T00:00:00Z,505864,407821,85952,493773,0.976098318915756
11,Sikkim,2024-06-01T00:00:00Z,9947,7543,2162,9705,0.97567105659998
12,Arunachal Pradesh,2024-06-01T00:00:00Z,14288,9882,4371,14253,0.99755039193729
13,Nagaland,2024-06-01T00:00:00Z,8074,6087,1893,7980,0.988357691354967
14,Manipur,2024-06-01T00:00:00Z,11255,7806,3239,11045,0.981341625944025
15,Mizoram,2024-06-01T00:00:00Z,7266,5730,1356,7086,0.975227085053675
16,Tripura,2024-06-01T00:00:00Z,27924,22332,5318,27650,0.990187652198825
17,Meghalaya,2024-06-01T00:00:00Z,27473,22115,5034,27149,0.988206602846431
18,Assam,2024-06-01T00:00:00Z,186733,137548,45916,183464,0.982493720981294
19,West Bengal,2024-06-01T00:00:00Z,688530,578163,100726,678889,0.985997705256125
20,Jharkhand,2024-06-01T00:00:00Z,184711,150102,31865,181967,0.98514436064988
21,Odisha,2024-06-01T00:00:00Z,304709,239271,60311,299582,0.983174110380724
22,Chhattisgarh,2024-06-01T00:00:00Z,142260,104537,37338,141875,0.997293687614227
23,Madhya Pradesh,2024-06-01T00:00:00Z,469379,365727,99068,464795,0.990233904797616
24,Gujarat,2024-06-01T00:00:00Z,1077651,947389,128619,1076008,0.99847538767189
25,Daman and Diu,2024-06-01T00:00:00Z,0,0,,0,
26,Dadra and Nagar Haveli,2024-06-01T00:00:00Z,14733,12007,2638,14645,0.994027014185841
27,Maharashtra,2024-06-01T00:00:00Z,1579599,1248826,316084,1564910,0.990700804444672
29,Karnataka,2024-06-01T00:00:00Z,885615,720699,154558,875257,0.988304172806468
30,Goa,2024-06-01T00:00:00Z,37604,28789,8790,37579,0.999335177108818
31,Lakshadweep,2024-06-01T00:00:00Z,253,192,59,251,0.992094861660079
32,Kerala,2024-06-01T00:00:00Z,351809,277038,71054,348092,0.989434607983309
33,Tamil Nadu,2024-06-01T00:00:00Z,1062442,893481,156584,1050065,0.988350422893673
34,Puducherry,2024-06-01T00:00:00Z,21195,16877,4075,20952,0.988535031847134
35,Andaman and Nicobar Islands,2024-06-01T00:00:00Z,4602,3164,1410,4574,0.993915688830943
36,Telangana,2024-06-01T00:00:00Z,437654,343466,85793,429259,0.980818180571867
37,Andhra Pradesh,2024-06-01T00:00:00Z,320759,253922,60090,314012,0.978965516166343
38,Ladakh,2024-06-01T00:00:00Z,7561,5868,1718,7586,1.00330644094696
97,Other Territory,2024-06-01T00:00:00Z,83,66,3,69,0.831325301204819
1,Jammu and Kashmir,2024-07-01T00:00:00Z,72583,58828,13928,72756,1.00238347822493
2,Himachal Pradesh,2024-07-01T00:00:00Z,46539,38268,7943,46211,0.992952147661101
3,Punjab,2024-07-01T00:00:00Z,177513,150120,26621,176741,0.995651022741996
4,Chandigarh,2024-07-01T00:00:00Z,17606,15100,2488,17588,0.998977621265478
5,Uttarakhand,2024-07-01T00:00:00Z,91074,71938,18505,90443,0.99307156817533
6,Haryana,2024-07-01T00:00:00Z,307768,253852,51961,305813,0.993647812638091
7,Delhi,2024-07-01T00:00:00Z,446959,364485,77338,441823,0.988509013130958
8,Rajasthan,2024-07-01T00:00:00Z,324758,267111,56725,323836,0.997160962932399
9,Uttar Pradesh,2024-07-01T00:00:00Z,1011292,818342,182551,1000893,0.989717114344818
10,Bihar,2024-07-01T00:00:00Z,293000,232732,52360,285092,0.97301023890785
11,Sikkim,2024-07-01T00:00:00Z,6587,4901,1513,6414,0.973736146956126
12,Arunachal Pradesh,2024-07-01T00:00:00Z,10910,7498,3444,10942,1.00293308890926
13,Nagaland,2024-07-01T00:00:00Z,6748,5035,1656,6691,0.991553052756372
14,Manipur,2024-07-01T00:00:00Z,8944,6258,2505,8763,0.979762969588551
15,Mizoram,2024-07-01T00:00:00Z,6403,5044,1189,6233,0.973449945338123
16,Tripura,2024-07-01T00:00:00Z,20481,16021,4312,20333,0.992773790342268
17,Meghalaya,2024-07-01T00:00:00Z,14274,10902,3225,14127,0.989701555275326
18,Assam,2024-07-01T00:00:00Z,126872,93223,31183,124406,0.980563087206003
19,West Bengal,2024-07-01T00:00:00Z,417505,348829,64124,412953,0.989097136561239
20,Jharkhand,2024-07-01T00:00:00Z,138323,109962,26220,136182,0.984521735358545
21,Odisha,2024-07-01T00:00:00Z,179361,140387,36821,177208,0.987996275667509
22,Chhattisgarh,2024-07-01T00:00:00Z,79665,59346,20520,79866,1.00252306533609
23,Madhya Pradesh,2024-07-01T00:00:00Z,220673,172249,47120,219369,0.994090804040367
24,Gujarat,2024-07-01T00:00:00Z,670885,592882,79028,671910,1.00152783263898
25,Daman and Diu,2024-07-01T00:00:00Z,0,0,,0,
26,Dadra and Nagar Haveli,2024-07-01T00:00:00Z,12053,9721,2232,11953,0.991703310379159
27,Maharashtra,2024-07-01T00:00:00Z,901122,724296,172316,896612,0.994995128295614
29,Karnataka,2024-07-01T00:00:00Z,713906,582308,122997,705305,0.987952195387068
30,Goa,2024-07-01T00:00:00Z,24596,18978,5692,24670,1.00300861928769
31,Lakshadweep,2024-07-01T00:00:00Z,206,164,47,211,1.02427184466019
32,Kerala,2024-07-01T00:00:00Z,293831,229608,62161,291769,0.992982360608649
33,Tamil Nadu,2024-07-01T00:00:00Z,959218,806890,142742,949632,0.990006442748155
34,Puducherry,2024-07-01T00:00:00Z,19210,15183,3843,19026,0.990421655387819
35,Andaman and Nicobar Islands,2024-07-01T00:00:00Z,3744,2583,1136,3719,0.99332264957265
36,Telangana,2024-07-01T00:00:00Z,368991,283750,79600,363350,0.984712364258207
37,Andhra Pradesh,2024-07-01T00:00:00Z,267358,212052,51200,263252,0.984642314798884
38,Ladakh,2024-07-01T00:00:00Z,2328,1674,680,2354,1.01116838487973
97,Other Territory,2024-07-01T00:00:00Z,65,61,10,71,1.09230769230769
1,Jammu and Kashmir,2024-08-01T00:00:00Z,74384,57957,15329,73286,0.985238761023876
2,Himachal Pradesh,2024-08-01T00:00:00Z,48300,38705,8051,46756,0.968033126293996
3,Punjab,2024-08-01T00:00:00Z,182324,150072,28169,178241,0.977605800662557
4,Chandigarh,2024-08-01T00:00:00Z,17849,15162,2542,17704,0.991876295590789
5,Uttarakhand,2024-08-01T00:00:00Z,93800,72783,18024,90807,0.968091684434968
6,Haryana,2024-08-01T00:00:00Z,314114,257561,50227,307788,0.979860814863394
7,Delhi,2024-08-01T00:00:00Z,453618,369347,71512,440859,0.971872809280055
8,Rajasthan,2024-08-01T00:00:00Z,336053,270886,55539,326425,0.971349757329945
9,Uttar Pradesh,2024-08-01T00:00:00Z,1030498,826318,178552,1004870,0.975130470898536
10,Bihar,2024-08-01T00:00:00Z,302979,228060,57251,285311,0.941685727393648
11,Sikkim,2024-08-01T00:00:00Z,6643,4793,1596,6389,0.961764263134126
12,Arunachal Pradesh,2024-08-01T00:00:00Z,11256,7639,3387,11026,0.979566453447051
13,Nagaland,2024-08-01T00:00:00Z,6876,5166,1558,6724,0.977894124490983
14,Manipur,2024-08-01T00:00:00Z,10422,6077,2767,8844,0.848589522164652
15,Mizoram,2024-08-01T00:00:00Z,6540,5107,1218,6325,0.967125382262997
16,Tripura,2024-08-01T00:00:00Z,20934,16399,4015,20414,0.97516002675074
17,Meghalaya,2024-08-01T00:00:00Z,14651,11313,2949,14262,0.97344891133711
18,Assam,2024-08-01T00:00:00Z,129739,92861,32151,125012,0.963565311895421
19,West Bengal,2024-08-01T00:00:00Z,426115,348665,65842,414507,0.972758527627518
20,Jharkhand,2024-08-01T00:00:00Z,139858,111552,24901,136453,0.975653877504326
21,Odisha,2024-08-01T00:00:00Z,184404,140533,37591,178124,0.965944339602178
22,Chhattisgarh,2024-08-01T00:00:00Z,81657,60017,20484,80501,0.985843222258961
23,Madhya Pradesh,2024-08-01T00:00:00Z,228851,174950,47250,222200,0.970937422165514
24,Gujarat,2024-08-01T00:00:00Z,679851,602785,74987,677772,0.996941976992017
25,Daman and Diu,2024-08-01T00:00:00Z,0,0,,0,
26,Dadra and Nagar Haveli,2024-08-01T00:00:00Z,12107,9861,2090,11951,0.987114892211118
27,Maharashtra,2024-08-01T00:00:00Z,923866,729229,175724,904953,0.979528416458664
29,Karnataka,2024-08-01T00:00:00Z,721933,580623,125586,706209,0.978219585473998
30,Goa,2024-08-01T00:00:00Z,25148,18952,5868,24820,0.98695721329728
31,Lakshadweep,2024-08-01T00:00:00Z,216,163,51,214,0.990740740740741
32,Kerala,2024-08-01T00:00:00Z,297227,227545,65277,292822,0.985179677485558
33,Tamil Nadu,2024-08-01T00:00:00Z,961845,799607,148357,947964,0.985568360806575
34,Puducherry,2024-08-01T00:00:00Z,19384,15025,3987,19012,0.980808914568716
35,Andaman and Nicobar Islands,2024-08-01T00:00:00Z,3795,2635,1099,3734,0.983926218708827
36,Telangana,2024-08-01T00:00:00Z,375659,285499,77407,362906,0.966051658552038
37,Andhra Pradesh,2024-08-01T00:00:00Z,269851,207004,55965,262969,0.974497037253892
38,Ladakh,2024-08-01T00:00:00Z,2515,1710,722,2432,0.966998011928429
97,Other Territory,2024-08-01T00:00:00Z,65,66,10,76,1.16923076923077
1,Jammu and Kashmir,2024-09-01T00:00:00Z,130621,103553,25481,129034,0.987850345656518
2,Himachal Pradesh,2024-09-01T00:00:00Z,109219,90282,17341,107623,0.985387157912085
3,Punjab,2024-09-01T00:00:00Z,365690,301563,59340,360903,0.986909677595778
4,Chandigarh,2024-09-01T00:00:00Z,28890,24153,4555,28708,0.993700242298373
5,Uttarakhand,2024-09-01T00:00:00Z,166352,129443,33686,163129,0.98062542079446
6,Haryana,2024-09-01T00:00:00Z,523203,427777,89570,517347,0.988807403627273
7,Delhi,2024-09-01T00:00:00Z,775718,631688,130718,762406,0.982839124527212
8,Rajasthan,2024-09-01T00:00:00Z,736224,597783,126158,723941,0.983316218976833
9,Uttar Pradesh,2024-09-01T00:00:00Z,1557879,1252430,276130,1528560,0.981180181516023
10,Bihar,2024-09-01T00:00:00Z,514622,393633,98144,491777,0.955608193975384
11,Sikkim,2024-09-01T00:00:00Z,9927,7183,2483,9666,0.973708068902992
12,Arunachal Pradesh,2024-09-01T00:00:00Z,14831,10089,4470,14559,0.981660036410222
13,Nagaland,2024-09-01T00:00:00Z,8219,5985,2080,8065,0.981262927363426
14,Manipur,2024-09-01T00:00:00Z,11673,7672,3467,11139,0.954253405294269
15,Mizoram,2024-09-01T00:00:00Z,7473,5644,1621,7265,0.972166465944065
16,Tripura,2024-09-01T00:00:00Z,28211,21959,5892,27851,0.987239020240332
17,Meghalaya,2024-09-01T00:00:00Z,28023,21889,5345,27234,0.97184455625736
18,Assam,2024-09-01T00:00:00Z,188270,134331,49315,183646,0.975439528336963
19,West Bengal,2024-09-01T00:00:00Z,693825,568065,114178,682243,0.983307029870645
20,Jharkhand,2024-09-01T00:00:00Z,187429,148100,34605,182705,0.974795789338896
21,Odisha,2024-09-01T00:00:00Z,307610,237196,64180,301376,0.979734078866097
22,Chhattisgarh,2024-09-01T00:00:00Z,144167,104637,38607,143244,0.993597702664271
23,Madhya Pradesh,2024-09-01T00:00:00Z,476427,365134,104320,469454,0.985363969716242
24,Gujarat,2024-09-01T00:00:00Z,1091619,952994,135893,1088887,0.997497295301749
25,Daman and Diu,2024-09-01T00:00:00Z,0,0,,0,
26,Dadra and Nagar Haveli,2024-09-01T00:00:00Z,14785,11798,2837,14635,0.989854582346973
27,Maharashtra,2024-09-01T00:00:00Z,1592928,1248289,330474,1578763,0.99110757046144
29,Karnataka,2024-09-01T00:00:00Z,896229,702788,175321,878109,0.979781953049946
30,Goa,2024-09-01T00:00:00Z,38035,28588,9276,37864,0.995504140922834
31,Lakshadweep,2024-09-01T00:00:00Z,266,186,77,263,0.988721804511278
32,Kerala,2024-09-01T00:00:00Z,355500,270551,80006,350557,0.986095639943741
33,Tamil Nadu,2024-09-01T00:00:00Z,1065577,871295,180160,1051455,0.986747086320369
34,Puducherry,2024-09-01T00:00:00Z,21463,16467,4592,21059,0.98117690909938
35,Andaman and Nicobar Islands,2024-09-01T00:00:00Z,4656,3193,1394,4587,0.985180412371134
36,Telangana,2024-09-01T00:00:00Z,443838,333759,97062,430821,0.970671731577738
37,Andhra Pradesh,2024-09-01T00:00:00Z,321990,244407,70515,314922,0.978049007733159
38,Ladakh,2024-09-01T00:00:00Z,7764,5878,1874,7752,0.998454404945904
97,Other Territory,2024-09-01T00:00:00Z,85,78,33,111,1.30588235294118
1,Jammu and Kashmir,2024-10-01T00:00:00Z,72721,58214,13943,72157,0.992244331073555
2,Himachal Pradesh,2024-10-01T00:00:00Z,46763,38369,7878,46247,0.98896563522443
3,Punjab,2024-10-01T00:00:00Z,180670,148377,29073,177450,0.982177450600542
4,Chandigarh,2024-10-01T00:00:00Z,17747,15087,2673,17760,1.00073251817209
5,Uttarakhand,2024-10-01T00:00:00Z,92175,72447,18325,90772,0.984778953078384
6,Haryana,2024-10-01T00:00:00Z,312916,256540,52670,309210,0.988156565979368
7,Delhi,2024-10-01T00:00:00Z,444751,360038,75853,435891,0.98007874068861
8,Rajasthan,2024-10-01T00:00:00Z,328692,269746,55266,325012,0.988804108405437
9,Uttar Pradesh,2024-10-01T00:00:00Z,1025067,823654,187774,1011428,0.986694528260104
10,Bihar,2024-10-01T00:00:00Z,295766,225844,57686,283530,0.958629457070793
11,Sikkim,2024-10-01T00:00:00Z,6546,4685,1607,6292,0.96119767797128
12,Arunachal Pradesh,2024-10-01T00:00:00Z,11222,7643,3318,10961,0.976742113705222
13,Nagaland,2024-10-01T00:00:00Z,6901,5182,1539,6721,0.973916823648747
14,Manipur,2024-10-01T00:00:00Z,9370,4586,4133,8719,0.930522945570971
15,Mizoram,2024-10-01T00:00:00Z,6660,5154,1308,6462,0.97027027027027
16,Tripura,2024-10-01T00:00:00Z,20778,16565,3883,20448,0.984117816921744
17,Meghalaya,2024-10-01T00:00:00Z,14346,11231,2802,14033,0.978182071657605
18,Assam,2024-10-01T00:00:00Z,127800,92686,31607,124293,0.972558685446009
19,West Bengal,2024-10-01T00:00:00Z,421441,343840,70066,413906,0.982120866265978
20,Jharkhand,2024-10-01T00:00:00Z,139419,99995,36675,136670,0.980282457914631
21,Odisha,2024-10-01T00:00:00Z,180656,140326,36903,177229,0.981030245328137
22,Chhattisgarh,2024-10-01T00:00:00Z,80917,60680,20481,81161,1.00301543556978
23,Madhya Pradesh,2024-10-01T00:00:00Z,224544,177084,45329,222413,0.990509655123272
24,Gujarat,2024-10-01T00:00:00Z,681949,598311,84192,682503,1.00081237746518
25,Daman and Diu,2024-10-01T00:00:00Z,0,0,,0,
26,Dadra and Nagar Haveli,2024-10-01T00:00:00Z,12076,9709,2259,11968,0.991056641271944
27,Maharashtra,2024-10-01T00:00:00Z,914936,607226,300701,907927,0.992339354883839
29,Karnataka,2024-10-01T00:00:00Z,721282,575556,130876,706432,0.979411658685507
30,Goa,2024-10-01T00:00:00Z,24962,18913,5974,24887,0.996995433058249
31,Lakshadweep,2024-10-01T00:00:00Z,219,159,62,221,1.00913242009132
32,Kerala,2024-10-01T00:00:00Z,298328,216472,76620,293092,0.982448848247566
33,Tamil Nadu,2024-10-01T00:00:00Z,963364,785343,166836,952179,0.988389642959463
34,Puducherry,2024-10-01T00:00:00Z,19423,14614,4434,19048,0.980692992843536
35,Andaman and Nicobar Islands,2024-10-01T00:00:00Z,3765,2590,1128,3718,0.987516600265604
36,Telangana,2024-10-01T00:00:00Z,373881,283462,80094,363556,0.972384261302393
37,Andhra Pradesh,2024-10-01T00:00:00Z,270238,209261,55846,265107,0.981013032956135
38,Ladakh,2024-10-01T00:00:00Z,2401,1674,720,2394,0.997084548104956
97,Other Territory,2024-10-01T00:00:00Z,89,75,41,116,1.30337078651685
1,Jammu and Kashmir,2024-11-01T00:00:00Z,75395,60685,12371,73056,0.968976722594337
2,Himachal Pradesh,2024-11-01T00:00:00Z,48248,39689,6975,46664,0.967169623611341
3,Punjab,2024-11-01T00:00:00Z,177912,152863,24400,177263,0.996352129142497
4,Chandigarh,2024-11-01T00:00:00Z,17458,15307,2443,17750,1.01672585634093
5,Uttarakhand,2024-11-01T00:00:00Z,92508,75583,16342,91925,0.99369784234877
6,Haryana,2024-11-01T00:00:00Z,301692,265313,46208,311521,1.03257958447688
7,Delhi,2024-11-01T00:00:00Z,446623,369407,65816,435223,0.97447511659722
8,Rajasthan,2024-11-01T00:00:00Z,328715,281606,48296,329902,1.00361103083218
9,Uttar Pradesh,2024-11-01T00:00:00Z,1002813,863431,158442,1021873,1.01900653461812
10,Bihar,2024-11-01T00:00:00Z,306317,236575,49434,286009,0.933702667498049
11,Sikkim,2024-11-01T00:00:00Z,6879,4922,1401,6323,0.919174298589911
12,Arunachal Pradesh,2024-11-01T00:00:00Z,11070,8025,3009,11034,0.996747967479675
13,Nagaland,2024-11-01T00:00:00Z,6881,5229,1499,6728,0.977764859758756
14,Manipur,2024-11-01T00:00:00Z,10330,6403,2287,8690,0.841239109390126
15,Mizoram,2024-11-01T00:00:00Z,6362,5263,1209,6472,1.01729016032694
16,Tripura,2024-11-01T00:00:00Z,20633,16795,3770,20565,0.996704308631803
17,Meghalaya,2024-11-01T00:00:00Z,14998,11443,2657,14100,0.940125350046673
18,Assam,2024-11-01T00:00:00Z,132952,96834,27616,124450,0.936052109031831
19,West Bengal,2024-11-01T00:00:00Z,413376,359231,57685,416916,1.0085636321412
20,Jharkhand,2024-11-01T00:00:00Z,136643,115506,21926,137432,1.00577417064906
21,Odisha,2024-11-01T00:00:00Z,181318,147221,32112,179333,0.989052383105924
22,Chhattisgarh,2024-11-01T00:00:00Z,79924,64690,17486,82176,1.02817676792953
23,Madhya Pradesh,2024-11-01T00:00:00Z,224084,187726,37880,225606,1.00679209582121
24,Gujarat,2024-11-01T00:00:00Z,648655,622925,64609,687534,1.05993787144168
25,Daman and Diu,2024-11-01T00:00:00Z,1,0,,0,
26,Dadra and Nagar Haveli,2024-11-01T00:00:00Z,12008,10117,1881,11998,0.999167221852099
27,Maharashtra,2024-11-01T00:00:00Z,888208,760144,155573,915717,1.03097134905338
29,Karnataka,2024-11-01T00:00:00Z,703942,595747,114097,709844,1.00838421347213
30,Goa,2024-11-01T00:00:00Z,24559,19580,5417,24997,1.01783460238609
31,Lakshadweep,2024-11-01T00:00:00Z,206,166,54,220,1.06796116504854
32,Kerala,2024-11-01T00:00:00Z,293286,227631,64996,292627,0.997753046514324
33,Tamil Nadu,2024-11-01T00:00:00Z,946294,809233,143911,953144,1.00723876511951
34,Puducherry,2024-11-01T00:00:00Z,18832,15152,3886,19038,1.01093882752761
35,Andaman and Nicobar Islands,2024-11-01T00:00:00Z,3653,2657,1063,3720,1.01834108951547
36,Telangana,2024-11-01T00:00:00Z,357723,295468,70070,365538,1.02184651252505
37,Andhra Pradesh,2024-11-01T00:00:00Z,264651,216957,50392,267349,1.01019455811616
38,Ladakh,2024-11-01T00:00:00Z,2567,1875,601,2476,0.96455005843397
97,Other Territory,2024-11-01T00:00:00Z,66,87,52,139,2.10606060606061
1,Jammu and Kashmir,2024-12-01T00:00:00Z,132270,110480,19574,130054,0.98324638995993
2,Himachal Pradesh,2024-12-01T00:00:00Z,110196,94553,13237,107790,0.978166176630731
3,Punjab,2024-12-01T00:00:00Z,363376,307880,49700,357580,0.984049579498921
4,Chandigarh,2024-12-01T00:00:00Z,28933,24647,3903,28550,0.986762520305534
5,Uttarakhand,2024-12-01T00:00:00Z,168400,136042,28262,164304,0.975676959619953
6,Haryana,2024-12-01T00:00:00Z,530087,449039,70657,519696,0.98039755738209
7,Delhi,2024-12-01T00:00:00Z,770483,650339,103682,754021,0.978634181416073
8,Rajasthan,2024-12-01T00:00:00Z,745574,625795,101283,727078,0.975192267970718
9,Uttar Pradesh,2024-12-01T00:00:00Z,1584961,1330409,216216,1546625,0.975812654065305
10,Bihar,2024-12-01T00:00:00Z,519490,417672,75200,492872,0.948761285106547
11,Sikkim,2024-12-01T00:00:00Z,9949,7600,1928,9528,0.957684189365765
12,Arunachal Pradesh,2024-12-01T00:00:00Z,15149,10814,3732,14546,0.960195392435144
13,Nagaland,2024-12-01T00:00:00Z,8297,6175,1786,7961,0.959503434976498
14,Manipur,2024-12-01T00:00:00Z,11727,8412,2548,10960,0.93459537818709
15,Mizoram,2024-12-01T00:00:00Z,7657,5983,1348,7331,0.957424578816769
16,Tripura,2024-12-01T00:00:00Z,28478,23325,4490,27815,0.976718870707213
17,Meghalaya,2024-12-01T00:00:00Z,27948,22473,4503,26976,0.965221124946329
18,Assam,2024-12-01T00:00:00Z,189830,143814,37603,181417,0.955681399146605
19,West Bengal,2024-12-01T00:00:00Z,700018,599936,83880,683816,0.976854880874492
20,Jharkhand,2024-12-01T00:00:00Z,188424,157009,26328,183337,0.97300237761644
21,Odisha,2024-12-01T00:00:00Z,311830,252935,49098,302033,0.968582240323253
22,Chhattisgarh,2024-12-01T00:00:00Z,147023,113955,30206,144161,0.980533657999089
23,Madhya Pradesh,2024-12-01T00:00:00Z,484390,399400,73654,473054,0.9765973698879
24,Gujarat,2024-12-01T00:00:00Z,1107071,996643,105887,1102530,0.995898185391903
25,Daman and Diu,2024-12-01T00:00:00Z,0,0,,0,
26,Dadra and Nagar Haveli,2024-12-01T00:00:00Z,14849,12479,2154,14633,0.985453565896693
27,Maharashtra,2024-12-01T00:00:00Z,1610673,1335220,250053,1585273,0.984230194459086
29,Karnataka,2024-12-01T00:00:00Z,903787,750419,130011,880430,0.974156521392762
30,Goa,2024-12-01T00:00:00Z,38569,30736,7068,37804,0.980165417822604
31,Lakshadweep,2024-12-01T00:00:00Z,282,216,53,269,0.953900709219858
32,Kerala,2024-12-01T00:00:00Z,357015,278197,68558,346755,0.971261711692786
33,Tamil Nadu,2024-12-01T00:00:00Z,1071657,906405,147208,1053613,0.983162523083412
34,Puducherry,2024-12-01T00:00:00Z,21570,17198,3752,20950,0.971256374594344
35,Andaman and Nicobar Islands,2024-12-01T00:00:00Z,4752,3462,1139,4601,0.968223905723906
36,Telangana,2024-12-01T00:00:00Z,447335,360611,71673,432284,0.966354074686756
37,Andhra Pradesh,2024-12-01T00:00:00Z,326184,262137,56850,318987,0.977935766315944
38,Ladakh,2024-12-01T00:00:00Z,7981,6265,1564,7829,0.980954767572986
97,Other Territory,2024-12-01T00:00:00Z,117,119,39,158,1.35042735042735
1,Jammu and Kashmir,2025-01-01T00:00:00Z,73561,32247,40039,72286,0.98266744606517
2,Himachal Pradesh,2025-01-01T00:00:00Z,47206,32612,13392,46004,0.974537135109944
3,Punjab,2025-01-01T00:00:00Z,179534,141738,34356,176094,0.980839283923936
4,Chandigarh,2025-01-01T00:00:00Z,17858,14550,3059,17609,0.986056669279875
5,Uttarakhand,2025-01-01T00:00:00Z,94024,55087,36528,91615,0.974378881987578
6,Haryana,2025-01-01T00:00:00Z,317508,242597,68637,311234,0.980239867971831
7,Delhi,2025-01-01T00:00:00Z,444563,334697,100290,434987,0.978459745862791
8,Rajasthan,2025-01-01T00:00:00Z,334329,240934,86585,327519,0.979630842672936
9,Uttar Pradesh,2025-01-01T00:00:00Z,1051416,543528,482735,1026263,0.976077023747023
10,Bihar,2025-01-01T00:00:00Z,299668,141288,144254,285542,0.952861166357436
11,Sikkim,2025-01-01T00:00:00Z,6437,2801,3295,6096,0.94702501165139
12,Arunachal Pradesh,2025-01-01T00:00:00Z,11422,3282,7576,10858,0.950621607424269
13,Nagaland,2025-01-01T00:00:00Z,6958,2318,4293,6611,0.950129347513653
14,Manipur,2025-01-01T00:00:00Z,9359,2682,5873,8555,0.914093386045518
15,Mizoram,2025-01-01T00:00:00Z,6786,1488,5000,6488,0.956086059534335
16,Tripura,2025-01-01T00:00:00Z,21086,8966,11519,20485,0.97149767618325
17,Meghalaya,2025-01-01T00:00:00Z,14478,4896,8926,13822,0.954689874292029
18,Assam,2025-01-01T00:00:00Z,128733,54661,67863,122524,0.951768388835808
19,West Bengal,2025-01-01T00:00:00Z,428584,256724,160913,417637,0.974457749239356
20,Jharkhand,2025-01-01T00:00:00Z,141887,68791,68267,137058,0.965965874252046
21,Odisha,2025-01-01T00:00:00Z,184055,82344,95303,177647,0.965184319904376
22,Chhattisgarh,2025-01-01T00:00:00Z,81694,48505,32845,81350,0.995789164442921
23,Madhya Pradesh,2025-01-01T00:00:00Z,227629,132627,90709,223336,0.981140364364822
24,Gujarat,2025-01-01T00:00:00Z,697202,608985,86671,695656,0.997782565167627
25,Daman and Diu,2025-01-01T00:00:00Z,0,0,,0,
26,Dadra and Nagar Haveli,2025-01-01T00:00:00Z,12178,10073,1902,11975,0.983330596157005
27,Maharashtra,2025-01-01T00:00:00Z,933166,699194,218092,917286,0.982982663320352
29,Karnataka,2025-01-01T00:00:00Z,732294,456372,252785,709157,0.968404766391641
30,Goa,2025-01-01T00:00:00Z,25488,17028,7598,24626,0.966180163214062
31,Lakshadweep,2025-01-01T00:00:00Z,235,125,99,224,0.953191489361702
32,Kerala,2025-01-01T00:00:00Z,300800,186627,102568,289195,0.96141954787234
33,Tamil Nadu,2025-01-01T00:00:00Z,970535,624418,327719,952137,0.981043445110171
34,Puducherry,2025-01-01T00:00:00Z,19570,10938,7904,18842,0.962800204394481
35,Andaman and Nicobar Islands,2025-01-01T00:00:00Z,3858,1758,1863,3621,0.938569206842924
36,Telangana,2025-01-01T00:00:00Z,379419,207492,156989,364481,0.960629277922297
37,Andhra Pradesh,2025-01-01T00:00:00Z,274208,147489,120570,268059,0.97757541720154
38,Ladakh,2025-01-01T00:00:00Z,2437,982,1377,2359,0.967993434550677
97,Other Territory,2025-01-01T00:00:00Z,148,124,30,154,1.04054054054054
1,Jammu and Kashmir,2025-02-01T00:00:00Z,75582,61965,10377,72342,0.957132650631103
2,Himachal Pradesh,2025-02-01T00:00:00Z,48813,40123,5828,45951,0.941368078175896
3,Punjab,2025-02-01T00:00:00Z,184469,155577,21870,177447,0.961933983487741
4,Chandigarh,2025-02-01T00:00:00Z,18026,15462,1988,17450,0.96804615555309
5,Uttarakhand,2025-02-01T00:00:00Z,96514,78228,13527,91755,0.950691091447873
6,Haryana,2025-02-01T00:00:00Z,324414,271376,39836,311212,0.959305085477199
7,Delhi,2025-02-01T00:00:00Z,453397,376457,57174,433631,0.956404651993727
8,Rajasthan,2025-02-01T00:00:00Z,348862,287985,42317,330302,0.946798447523663
9,Uttar Pradesh,2025-02-01T00:00:00Z,1075670,881276,147660,1028936,0.956553589855625
10,Bihar,2025-02-01T00:00:00Z,313772,241656,43798,285454,0.909749754598881
11,Sikkim,2025-02-01T00:00:00Z,6564,4913,1137,6050,0.92169408897014
12,Arunachal Pradesh,2025-02-01T00:00:00Z,11689,8322,2212,10534,0.901189152194371
13,Nagaland,2025-02-01T00:00:00Z,7049,5306,1189,6495,0.921407291814442
14,Manipur,2025-02-01T00:00:00Z,9570,6309,2038,8347,0.872204806687565
15,Mizoram,2025-02-01T00:00:00Z,7025,5510,930,6440,0.916725978647687
16,Tripura,2025-02-01T00:00:00Z,21405,16832,3566,20398,0.95295491707545
17,Meghalaya,2025-02-01T00:00:00Z,14902,11466,2194,13660,0.916655482485572
18,Assam,2025-02-01T00:00:00Z,132099,98676,22238,120914,0.915328655023884
19,West Bengal,2025-02-01T00:00:00Z,438333,368451,48838,417289,0.951990838015846
20,Jharkhand,2025-02-01T00:00:00Z,143795,116136,20007,136143,0.946785354150005
21,Odisha,2025-02-01T00:00:00Z,188792,147880,29087,176967,0.937364930717403
22,Chhattisgarh,2025-02-01T00:00:00Z,83957,65148,16375,81523,0.971008968876925
23,Madhya Pradesh,2025-02-01T00:00:00Z,234918,188179,36437,224616,0.956146400020433
24,Gujarat,2025-02-01T00:00:00Z,707985,640129,61057,701186,0.990396689195393
25,Daman and Diu,2025-02-01T00:00:00Z,0,0,,0,
26,Dadra and Nagar Haveli,2025-02-01T00:00:00Z,12308,10234,1633,11867,0.964169645758856
27,Maharashtra,2025-02-01T00:00:00Z,952259,784971,130779,915750,0.961660640645035
29,Karnataka,2025-02-01T00:00:00Z,740889,608159,95057,703216,0.949151627301796
30,Goa,2025-02-01T00:00:00Z,25933,20348,3944,24292,0.936721551690896
31,Lakshadweep,2025-02-01T00:00:00Z,242,191,28,219,0.90495867768595
32,Kerala,2025-02-01T00:00:00Z,303731,235237,49697,284934,0.938113001307078
33,Tamil Nadu,2025-02-01T00:00:00Z,973311,828572,119300,947872,0.973863441387183
34,Puducherry,2025-02-01T00:00:00Z,19671,15836,2795,18631,0.9471302933252
35,Andaman and Nicobar Islands,2025-02-01T00:00:00Z,3902,2752,735,3487,0.893644284982061
36,Telangana,2025-02-01T00:00:00Z,384239,303910,56737,360647,0.938600714659366
37,Andhra Pradesh,2025-02-01T00:00:00Z,277741,224395,42955,267350,0.962587446577927
38,Ladakh,2025-02-01T00:00:00Z,2592,1965,420,2385,0.920138888888889
97,Other Territory,2025-02-01T00:00:00Z,170,122,9,131,0.770588235294118
1,Jammu and Kashmir,2025-03-01T00:00:00Z,134150,100467,19464,119931,0.894006708907939
2,Himachal Pradesh,2025-03-01T00:00:00Z,111276,89549,10893,100442,0.902638484489018
3,Punjab,2025-03-01T00:00:00Z,368393,289963,44177,334140,0.907020491703154
4,Chandigarh,2025-03-01T00:00:00Z,29023,23421,2979,26400,0.909623402129346
5,Uttarakhand,2025-03-01T00:00:00Z,171502,130801,20985,151786,0.88503924152488
6,Haryana,2025-03-01T00:00:00Z,538701,428283,56449,484732,0.899816410216428
7,Delhi,2025-03-01T00:00:00Z,780218,625978,78873,704851,0.903402638749683
8,Rajasthan,2025-03-01T00:00:00Z,757181,596414,80750,677164,0.894322493564947
9,Uttar Pradesh,2025-03-01T00:00:00Z,1620029,1255528,202376,1457904,0.899924630978828
10,Bihar,2025-03-01T00:00:00Z,528004,383407,63158,446565,0.845760638176984
11,Sikkim,2025-03-01T00:00:00Z,10109,7024,1394,8418,0.832723315857157
12,Arunachal Pradesh,2025-03-01T00:00:00Z,15725,9445,2264,11709,0.744610492845787
13,Nagaland,2025-03-01T00:00:00Z,8436,5739,1101,6840,0.810810810810811
14,Manipur,2025-03-01T00:00:00Z,11968,7400,1760,9160,0.765374331550802
15,Mizoram,2025-03-01T00:00:00Z,7878,5770,1054,6824,0.866209697892866
16,Tripura,2025-03-01T00:00:00Z,28924,20814,4018,24832,0.858525791730051
17,Meghalaya,2025-03-01T00:00:00Z,28105,21339,2997,24336,0.865895748087529
18,Assam,2025-03-01T00:00:00Z,192460,126406,27094,153500,0.797568325885898
19,West Bengal,2025-03-01T00:00:00Z,711748,567009,68479,635488,0.892855336439302
20,Jharkhand,2025-03-01T00:00:00Z,191754,145310,22022,167332,0.872638901926427
21,Odisha,2025-03-01T00:00:00Z,315967,233707,37432,271139,0.858124424386091
22,Chhattisgarh,2025-03-01T00:00:00Z,148810,98790,28308,127098,0.854095826893354
23,Madhya Pradesh,2025-03-01T00:00:00Z,492680,356936,74062,430998,0.874803117642283
24,Gujarat,2025-03-01T00:00:00Z,1132408,958450,107643,1066093,0.941438951332029
25,Daman and Diu,2025-03-01T00:00:00Z,1,0,,0,
26,Dadra and Nagar Haveli,2025-03-01T00:00:00Z,15013,11640,1699,13339,0.888496636248585
27,Maharashtra,2025-03-01T00:00:00Z,1640364,1244155,197265,1441420,0.878719601259233
29,Karnataka,2025-03-01T00:00:00Z,918028,691026,118560,809586,0.881875062634255
30,Goa,2025-03-01T00:00:00Z,39379,27903,5305,33208,0.843292110007872
31,Lakshadweep,2025-03-01T00:00:00Z,297,208,43,251,0.845117845117845
32,Kerala,2025-03-01T00:00:00Z,361393,247807,62631,310438,0.859003909870972
33,Tamil Nadu,2025-03-01T00:00:00Z,1078355,850827,140225,991052,0.919040575691679
34,Puducherry,2025-03-01T00:00:00Z,21792,16297,2982,19279,0.884682452276065
35,Andaman and Nicobar Islands,2025-03-01T00:00:00Z,4852,2929,819,3748,0.772464962901896
36,Telangana,2025-03-01T00:00:00Z,454173,329463,63620,393083,0.865491783967783
37,Andhra Pradesh,2025-03-01T00:00:00Z,331328,241879,55085,296964,0.896284044813599
38,Ladakh,2025-03-01T00:00:00Z,8179,6449,794,7243,0.885560581978237
97,Other Territory,2025-03-01T00:00:00Z,87,85,8,93,1.06896551724138
